franchise_id,movies
123,The Life & Art of Ernst Ludwig Kirchner → Max Beckmann - Departure → The Life & Times of the Real Robyn Hoode
208,El primer silencio → El primer último día → The Long Night of Imagination → El Primer Cacharro
253,Oma → Les raisins verts → Assassinat d'une Modiste → La SNCF sous l'Occupation
336,Pieniä suuria valheita → El maestro que prometió el mar → Pared con pared
369,Calling E.T. → Life on Earth: Do You Have a Message? Part 1 → A Message to the Stars → Life in Outer Space
400,Gestern ist heute → Die Neumanns - So ist das Leben → Meine Reise in die DDR - 25 Jahre später
478,Alice nel paese delle cartaviglie → Alice → Kacenka a zase ta strasidla → Alice
538,Inspired the 30 Second Song Movie → The Royal Family Alien Lizard People → The Last Grail Hunter → The King of UFOs
541,Ingen tid för kärlek - En film om Johnny Bode → Jätten Från Hallstahammar → I väntan på Jan Myrdals död
553,"Planète chefs, la suite No. 2: Nordine Labiadh - Tunisie → Planète chefs, la suite No. 3: Pierre Siewe - Cameroun → Planète chefs, la suite No. 1: Beatriz González - Mexique"
630,Hungern gegen Wände → Zwischen den Welten → Musikliebe → Eigentlich wollten wir zurückkehren
674,The Lethal Game → Eyes & Ears → The End Games
706,Srpski ekseri → Menzo Menjunjes → Kirn's reconciliation
716,El sepulturero → Jacaranda Season → Sakura Tournament
866,Conversations - An Original Virtual Play → Cycles → Phantom Vengeance
889,Bakonyi juhászasszony → Kulák volt az apám → A Balaton hullámain
941,Succede un quarantotto → Galeazzo Ciano una tragedia fascista → Hitler e Mussolini: Gli anni degli incontri
985,Identitet → Destiny 2019 → Dunjin veo → The Power of Greed
989,The International Sunset Social Club → Crash Course → Pop → Cupid's Arrow
1098,Ein Lächeln im Sturm → Seuls au monde → Je suis un mouchard → La patrouille des sables
1165,Ekstasia → Fantasia 2 → Metamorfosia → Amacabra - The Metempsychosis of Justine S.
1193,A bord du Charles de Gaulle → Iles à vendre → Chirurgiens du coeur la course pour la vie → Des huiles ... pas si végétales → Are U?
1233,Hvor kunde og sælger mødes → Der er brug for Dem → Eventyrrejsen → Eventyr på Mallorca
1300,Fuera de Cobertura → Verdadero o Falso → Destino 2036 → El placer es mío
1341,"Saraghrar 7.349 metres. L'espero de la inquietud → Objectiu: Alpamayo - Una piramide de 6.000 metres al cor dels Andes → Expedicio Catalano-Nepalese al Cho Oyu 8201m, Himalaia-Nepal: La sisena muntanya mes alta del mon"
1476,"Protagonisti, i diritti del '900 → Asuba de su serbatoiu → Tempo vero → Vecchie → Dimmi la verità → Luciana Castellina, comunista → È viva la Torre di Pisa → Michelangelo Pistoletto"
1496,Fairport Convention Rotterdam → Unid biennale Paris → 'T Is Gewoon Leven → Huize Schoonderloo
1612,Die dritte Minute → Michael Berger. Eine Hysterie → Die Dritte Option
1619,CD Leganés vs Real Valladolid CF → CD Leganés vs CD Tenerife → CD Leganés vs CA Osasuna → CD Leganés vs Elche CF → CD Leganés vs Girona FC → CD Leganés vs RCD Espanyol Barcelona → CD Leganés vs Sporting Gijón → CD Leganés vs Rayo Vallecano → CD Leganés vs RCD Espanyol Barcelona → CD Leganés vs Atlético Madrid → CD Leganés vs Celta de Vigo → CD Leganés vs SD Eibar → CD Leganés vs Real Sociedad → CD Leganés vs SD Huesca
1665,Dédé → Les soeurs Hortensia → Une fille à papa
1669,"Prins Albert in het centrum van Kongo → L'arrivée du ministre des Colonies à Banana, Boma et Matadi → De post en de boerderij van Doma"
1705,Roma A.D. 000 → Tunza tunza → Il sibilo lungo della taranta: musiche e poesie sui percorsi del ragno del Salento
1776,Uomini in cerca di Dio → Vacanze a Miami → Cattolici dell'altro mondo → Nelle scarpe degli altri → Le bambine di Calcutta → America al bivio
1822,Rritje → Në portin e Durrësit → Ansambli i Korçës në Kosovë → Bakri ynë
1860,Dos fragmentos/Eva → Las altas presiones → Kauflanders
1908,"Les renaissances du cinéma coréen → Miwa, à la recherche du lézard noir → Des cinemas japonais: Nouveaux territoires"
1944,Don Quijote - Ritter und Burgen - Geschichten aus Spanien → Die Abenteuer des Tiberius von Hadern → Wolter Gernoth - die Nöte des Schauspielerberufs → Blestem
1987,Neskorenyy → Zalizna sotnya → Vladyka Andrey
2000,Vostok n 20 → Amusia → Drapeau Blanc - White Flag
2050,Larysa Kadochnikova. Avtoportret → Prostir → Larysa Kadochnikova. The War
2092,Der Schusterprinz → Fred Roll → Die Huronen
2256,Bring the Sun Home → Citta' delle sirene → Venezia liquida
2292,"The Manners of Downton Abbey → Food 3.0 → Unsung Heroes by Malmö, I Love You: Ali Eftekhari"
2310,¡Alegre voy! → El café de la Marina → Sesenta horas en el cielo → Incertidumbre
2372,Dating of mafia → Ekko af Spøgelser → The Journey of Death → Echo of Ghosts
2395,P45 Live Documentary → Speed Thrill → The Hypnophile → The Universe
2417,Penance → Wastelands → Wastelands → Echoes of Him
2462,Strýcek Bruno → Vodnanoj → Kálmimor: Slepicí Knez → Kamilota
2509,Costa Dogging → Dogging in the sun → Dogging in the sun again
2536,Have A Word: Nashville - Part 2 → Have A Word: The Farm Special → Have A Word: The Red Bull Soapbox Special - Part 1 → Have A Word: The Art Special
2609,Né terra né cielo → Cavallo di Troia → L'Affarista
2649,Countdown → Cenotaph → Woman and the Glacier
2668,McCartney: Now and Then → Our Blood → In Our Blood
2709,Jegomosc Tischner i jego filozofia po góralsku → Wszystkie kobiety Mateusza → Karolina
2716,Le Bataillon des guitaristes → Pierre et l'Emmanuel → Gainsville → Destins Brisés
2742,Crystal Palace vs Liverpool → Crystal Palace vs Middlesbrough → Crystal Palace vs Chelsea
2754,Lucas Debargue - tout à la musique → Les Frères Morozov Mécènes et collectionneurs → Les frères Castro-Balbi
2803,Passport to Oblivion → Up Pompeii → There Used to Be a Me
2821,"Bloso → Nicaragua Betrayed → Guatemala, Lovely Place"
2824,Hedwige → Hoop op Toekomst → Plots hel het werd
2850,Debatik → Kronikë ngjarjesh → Njësiti guerril → Cirku në fshat → Mysafiri
2861,21 Days Later: Mentawais → Into the Sea → I Miss Oromia
3033,Un été surréaliste → Un été à Alger → Un Été Violent
3073,Albert Cossery: entre la violence et la dérision → Lögn i helvete! → Ruda lejt najt → UFOs: Visitors from Inner Space → Live Demo: Benefits of ERP for All Staff
3097,Wild Trip - Les ailes de la Tribu → WildLive Expéditions - Provence → WildLive Expéditions - Guyane → WildLive Expéditions Côte d'Ivoire
3119,Leve de organen → Het nieuwe Soestdijk → Scootmobiel
3124,"Test-Vérek → Zene terápia, a film - Resurse în lucrul terapeutic cu muzica → Északi fény"
3131,Un confine di specchi → Tahrir → Le mura di Bergamo
3154,Uncle Wiggly → Quetschung → Robotopia
3170,A riporterkirály → A piros bugyelláris → Károly bakák
3174,De rode beek → Jos Callaerts → De obool
3183,"Ravnovesie → Ne znam, ne chuh, ne vidyah → Petak vecher"
3185,Anthony Foley: Munsterman → Shane Lowry: Open → The Toughest Summer → Rachael Blackmore: A Grand Year
3208,Ten huize Goetgebuer → Wafelijzers en schietgeweren → Pasen
3218,Peshmerga → Slava Ukraini → Glory to the Heroes
3235,Kihlauskylpylä → Lapatossu ja Vinski olympia-kuumeessa → Sisulla ja sydämellä
3292,Valli Baar → Baskin → Stealing Socialism → Mephistopheles
3312,"The '91 Uprising - The story behind the 1991 Uprising in Iraq → Amelies: The Shi'a of Lebanon → Muharram in the Jungle - Karbala in Calais → Khoja: from Struggle to Conviction → The Abandoned - The Forgotten Orphans of Karbala, Iraq → Imam Hussain Museum - Karbala, Iraq → Ashura in London - A Non Muslim's Experience"
3322,Taikapeli → Kumma juttu → Moevideo
3503,Fortezza Bastiani → God Save the Green → I'm in Love with My Car
3568,Dead Destination → The Witch of the Damned → Dead Destination 2 → Morpheus Mendacious
3573,Travelling Lady → O.T. → Ballett 2
3633,Schranken → Heino Jaeger - Look Before You Kuck → Striche ziehen.
3689,Mojo Working: Jimi Hendrix → Where Was I? → Beat Parade: Viaggio nel mondo dei giovani negli anni sessanta
3711,Auf der Suche nach Pythagoras → Hotel Savoy → Alle für die Mafia
3744,Në shërbim të shëndetit → Djali nga Korea → Ekspozita e arteve figurative → Vajza Pukjane → Odhise Paskali → Qitëset → Muzeu Historik Kombëtar → Nepër ditarët e luftës
3754,A halál villamosa → Börtönfeleségek → Adásunkat megszakítjuk
3786,Working Class → Working Class Ballet → Psychophony
3821,Brighton and Hove Albion vs Liverpool → Brighton and Hove Albion vs Liverpool → Brighton and Hove Albion vs Arsenal
3886,Fotografías de guerra → El renacer → El nuevo comienzo de Scrooge
3924,Paul Suggitt: Surviving Homeless → Eddy: My Universe → Unbreakable: Proud to Be Indian → Kazzy
3933,L'isola dei sordobimbi → L'ora blu → Pentcho
3950,Ispred prve linije → Miris bosiljka → Milica
3974,Le terroriste suisse → Grauholz oder Über die Verteidigung der Heimat → Der Stand der Bauern
4057,Bingo Bastards → LU$T → The Last Immune
4081,Sotto la croce del sud → All'ombra della croce → Sotto la Marea
4118,"Ulysse clandestin ou les dérives identitaires → Rétention de sûreté, une peine infinie → Notre monde"
4284,Tore zur Welt - Der Hafen Shanghai → Böse Onkel → Bagelmania
4339,Das zerbrochene Gesicht → Chip of Eternity → Method Act - Liebe überwindet alles → Hoffnungsfrohe Finsternis → Exhuminus Exum - Draculas Wiederkehr
4371,Rites of Spring → Rites of Spring → Upon My Life!
4600,Vårgårda i Västergötlands hjärta → Coloradofloden → Mats Ljung - Mett i väla → Fridsro → Min vän Elsa → Gammalsvenskby → Bjertorp - Det första seklet → Allan i Flaskhall → Himba - det röda folket
4711,"El Paseo de los Canadienses → La Lista De Porfirio → Siempre fuerte, la historia de Pablo Ráez → Mujeres de Cántico"
4732,I castelli dell'Emilia → Il cammino di una grande amica → Le porte del Duomo di Milano → I tesori della Pilotta
4761,Nadezhda v Sofia → Chasat na nasheto saedinenie → Izvestniyat nepoznat
4783,"Nous, les apprentis → Nous, les intranquilles → Contre toute lumière"
4798,"Pastores da Serra da Estrela → Verde por Fora, Vermelho por Dentro → Herança de Pedra"
4910,Norwich City v Huddersfield Town → Norwich City vs Blackburn Rovers → Norwich City vs Liverpool → Norwich City vs Chelsea
4920,Amère victoire → Quelle que soit la longueur de la nuit → Juste un mouvement
5078,Juventus vs Udinese → Juventus vs Real Madrid → Juventus vs Inter Milan → Juventus vs Roma → Juventus vs Lazio
5158,Building Empire → Raiding the Lost Ark: A Filmumentary → Inside Jaws: A Filmumentary
5175,Ti-Ti Nallen Joulu → Ti-Ti Nallen Joulutohinat → Ti-Ti Nalle Vuodenajat 1 → Ti-Ti Nalle Vuodenajat 2 → Ti-Ti Nallen 30-vuotisjuhlakonsertti → Ti-Ti Nallen Uudenvuoden Jääshow
5180,"Trois jeunes filles → Monsieur X, ange amateur → Jim et Jo détectives"
5277,Catch As Catch Can → Concerning Mr. Martin → I Met a Murderer
5281,Displaced → Displaced → Purgatory
5292,"Veglia nella notte → Addio, figlio mio! → Mai ti scorderò"
5343,Difficult Choice → Ocista → Zosaliet
5430,Dark Matter → The Lorelei → Tales from Pandora's Box Vol. 1 → The Dark Matter → Lorelei
5436,From This Day → Seventh Soldier → Zero Hour
5450,Pixel Theory → Gora Automatikoa → Inversion
5453,Satul ca o icoana → Dumnezeirea la Eminescu → Nadejdea crestina → Craciun in Maramures
5454,Five Easy Pieces → Das Neue Evangelium → Das Neue Normal
5513,Ti aspetto fuori → Vuoto a perdere → The Strength of Love
5565,Circo-Fantazztico → Tibet's Children → Stone of Piece → Lichtblicke - eine Werkphase von Inge Dick → Liebes: Leben → Precious Liebenswert → Gutfeeling
5608,"A Messenger from the Shadows (Notes on Film 06 A/Monologue 01) → A Masque of Madness (Notes on Film 06-B, Monologue 02) → 2551.01"
5612,Kölyköd voltam → Meddö → Szívügyem → Kitüntetetten → A mi kis Európánk
5706,Freccia d'oro → Sempre più difficile → Peppino e la vecchia signora
5812,Montatorja → Kapedani → Fijet që priten
5901,À l'ombre de la République → À l'ombre du Soleil Levant → À l'ombre des hommes de sa vie → À l'ombre de l'abbaye de Clairvaux
6049,La congiura di Vivienne d'Abigdon → La congiura della morte → A Precipizio
6152,AC Milan vs Real Betis Balompié → AC Milan vs Napoli → AC Milan vs Bologna → AC Milan vs Torino → AC Milan vs Atletico Madrid
6154,Doe Maar Dit is Alles → Blessed Are the Strangers → Everybody in the Place: An Incomplete History of Britain 1984-1992
6229,Sexomania → Ipeiros - Arta → Trelli... ki' anypantri
6290,So gefällst Du mir → Brüderlein fein → Die kluge Marianne
6311,Killing for Rachael → Plymouth Serial Killers → Chavleigh → Outcome → Revenge of the Students
6330,La Bella Escondida → La bella gioventù → La bella stagione → La Bella Destata
6349,Els oblidats dels oblidats → The Code → Camí de Marina. Un conte sobre la Voluntat
6374,The Big Match: Wolverhampton Wanderers → The Big Match: South → The Big Match: Leeds United Volume 2 → The Big Match: Sunderland
6393,Achterklap → Doortocht → Hoogspanning
6480,One Direction: All the Way to the Top → British Fashion Awards 2013 → One Direction: Senza Segreti
6546,The Waltons: Meet Mickey Mouse → The Walton Sextuplets Hannah Luci Ruth Sarah Kate and Jenny → Six Little Angels
6575,"Abbaye de Cluny: Église de lumière → Christophe: Olympia 2002 → Ange Leccia: Logical Song → Palmyre (Partie II), arrangement vidéo → Christophe définitivement"
6614,De vraag op het antwoord → Het schaduwrijk → Shadowland → Volharding
6622,Jazzmix in New York → Sculpture Romain de Souza → Quand l'hôpital retient son souffle
6670,Un año en La Luna → Mon Marquès: el combat de la memòria → Un año más
6821,Gli occhi stanchi → Corrispondenze private → Il peggio di noi → Le vite possibili
6924,The Bucuresti Experiment → The Dark Ages → Matthew Mark Luke John → Dark Ages
6952,"Cuori all'assalto - Storia di Raffaele e Cristina → Chi mi ha incontrato, non mi ha visto → My War Is Not Over"
7064,The Unkindness of Ravens → Starve Acre → Morgan M. Morgansen → The Reign of Queen Ginnarra
7069,Huit millions de dot → La douloureuse comédie → Mimi Pinson
7073,Killing Time → Killing Time → Scripted
7095,Huit-cent-sept images → Conversation Piece with Stephen Dwoskin → Self-Made Portrait
7149,La planète perdue → L'atelier de Boris → Les anneaux du serpent
7160,Claudine → L'alibi → Claudine à Paris → Le Dieu du hasard
7214,Københavnerfortolkningen → Das geheimnisvolle Reich der Quanten → Infinite Potential: The Life & Ideas of David Bohm
7217,The Disturbed → Víti í Vestmannaeyjum → Disturbed
7226,Szembesítés → Háború hadüzenet nélkül → Schallaburg üzenete
7257,"Inventing Cuisine: Michel Troisgros → L'amour de son prochain → Renato Berta, Face caméra"
7265,Watching and Waiting → The Ballad of Des & Mo → Saharan Diary
7296,Das kleine Gespenst → Die kleine Zauberflöte → Das kleine Arschloch und der alte Sack - Sterben ist Scheiße
7330,Erich Maria Remarque & Marlene & Paulette → La Macchina Venuta dal Futuro → Samadhi: We Are One
7374,Timor Vacuum → Con el corazón en la boca → SunLight → 2067 → Desde la penumbra
7391,Crete - Naturally: Vritomartis → Palm Springs Naturally → Florida - Naturally
7435,Fan Pio the Weight of Holiness → Le ninfee di Monet - Un incantesimo di acqua e luce → Power of Rome → Borromini e Bernini. Sfida alla perfezione
7446,Memento Mori → Das Strahlungskartell → Memento mori
7478,Kleine Ballerina - Ich lerne Ballett → Magic Babys → Das Anti Cellulite Video → Rückenschmerzen - Nein Danke! → Fit & Jung → Das große Schönheits video
7503,Macau Sem Regresso → Borough Park → 6 Mois 6 jours
7555,Leçon de vie → A comme Adrienne → Histoire de ma vie racontée par mes photographies
7599,Hiske → Playing Men → Oroslan
7602,"Vínculos → Edwin Moses, Finding my place in the world (Japan-Korea) → Music As"
7620,La leçon du gouffre → L'étoile du génie → La lutte pour la vie
7642,Le garçon s'appelait Apache → Le poison: Le crime de Maracon → Fragments du paradis → État de nécessité
7662,Galerie Yves: Millet → Galerie Yves: Degas → Galerie Yves: Delacroix → Galerie Yves: Poussin → Galerie Yves: Braque → Galerie Yves: Vernet
7740,Andre venner → How Are You → Lost & Found
7964,"A birodalom iskolája → A menekülõ egyeten → Magyar Retró → A szovjet levelezõpajtás → Apa, hány éves vagy? → Magyar retró 2 → Az olasz futball magyar mesterei"
8032,The Dates → The Relationship → A Relationship
8045,"Fräulein Taugenichts → Schönheitskonkurrenz → Gott, Mensch und Teufel"
8051,Bella Ciao → Bella Ciao - Per la libertà → Quel dolore non è immobile → COSPLAY
8093,Calcutta. Tutti in piedi → La Pergola: Confessioni di un teatro → Waterworld Music Festival
8117,A 2000 éves férfi → Doktor Halál → Magic
8166,"Maschere - Tv, paure, esorcismi → Via Veneto Set → Anita of Sweden → Concerto Italiano - Storia e Storie dell'Unità d'Italia"
8230,A dedo: Historias de Autostopistas → Kilómetro 0 → Suave é a noite
8328,Kazimir Malevich → Bernhard Heisig → Harald Metzkes → Masters of German Art
8348,Au beau milieu des bois → Au beau milieu des bois 3 → Chronologia Human → Au beau milieu des bois 2
8360,"Moeder, wat zijn we rijk → Zwervers in het land der dromen → Zomercapriolen"
8567,Mine → Restless Dust → Time and Place
8649,Sable Fable → Young and Wild → All Eyes on You → Unberührt: berührt → 30 and Wild
8719,Tutti giù per aria → Fino all'ultima meta → Roma golpe capitale
8742,"Muart → Haus → Guten Morgen, Madam Mona"
8757,Erkki-Sven Tüür: 7 etüüdi piltides → Tõnu Kõrvits. Lageda laulud → Trail Baltic. Väljasõit rohelisse
8814,Swansea City AFC vs Wigan Athletic F.C. → Swansea City vs Everton → Swansea City AFC vs West Ham United Football Club → Swansea City vs Liverpool
9053,Starkiss - Circusmeisjes in India → Historias de Dhallywood → Historias de Lavapiés → Mi ez a cirkusz? → Historias de nuestro cine → El crítico → Circus Siblings
9117,État d'élue → On est là! → Le chant des hommes → Le Chant des fugueurs → Le chant des oubliés
9126,"Noi, Zagor → Black Tape → Italia addio, non tornerò → Noyz Narcos - Dope Boys Alphabet"
9149,Å seile sin egen sjø → Les damnés de la mer → Kapetan i princeza (Captain and the Mermaid)
9178,"Thierry, un Suisse en exil → Véronique Mermoud, comédienne → Benoît Lange, photographe → Thérèse Raquin, histoire d'une tournée → Le Radar tire sa révérence"
9186,Natasha → Natasha → Root of All Evil
9254,Real Sociedad vs Manchester United → Real Sociedad vs Atlético Madrid → Real Sociedad vs Manchester United
9266,Fragments of Isabella → Diary of a Madman → Driftwood → The Road from Kolkata → The Road from Apocalypse
9338,Das Reichsorchester - Die Berliner Philharmoniker und der Nationalsozialismus → El Gusto → A Symphony of Noise → Pol Pot Dancing
9421,Çeta e vogël → Kërcënimi → Kush është Vrasësi
9490,Wadim → Deportation Class → Atomkraft Forever
9596,Rm9 → The Incentive of Heirs → Trance
9724,Rostige Bilder → Die Rennstrecke → Die Legende vom Potsdamer Platz → Die Legende von Shiva und Parvati
9757,"Monument → Armud jäänud, armud tulnud → Monument"
9911,5 vor 12 → SEK Calw → Tatort Calw - Hexensabbat → Herzlos → Mordkommission Calw - Schattenkrieger
9959,Bananera libertad → Die Stimme des Volkes → Kleine frieren auch im Sommer → Geraubte Erde
10093,Mindörökké → Cigányút → Pipacsok → Jövönk koronája múltunkban született → Az élet temploma
10106,Licht-Ton-Tanz → Heureka → Bleibende Werte → Konzert in Muh
10130,The Moon from Below → Hear Their Voices → The dissenters
10166,Le procès d'Oscar Wilde → Je reviendrai comme un enfant → Le procès du chien
10347,Të ruajmë shëndetin → Dritë mbi Shqipëri → Kurora e gjelbër → Gjithmonë fitimtarë → Krah për krah → Letër nga mjeku i Kuçit
10368,Calle de la pietà → Delta Park → The Cat's Smile → Vanitas
10426,"Una granda taula → Joan Rigosta, parli occitan → Lo mèrle e lo gai → Cantar la lenga → Bernat Manciet, un díder de huec → Las mans dins la tèrra → La gorga e l'eishac → La doga e lo camin → Docs d'Aude 2"
10475,Korkedvezmény → Idözített bombáink → A mi kis ügyeink → A mi szerelmeink
10514,"La intrusa → Vaya remojón → Cipriano, bailarín a pesar suyo"
10628,"Capodarco e i giovani: Before the future → Credo in un solo padre → Urlamò, Adorazione"
10671,Tizenhárom kislány mosolyog az égre → Jöjjön elsején! → Vissza az úton
10705,"Le variazioni del signor Quodlibet, film studio in III variazioni → Piano sul pianeta (malgrado tutto, coraggio Francesco!) → Quatre nuits d'un étranger → Les Unwanted de Europa → Wanted → Desert Suite"
10753,"Triana pura y dura → 13. Miguel Poveda → Matilde Coral, acariciando el aire → Historias del Agua → Antonio. Un bailarín español"
10830,Longe da Vista → Prova de Contacto → O Tapete Voador → A Vossa Terra → Escrita Íntima
10874,The Genius of Cavaillé-Coll → Maximum Reger → Bach and Expression
10886,Lisa's Code → Fall Guy → AMCOP: Blatant Denial
10958,L'assassin viendra ce soir → Sursis pour un espion → Le quai du désir
10972,El modelo de virtudes → El bello Arturo → Presentencompanigraf → Poderoso caballero
10981,"L'Infame e suo fratello → Secretum Secretorum - The Celestinian Code → La via dell' angelo - In the sign of the angel → La via del mare → Îles Marquises, le tatouage dans la peau → RACCONTI METAFISICI LECCESI"
10993,Juventus F.C. vs Parma Calcio 1913 → Juventus F.C. vs A.S.Roma → Juventus F.C. - Associazione Calcio Milan
11011,Piglet's Return → Mouseboat Massacre → The Truckman
11057,Salzland Salzburg → Bergseen in Kärnten - Juwel der Alpen → Die Habsburger in Europa - aus dem Dunkel der Zeit
11060,L'Ospite → L'ospite → Fino a farti male
11149,"Il Principe di San Severo → Le cortigiane del Rinascimento → Giordano Bruno → Isabella d'Este, la regista del potere → Beatrice Cenci, una storia maledetta → Artemisia Gentileschi"
11170,Mysterious land → Vostrau Belarus → The Pedagogical Poem → Oswald.The Minsk Mystery.
11228,Die Suppe → Drunk → Life Show
11239,The Doctors the William Hartnell Years → The Doctors the Tom Baker Years → The Doctors Monsters! → The Doctors Villains! → The Doctors the Paul McGann Years → Mindgame Requiem
11288,"Les Frenchmen, les premiers super-héros français → La peau sur les maux → Permaculture en France, un art de vivre pour demain → Ménestrel"
11304,Las huellas que devuelve el mar → Las huellas de Dylan → Las huellas del Sendero
11396,"Paulette Nardal, la fierté d'être négresse → Les choix d'Eda → Presque mort"
11419,"Después de la niebla → Constel·lació Comelade → Cabrera, el infierno de Napoleón"
11466,"Me emrin tënd, Parti → Tri dekada të filmit shqiptar → Nusja → Një natë pa dritë"
11469,Arckép sötét háttérrel → Végzetes esztendök → Törvénytelen muskátli → R. B. Kapitány: Radics Béla emlékére → Scampolo → A kalef (A Moszkva téri galeri)
11562,Göre Gábor bíró úr kalandozásai Budapesten → A lelkiismeret → Pax vobiscum → A dada
11588,Marruecos → Así es Cataluña: La imperial Tarragona (primera parte) → Así es Cataluña: Pueblos y costas de Gerona → Así es Cataluña: Torres del Principado
11590,Bedragaren → Händelser vid Slussen → Familjen Persson i främmande land
11770,African Movie Channel Original Production - Killing Daisy → Rage → African Movie Channel Original Production - The Keeper → African Movie Channel Original Production - Hit List → AMCOP: Samantha
11787,"Kotimaan kasvot → Deutschland von oben → Correspondences Dance & Architecture → Russland von oben → Jacques Blamont, l'action, soeur du rêve → Personal Dream Space → The End of Quiet"
11826,The Captain's Verses → Hal-cy-on → Calling on the Darkness → Acceleration Horology → By Day They Meet with Darkness → Painted Smile
11832,The FA Cup Third Round Cardiff City vs Leeds United → The FA Cup Fifth Round Chelsea vs Norwich City → The FA Cup Third Round Manchester United vs Leeds United → FA Cup Fifth Round Middlesbrough vs Oxford United
11861,Leslie Howard: A Quite Remarkable Life → Horror Icons: Millenium Icons → Horror Icons: The Last of the Horror Icons → Horror Icons: Vincent Price → Horror Icons: Lethal Ladies
11880,Les voyages extraordinaires d'Ella Maillart → Le rêve des enfants du lac Inle → La fabuleuse histoire de la conquête de l'eau
11921,Rock the Biz → Kiezkick & Punkrock → Our Club
11951,Iets in de Regen → Verschnitt → De orionnevel
12029,Enquête sur Abraham → Le mystère Paul → Le mystère de Vanikoro → Le mystère de la stèle maya → Dans le Sillage de Monsieur de Lapérouse Au dela d'un naufrage → Le mystère musical coréen → Le Mystère de la Sainte Lance → Dans le coeur des vivants → Dans le coeur une hirondelle
12111,La festa del Blat → Prueba trágica → Flor del arroyo → Los secretos del mar
12117,Og så er der bal bagefter → Lille spejl → Den kroniske uskyld
12186,Idomeneo → Electric Lady → Real Time
12207,Ants on a Shrimp → Soul → Chef's Diaries: Scotland
12237,Weather House → Izmedju dana i noci → Katharsis → Carturan → Le bonheur des uns...
12332,Fabbrica → The Waiting → Waiting
12335,Svindlerne → Rodando al Destino → Vores krig - en kærlighedshistorie
12414,A Föld szeretöje → Janus → Janus → The lover of the soil
12511,Amosov: Centenary → Nuovo alfabeto umano → Brothers in Arms
12994,Japan in a Day → Vents contraires → La science des colères de la terre
12998,Jock Stein → Jimmy Johnstone → Third Lanark
13017,O musca cu bani → S-a furat o bomba → De-as fi... Harap Alb → Sancta simplicitas
13115,Pupatella → Pupatella → Mamma lontana
13130,Gandhi Drama → Üvegség → Párhuzamos labirintus - Makovecz-Dobai eszmecsere
13143,"Geschichte der Nacht → Transes, Reiter auf dem toten Pferd → Macao oder die Rückseite des Meeres"
13433,La emboscada trágica → La loca del monasterio → Amar es sufrir → Baixant de la Font del Gat → Caramellas
13465,Gediks Zeche → Winterblume → Gott ist ein toter Fisch → Gott ist tot
13535,Stoke City F.C. vs Manchester City F.C. → Stoke City F.C. vs Liverpool Football Club → Stoke City vs Chelsea → Stoke City vs Liverpool
13617,Russenbus/Bus to Russia → Otázky pana Lásky → I Want to See the Manager → I Want to be Weird → I Want You If You Dare → I want to see the morning star
13717,Love You Too → The Truth Will Out → Hacker: Trust No One → The Snuff Tours → Bed Time Horrors
13886,Nestbruch → Die Zeit ist böse → Pi-errotische Beziehungen → Martha Dubronski → Die Zeit des Birkenjungen
13953,Sauvage → Le combat des chefs → Old Boys
13964,Borussia Dortmund vs Real Madrid → Borussia Dortmund vs Atletico Madrid → Borussia Dortmund vs Bayer Leverkusen → Borussia Dortmund vs Sevilla
14117,Toihografies → Mousiki eisagogi → Ta marmara tou Parthenona
14127,Real Fine Tea from Berlin → It Is Not Surprising → Prestcold → Lost Rooms → Other Thoughts 1 → La muerto en Vivo → Up Hill and Down Dale → Madamme Ivonne
14226,"Lambo → Scheme Birds → Polanski, Horowitz. Hometown → Secrets of the Forest"
14454,Inter Milan vs AC Milan → Inter Milan vs Spal → Inter Milan vs AC Milan → Inter Milan vs Atalanta
14482,Frau Mercedes → The Blue Factory → The Drive
14580,"Barbara Pravi, Voilà qui je suis → L'expérience Zola → GEN_"
14614,Kruzifix → Ich wollte leben → Abenteuer eines Traumes
14679,Agapes kai kaimoi → Etsi prodothike i Kypros → To mega dokoumento
14824,Night Sea Journey → Rest in Poetry III → Rest in Poetry IV
14989,West Ham United 250 Goals → West Ham United Football Club vs Fulham F.C. → West Ham United Football Club vs Aston Villa Football Club → West Ham United Football Club vs Arsenal Football Club → West Ham United Football Club vs Liverpool Football Club → West Ham United vs Liverpool → West Ham United vs Tottenham Hotspur → West Ham United vs Liverpool → RB Leipzig vs Atletico Madrid → RB Leipzig vs Liverpool → West Ham United vs Liverpool → West Ham United vs Brentford → West Ham United vs Watford
15059,Barcelona vs Real Valladolid → Barcelona vs Leganes → Barcelona vs Athletic Bilbao
15266,Aufbruch ins Leid - März 1938 → Accompong - Schwarze Rebellen in Jamaica → Wiener Wohnbau Wirklichkeiten
15335,Peace vs Justice → Anton Corbijn Inside Out → Wij & Zij
15396,Ebreju iela → One Dollar (El precio de la vida) → Angels & Dust
15540,Apaföld → Schlafende Hunde → Tündérország: Ferenc útja → Becsúszó szerelem
15791,Il Miracolo Spagnolo → Cuando Hollywood estaba en la Gran Vía → Ángeles con espada
15816,...erst wenn → Anatomie einer Stunde → Südsee
15836,Forgotten Transports to Latvia → Forgotten Transports to Estonia → Zapomenuté transporty do Polska
15914,Ketones: Is It Rocket Fuel? → Train Like A Belgian → The Boys → 20 vs. 1: Filly Edition → The Road Trip → Rough Diamond → Train Like KSI → Hot vs. Cold Mukbang → Calories Challenge: Europe Editon → Sidemen Charity Match 2022 (Sidemen FC VS Youtube Allstars) → Hide and Seek: School Edition → The Big Fat Quiz → Electric Shock Hide & Seek
15937,Sciacca e il suo mare → Per una Europa libera e unita → Il diritto alla felicità
15949,Cipputi Gino → Giulio Andreotti - La politica del cinema → People of Love and Rage
15969,50 días de Mayo: Ensayo para una revolución → Enxaneta → Marina unplugged
15994,Petits Belges → La Belgique martyre → Flup chasseur
16027,"Mister Smith fait l'ouverture → Marie la gaieté → Marie la bohémienne → Marie, la femme au singe → Face aux loups"
16082,Fataal → Chris Vos op weg naar Pychang → Joint Affaire?
16365,"Le noir te va si bien → Les magasins ne réfléchissent pas la nuit → Quand l'amour m'était chanté → Léo Ferré, un homme libre"
16392,Avventure sull'acqua → Okay sceriffo → Uomini della montagna
16393,Racing Through Time - Great Circuits - Nurburgring → Racing Through Time - Great Circuits - Spa → Racing Through Time - John Surtees → Racing Through Time - Stirling Moss → Racing Through Time - History of the Grand Prix → Racing Through Time - Lotus
16400,Ceferistii → Cei mici despre lumea mare → Ionica se caleste → 3 x 3 = ? → Reclamatie
16439,"Solo, de wet van de favela → Het verloren land → De verloren vader → Het verloren talent"
16463,STARFIGHTER → STARFIGHTER III → Galahad
16511,L'ultimo passo del perdono → Il ballo dei pomodori → La promessa
16512,Longing for Peace: A Portrait of Don Tonino Bello → Sandokan - Una storia di camorra → Nilde Iotti
16553,Çeta jonë vullnetare guri i kështjellës së madhe → Burim i madhë kursimesh → Avni Rustemi
16577,Ursula oder das unwerte Leben → Die Selbstzerstörung des Walter Matthias Diggelmann → Flamenco vivo: L'école du flamenco
16752,L'exil et le royaume → La montagne magique → La montagne dans le sang → La montagne aux mille regards
16784,Merseyside derby → Merseyside Derby → Merseyside derby Everton FC vs Liverpool FC
16807,Untitled Edgar Allan Poe Anthology → Book of Shadows → The Howlers
16911,Derrière le paravent → Derrière le Masque → Derrière le soleil
16917,Te pobediha → Svatba → Rositza
17041,Bezkrustni grobove → Shushu-mushu → Izkuplenie
17061,Perché Buddha? → Confessioni di un borgataro → I clandestini del cinema italiano - Omaggio a Gionata Zarantonello
17182,"Bleu marine → Voyage en pays secret → Simenon et les gens d'en face → Haïti, une pensée sauvage"
17195,Che fine hanno fatto gli angeli? → Il diario → Come Castelli di Sabbia → Il diario di Sisifo
17206,Neue Röhren für die Mitte → U-Bahn unterm Sternenhimmel → Baustelle Alexanderplatz - Tücken des Untergrundes
17246,"Vajont, l'immagine dell'orrore → Treccani e Gentile - Il mecenate e il filosofo → Liliana Cavani, una donna nel cinema → Uno sguardo alla Terra"
17270,Obezyana straus i mogila → Semiconductor v1.1 → Sem'yanin
17618,Lockdown → Detention → Coma → Detention
17931,You Are Invited To → You are the Days to Come → GG Turbo
18089,Analyse et commentaires sur Eyes wide shut → Analyse et commentaires sur Barry Lyndon → Analyse et commentaires sur Chinatown → Analyse et commentaires sur La Secrétaire → Analyse et commentaires sur Un Coeur en hiver → Analyse et commentaires sur Au Hasard Balthazar
18099,Le dimore del vento → Tra la via Emilia e Pavana → L'Ultimo Faro → Alla ricerca di Europa → Lampedusa Artica
18148,Északföld → A föbusu → A hagyaték
18217,Swagatam → Falamos de António Campos → Margot
18255,Szabóné → Kis Katalin házassága → Külvárosi legenda → Álmatlan évek → Próbaút
18355,"Pupi Avati, un poeta fuori dal coro → Il bello del cinema italiano → L'altra infanzia → Quarantena Live - The Film"
18422,Back from New York → Back from the Hague → Back from the edge
18429,"Quattro bravi ragazzi → L'amor cortese → Un'incerta grazia → Mio papà, un carabiniere"
18506,Les gaspards → La gueule de l'autre → Bonjour l'angoisse
18602,Hinterland - Eine Vater-Sohn-Geschichte → SeelenSchatten → Ferien im Duett
18796,El Cuento del Limonero → Sueños y pan → El cuento del lobo
18800,"La línea recta → 20.000 pies. Tan cerca, tan lejos → La línea infinita"
18805,Sixties → Cult → To Happiness
19182,One Hope Street → Yesterday → One Hope
19205,"The Titan: Story of Michelangelo → Het humanisme, overwinning van de geest → Regina Caeli"
19259,Parinawa la ghobar → Bîranînen li ser kevirî → El clásico → The Exam
19312,Dragen og elementet af ild → Dragen og elementet vand → Dragen og jordelementet
19342,Wallonie 2084 → Fuyons les monstres → Karminsky-Grad
19413,Em Ensaios com Carlos Mendes → Não Há Nada Como O Realmente → Graça Lobo Dois Pontos → Citizen Jones → Vasco Morgado Apresenta
19427,"www.monde → Paroles de juges, la lutte contre les réseaux criminels → Happiness at Work"
19632,Voci dal silenzio → 1942. Italia in guerra: Russia- la tragedia dell'ARMIR → Voci dal Vajont. 9 ottobre 1963
19715,"I'm from Warsaw, I'm from Prague, I Don't Know Where I'm From... → Crumbs of Diamond → Antigoné"
20105,Gyilkosok → Va a ser que nadie es perfecto → Köntörfalak
20268,Les Petites Mamans - Mamatchki → Les petites mains → Les petites victoires
20393,Wo ist Klara? → Wo ist mein Zelt? → Türkuza → Wo ist Sabrina Sommer?
20500,"Expeditie klein Tibet, Ladakh en Zanskar een laatste shangri-la → Beklimming van de Huascaran: het dagboek van de Vlaamse Andesexpeditie → Quo vadis, Peru? → Himachal Pradesh, kleinood in de Himalaya → Groenland, een menselijke uitdaging"
20558,The Girls of the Village → Cast Adrift → As in the Days of Yore → The Life of Sir Walter Scott
20626,"Márciusi mese → A szív szava → Édes ellenfél → Szakítani nehéz dolog → Szabotázs → Egér a palotában → Egy pofon, egy csók → A látszat csal"
20648,"Sarajevo, l'universale → Sono cosa nostra → As Time Goes by - L'uomo che disegnava sogni → Seydou, il sogno non ha colore"
20678,Fritz lebt - Geheimtäter und Viehlosoph → Mannheim - New York → MPS: Jazzin' the Black Forest
20702,Kaptajn Carlsens kamp for Flying Enterprise → Valg → Kay Fisker
20751,Bayern Munich vs Bayer 04 Leverkusen → Bayern Munich vs Hertha BSC → Bayern Munich vs VfL Wolfsburg → Bayern Munich vs Bayer Leverkusen
20901,Romantika → Ha megjön József → A remény joga
20931,Futbol fanatico → Ultra's van Egypte → City of Two Springs
21060,Miss Blanche → Zomer in Frankrijk → Iedereen is van de Wereld
21304,Por la borda → Amor en off → Mi hijo Arturo
21439,Doctor Who: The Final Adventure → Doctor Who: El Mundo Imperfecto → Doctor Who: Mudlarks
21455,Atalanta B.C. vs Società Sportiva Lazio SpA → Atalanta B.C. vs Unione Sportiva Città di Palermo → Atalanta B.C. - A.C. Milan → Atalanta B.C. - Internazionale Milano
21490,Big Kiss → The Last British Execution → Up All Night → The Ragged Doll
21510,"Sperm Whales, Dealing with the Unexpected → River Jaws: Le silure, l'ogre de nos rivières → The sand eating shark"
21579,Serenissimus und die letzte Jungfrau → Les nuits de Port Said → La dernière valse
21610,The First Offence → A Window in London → The Briggs Family
21624,Dear World → Desert: Who Is the Man? → Gottlos Abendland → Aller Tage Abend
21816,"Kangchenjunga, historia de un superviviente → Buscando a Djeneba → Bartolomé Bermejo. El despertar de un genio"
22196,L'unique aventure de Maître Petit-Pethon → La hurle → Mea culpa
22383,"Das Leben ist keine Autobahn → Das Leben ein Traum → Schnee von Gestern? Von der Skination zum Skigebiet → Das Leben ist schön → Verdammt, wir singen noch!"
22412,Près des cimes → Le gouffre → Irène → La fiancée du disparu → Le méchant homme → Le talion → L'inconnue → L'homme du train 117 → L'affaire de la rue de Lourcine
22682,Vigilante Season → Blake's Descent → Realms
22782,Lettere al vento → Balkan Bazaar → Broken → Broken
22843,Connectés → Together → French Kick
22902,Bastard → Dragoste de marinar → Dragoste la manastire
22926,Després de la generació feliç → Un lloc on caure mort → Magaluf Ghost Town
23125,World of Witchcraft → Alles nur Theater? → Dataland
23285,Bilo jednom u Paracinu → Lokacija → Limunovo drvo
23369,Let's Make a Movie → TransBella 6: T-Girl Taboo 2 → Let's make a mess → The Schoolgirl of Pain (Die Schmerz-Schuelerin) → Scambisti Maturi 3: Meaty Mammas Vol. 1 Mamme in Carne Vol. 1 → The Dream team → Roughed Around → Foreign Policy → College Girls → Secret Desires → Brunettes with skills → Dream Team 2023
23410,"Ljubljansko jutro, benecanski vecer → Kolo: Pesem za Matijo Jamo → Muzej norosti"
23447,"Marcello, una vita dolce → Francesco Nuti... e vengo da lontano → Armando Trovajoli: Cent'anni di musica → Era una volta Roma"
23538,"Universal Techno → Royal de Luxe, retours de Chine → Long Ma, l'esprit du cheval dragon"
23723,E.N.D. The Movie → Mindsurf → Il terrorista nella testa
23860,Il vangelo secondo precario → Il Vangelo secondo Maria → Vinicio Capossela - Nel paese dei Coppoloni → War Is over
23918,"Funeralopolis : A Suburban Portrait → Liverpool Català: boira, sants & rock'n'roll → PositivE"
24066,La danse des Kachinas → La danse du serpent → La danse des hippos → La danse à tout prix
24080,Socialmente pericolosi → Giustizia nel tempo di guerra → Domani torno a casa
24195,Verdwaald in het geheugenpaleis → Zie mij doen → Folkhemmets styvbarn - De icke önskvärda → How to Save a Dead Friend
24253,Milan AC vs Modena FC → AC Parma vs Milan AC → Milan AC vs Chievo Verona
24436,Nick Winter et le professeur Mystère → La première aventure de Lucien → Lucien a le coup de foudre
24512,Trailblazers → Lone Rider → Checkpoint → The Ultra: Pan Celtic Race → Hebrides - Riding the Wild Isles
24530,Weapon → Bullet in a Gun → The Unlock
24585,"Der Wirt, die Kneipe, das Fest → Utbüxen kann keenen: Weglaufen kann keiner → Für nichts und wieder nichts"
24866,La pivellina → Der Glanz des Tages → Mister Universo
24966,Ownership Rules → The Trouble with the F Word → The Trouble with Declan
25467,I fantasmi del Terzo Reich → I fantasmi di San Berillo → The Passengers
25633,Peter Hook & the Light - So This Is Permanent → The Brit Awards Pre-Show 2021 → Richard Hawley: Live at Halifax Piece Hall → New Order - Live at the O2 Arena
25946,"Dyo filoi, dyo zografoi → Oneiro II → Eftheia kai plateia"
26512,Transcontinental a la derive → Power Game → Mine Field
26529,Am an Ghátair → One for the Ditch → One for the River: The Sava Story
26664,A Entrada na Vida → Conversas com Glícínia → Ângelo de Sousa - Tudo o Que Sou Capaz → Nikias Skapinakis: O Teatro Dos Outros
27065,Song for a Landscape of Dreams → Cat Show → Open Land - Meeting John Abercrombie
27445,The Factory → Voyeurs → The Factory → Insecta → The Picture of Dorian Gray → Trafficking → Alice in Terrorland → Pattinson → The Picture of Dorian Gray → Trafficking 2
28375,Antes de a Vida Começar → Apoteose → Gesto
28439,Fratelli d'Italia → Wolf → The Wolf
28623,Scènes de crimes → Cordes Sensibles → Scènes de Crimes
28688,De flyvende djævle → På optagelse med Steven Spielberg → Seth
28727,Phoenix - Fliegt → Loveparade B1 → Platz ist da!
29254,Emerson Lake & Palmer: 40th Anniversary Reunion Concert → Lord of the Dance in 3D → The King and I → Anything Goes
29409,Au-delà de l'Ararat → Au-delà de la colline et la brousse → Vidas menores
29921,Polagana predaja → Prezimiti u Riu → Zabranjeno smijanje
30201,"Strange Case of Dr Jekyll and Mr Hyde → The Strange Case of Dr Jekyll and Mr Hyde → Gweilo (II) → Hildy, My Sister"
31201,Tigrana → I nero-Croce → Il match dei 100.000 dollari → La città di vetro
31233,Sinestesia → Fuori Mira → Becaaria
31760,"Horace Benedict → Tarkos Training → UFE (Unfilmévénement) → L'homme sapin, la femme mésange"
31821,Krigskorrespondenter → Ungdomssynd → Britta fra Bakken
32116,Borges and I → Le centaure et l'animal → Toujours Mort Enfin Vivant → Die Prüfung → Building a Dancer → Les Chevaux Voyageurs
32269,Un'altra storia → Loro della Munnizza → Giuliana Saladino: Come scrive una donna → L'ultima casetta rossa
32583,Gottes Besuch → Heimkehr → Transfer → Transfer
32933,Beograd → Jack Jack → Bijelo Dugme → Crossovers → The Fock n Rollers → A French Epic Tour → Deep Purple - Access All Areas
33062,Filmen om Lina → Som krossat glas i en hårt knuten hand → Svarta dagar & vita nätter
33303,Le complexe du homard → Le complexe de la salamandre → L'esprit des lieux
34995,Rayon 69 → Lijn 6 → Palet reeks
35019,Paris 8 8 8 → The Couchsurfing Film Project → Duften af regn
35830,Adam → Zena s gumenim rukavicama → Adam
36084,Wolf-Hunt → Le cahier noir de Zinaïda Gyppius → Virtuosi de nulle part
36414,"Néma kiáltás → A Napba öltözött leány → Horthy, a kormányzó → Adjátok vissza a hegyeimet → A néma tüntetés → Vadkanvadászat"
36479,"Gaston Lenôtre, gentleman pâtissier → Les maîtres de l'eau → Les Maîtres des Jeux télé"
37026,Vsetky moje deti → Farby piesku → Kapela
37225,La Cordée de Rêve → Sur le fil des 4000 → Berhault → Sur le bout de la langue
37442,Maestros rurales de Asturias → Seliquín - Xentiquina. Una ferramienta pedagóxica al serviciu de la escuela n'Asturies → Llumeres. Mina y vida a la mar
37663,Leçon de théâtre n°6: Ubu ou la diminution de la sexualité chez les jeunes cadres dynamiques → L'état de bonheur... permanent → Isabelle et les 27 voleurs
38351,A Philosopher for All Seasons → The Children of Abraham & Sophie → The Great Book Robbery → The Érpatak Model → Great Book of Ireland
38354,"En los pasillos del congreso → Falsa noticia de fútbol → Francisca, la mujer fatal"
38431,I tehni tou Gianni Pappa → Synantiseis me tin Kiki Dimoula → I tehni tis krisis: I periptosi tou theatrou
38995,Iskanje izgubljene ljubezni → Sanghaj → Belo se pere na devetdeset
39250,80 italian sexy models → Guerilla → Guerilla
40761,One Two → The Marbles → Who Won the War → One in Two
41414,Tessera → Akalyptos → Amore Mio
42551,Pages of Life → Souris d'hôtel → Ceux de demain
46235,Akik utolsónak maradtak → Sorsod sötétlö árnya közt → Búcsú Kemenesaljától → Fél lélegzet
47202,Za nasza i wasza wolnosc → Toast → Pan Dodek → Huta '75
47841,"Above & Beyond - Allphones → Mysteryland → Amsterdam Music Festival → Tiësto Presents: Clublife 500, Live at Ziggodome → Above & Beyond - Group Therapy 300, Mainstage Set → Parookaville"
48531,"Solser en Hesse → Prinsesse Marie til hest → Een rendez-vous op het strand te Oostende → L'inauguration du Palais Colonial de Tervueren → De heilige bloedprocessie → Bohemios → Sønnens hævn → Mallorca → Le départ du Léopoldville pour le Congo → I promessi sposi → Une femme pour deux maris → Matelot → België → O Terremoto de Benavente → Gøngehøvdingen → Bruges et ses canaux → A Cultura do Cacau → In België → Los dos hermanos → Het kasteel van Gaasbeek → Locura de amor → Two of the Boys → Fides → Le roi des parfums → Comportement 'in vitro' des amibocytes de l'anodonte → Cola di Rienzi → Corrida da Rampa → Sumurûn → Hamlet → By Order of Napoleon → Welke Rosen → L'auberge rouge → O Centenário da Guerra Peninsular → Floretta e Patapon → Infusoire holotriche de la famille des philasteridea → Het luchtschip 'Ville-de-Bruxelles', dat op drift was geslagen werd teruggevonden → Gennem kamp til sejr → Erna Valeska → L'ultimo dei Frontignac → La portatrice di pane → Det gamle Købmandshjem → Champagneruset → Reis van de Belgische aediles naar Parijs → Vertrek van de ronde van België → Opfer der Untreue → Il clarino di Tontolini → Mormonens offer → Schuld und Sühne → Mütter, verzaget nicht → De bannelingen → Geächtet → Ihr Jugendfreund → De Longchamp in bloei bij mooi weer kende een groot succes → Sündige Liebe → Den hvide Slavehandels sidste Offer → La figlia perduta → Der Dritte → L'histoire de Minna Claessens → Lorna Doone → De svarta maskerna → Fiskeren og hans Brud → Krwawa dola → El lobo de la sierra → Dødsspring til hest fra cirkuskuplen → La presa di Zuara → Das 6. Gebot → Fürstenliebe → Only a Woman → La voix des cloches → Den kære Afdøde → Zonneslag & Cie → Der wilde Jäger → Dyrekøbt Venskab → Zweierlei Blut → Kun en tigger → Verkannt → Europäisches Sklavenleben → Le due rivali del Trianon → Spodnie jasnie pana → Der Zug des Herzens → Dall'amore al disonore → Amor de bestia → Der Tugendbund (La lega della virtù) → Puppets of Fate → The Lust for Gold → Romani, the Brigand → Le proscrit → L'avvoltoio → Magda → Das Geheimnis von Monte Carlo → Livets baal → La fille du pêcheur → Parsifal → Schwarzes Blut → Erodiade → Herod → I misteri della psiche → Le pont sur l'abîme → Anny - en gatepiges roman → Debito pagato → Den glade løjtnant → Leiria → Concurso Hípico no Porto → The Reigate Squires → La saltarella → En Mesalliance → Wenn die Maske fällt → Le nègre blanc → La pierre philosophe → L'innocente → Vampyrdanserinden → Statistinnen des Lebens → Le diamant noir → Wurmstichig → The Cloister and the Hearth → Laura y sus pretendientes → El Caín moderno → The Road to Ruin → Mater! → Vrijmaking van de Schelde - Herdenkingsstoet → Don Quichotte → Anima perversa → Il club delle maschere nere → The House of Temperley → Den okända → The Heart of a Police Officer → Die Berliner Range → I due sergenti → Le lys d'or → De levende ladder → Fra ruggiti di belve → Weiße Lilien → I diavoli neri → Die Sphinx → Ein Schwur → La Glu → Jone ovvero gli ultimi giorni di Pompei → Sylvi → Gerechtigkeit siegt → Ivanhoe → Seine Kammerjungfer → Die Räuber → L'orrida meta → Giovanna d'Arco → Mephisto - Ein Maskenbild → Juve contre Fantômas → Wer ist Sieger? → De atletiekkampioenschappen van België → The Prodigal Son → ...denn alle Schuld rächt sich auf Erden → Mimosa-san → La grande audacia → Der wankende Glaube → Blodets röst → Les sabots de Madame Favart → La rose du radjah → Le blanc-seing → Gräfin Spinarosa tanzt → Durch Nacht zum Licht → El amigo del alma → Bezoek van de koning van Italië → L'écrin du rajah → Il pane altrui → Lorbeerbaum und Bettelstab → Zwischen Himmel und Erde → Der Ausgestossene → De blijde intrede van de Belgische vorsten in Antwerpen → Du sollst Vater und Mutter ehren! → Das Geheimnis von Chateau Richmond → Negende eeuwfeest van Sint-Guido, gevierd in Anderlecht, op... → Frou-Frou → Der Doppelgänger → Sacco, der Hungerkünstler → Scott's Antarctic Expedition → Halvblod → Der schwarze Diamant → Das Blutgeld → Raum ist in der kleinsten Hütte → Krates → Prinsesse Elena → A dollárkirálynö leánya → The Vicar of Wakefield → Feuchtfröhliche Münchener Briefe → Gerda Gerovius → Das silberne Kreuz → Draußen vor der Tür → Eva → Naar Løvet falder → De ronde van België 1913 → Le baiser de l'empereur → Mater dolorosa → Fiestas en Palafrugell → La belva della mezzanotte → Den kære Familie → Atlantis → L'hallali → In hoc signo vinces (In questo segno vincerai) → ... welche sterben, wenn sie lieben → Die Sünden der Väter → Bianco contro negro → Des Alters erste Spuren → L'enfant de Paris → Wer ist der Täter? → Schwere Stunden → Den kvindelige dæmon → Gränsfolken → Das Teufelsloch → In the Smuggler's Grip → Der Herr des Todes → Le nabab → O Roma o morte → The Fool → L'onore del giudice istruttore → Il masnadiero della Ziria → Strejken → The Brass Bottle → Örház a Kárpátokban → I mariti allegri → Life in Japan → Das Haus ohne Tür → Bademäuschen → O Embarque das Tropas Expedicionárias para Angola e Moçambique → Usuraio e padre → Arbejdet adler → Kleine weiße Sklaven → L'accordo in minore → Deux coups classiques → Fiestas del Coso Blanco en Tarragona → Fior di rupe → Sangue blu → Die Ehe auf Kündigung → Otello → Il debito del passato → Koning Albert krijgt het oorlogskruis → Her Luck in London → Le raid aérien → Heimgekehrt → La malquerida → Detektivens barnepige → Die Firma heiratet → Funérailles du bourgemestre Buls → Sperduti nel buio → La echadora de cartas → Lepain, der Kampf mit dem Meisterdetektiv John Hawks - 2. Teil → Delila → Luchtkastelen → Le roi visite l'exposition d'agriculture au cinquantenaire → L'appuntamento → General von Berning → Le vie dell'amore → Pauline → Vampyre der Großstadt → La tragedia del destino → Uden Fædreland → Durch Pulverdampf und Kugelregen → Die Löwenhochzeit → The Fight for the Great Black Diamond → Das weiße Pferd → I due colombi → Ein Kindesherz → Severo Torelli → Amore e morte a Sorrento → Drei Zeichen am Kreuzweg → Addio felicità! → Il genio della guerra → Pepeniello (Napoli 1820) → Il romanzo di un re → Dalle spiagge sirtiche al Gebel - Tripolitania dopo 3 anni di dominio italiano → Scuola d'eroi → Meir Ezofowicz → L'ultimo dovere → Heilig recht → The Actress' Redemption → L'eterno romanzo → Minister van landbouw woont de opening bij van de tentoonstelling van het runderras in het Jubelpark → Little Lord Fauntleroy → Il principino saltimbanco → Il giornale → Il supplizio dei leoni → Lo spettro vendicatore → È più forte l'amore → Vendetta → Der Hochtourist → Az aranyásó → För fäderneslandet → Rablélek → El león de la sierra → De røvede Kanontegninger → Ein Überfall im Feindesland → La conquista dei diamanti → L'eredità della laguna → L'enfant de la roulotte → Occultismo → The Lure of London → Das geheimnisvolle Zeichen → Smarrito nell'ombra → Das Fischermädchen von Manholm → Zona olivarera → En stærkere magt → La forza dell'amore → Pace, mio Dio!... → Borgkælderens mysterium → I vagabondi → Il treno delle 12.35 → Dissidio di cuori → Die falsche Zaza → The King's Romance → Espiazione → Der Schuß um Mitternacht → En rædsom nat → De kære Nevøer → Il martirio di Juccy → La belle limonadière → Et Læreaar → Il barcaiolo del Danubio → Die Grenzwacht im Osten → Das Rennen ums Leben → The Loss of the Birkenhead → Ein Skandal in der Gesellschaft → Fräulein Leutnant → Le roman d'un mousse → La donna nuda → Il supplizio del silenzio → Exzentrische Launen → Trilby → With the Army of France → The Midnight Wedding → Enoch Arden → Justice → Leben heisst kämpfen → Pigen fra Hidalgo Fyret → L'amazzone mascherata → La maison du baigneur → Weib gegen Weib → Christus → Amleto → L'anniversario → La monella → Diego Corrientes → Tuiskusen kuherruskuukausi → La dénonciatrice → Expressens Mysterium → The Harbour Lights → Niewolnica zmyslów → Ein Sommernachtstraum in unserer Zeit → Au pays de la mort → Wer ist Zwiebelbaum? → Michels eiserne Faust → Az éjszaka rabja → The Incomparable Bellairs → Fantômas contre Fantômas → Detektiv Braun → Colei che tutto soffre → Tragedie dell'anima → L'ultima danza → Fiore reciso → Pimple's Three Weeks (Without the Option) → Und sie fanden sich wieder → Il primo comando → A Will of Her Own → Cento H.P. → Fiorenza mia! → Der Intrigant → Der Kriegsfreiwillige → Honeymoon for Three → L'aventurier → L'ultimo dei Dauriac → Et huskors → Amore e cospirazione → The Ashes of Revenge → Sieg auf der ganzen Linie → Ein verliebter Racker → Under the Red Robe → Csak semmi botrányt! → Die büßende Magdalena → L'ultimo travestimento → The Shulamite → La reginetta delle rose → Il castello di Thornfield → Juvelerernes Skræk → Der rote Faden → La vergine del mare → Alla bajonetta!... → Das Schicksal der Gabriele Stark → Diana, l'affascinatrice → Whoso Is Without Sin → Britons Awake! → Armiamoci e... partite! → Infelice → Jack Tar → L'expiation → Die Verflixten Junggesellen → Cuore di sorella → Cuore e patria → Det gamle fyrtaarn → La vendetta del perdono → The Crimson Triangle → Spøgelsestyven → The Bottle → Triste impegno → Die Einödpfarre → Il bosco sacro → The Hand at the Window → Nella fornace → Der Herr Baron → Die Enterbten → A kölcsönkért csecsemök → Ein echt deutscher Sieg → Das dunkle Schloß → I cavalieri delle tenebre → Das verschwundene Unterseeboot → The King's Outcast → La signora delle camelie → Der Mann ohne Gedächtnis → Der Möblierte Herr → Brother Officers → Die drei Glocken von San Martino → Do Unto Others → Les soeurs ennemies → Veglia d'armi del boy-scout → Alma mater → Das Geheimnis einer Nacht → Het wrak van de Noorzee → Il capestro degli Asburgo → Verso la vittoria → Den Vanærede → Der Eremit → Dämon und Mensch → The Girl Who Took the Wrong Turning → Il cadavere di marmo → Mamma... perdono! → L'onorevole Campodarsego → Tillas Vormund → Alone in London → A San Francisco → The Christian → Mästertjuven → Ein Gruss aus der Tiefe → I cavalieri moderni → I fratelli delle tenebre → Los ladrones del gran mundo → Il delitto del lago → Das Rätsel von Sensenheim → In vecchie membra... pizzicor d'amore → La marcia nuziale → A börzekirály → Csonka és béna katonák között → La dama bianca → Tempeldanserindens elskov → Sempre nel cor la patria → Patria mia! → Minne → Der Sieg des Herzens → Storia vecchia e... fatti nuovi → La danza di Salomè → Lo spettro del sotterraneo → Fiori d'arancio → Il mistero della porta chiusa → Golfo → Kapital und Liebe → Titanic → Der indische Tod → Il mio diario di guerra → Il bacio → Mizpah; or, Love's Sacrifice → Jodato-san → La sfinge → Der Schienenweg unterm Ozean → Eroismo di alpino → Die letzte Partie → Carl und Carla → Vom Spielteufel befreit → The Underworld of London → Das deutsche Volkslied → Kærlighedens triumf → Der Sohn des Ministers → Rikosten runtelema → Estremo convegno → El real sitio de El Escorial → Den sidste Nat → Um ein Weib → Paolina → Tommy Atkins → Britain Prepared → Revolutionsbryllup → Golfo di Napoli → Iron Justice → For Lykke og Ære → Die Mieze von Bolle → Triple entente → Visione suprema → Enken → Godsforvalteren → Die Tat von damals → The Shopsoiled Girl → La pena del Talión → Florence Nightingale → Il bastardo → Pariser Mode - von heute → Les vampires → Die verschleierte Dame → Hvem er Gentlemantyven? → Cowboymillionæren → Moderne Ægteskab → Zofenstreiche → A Trieste - vincere o morire! → Abgründe → Hearts That Are Human → La signora Balena → Musketier Kaczmarek → La colpa del morto → The Octopus Gang → Die Söhne des Grafen Steinfels → Senza colpa! → The White Hope → Le memorie sacre → Sonne und Schatten → La grande guerra europea → Otto als Dienstmann → L'escapade de Filoche → At the Torrent's Mercy → La piccola vedetta lombarda → A Rogue's Wife → Das Bild der Geliebten → Amor che tace → Den hvide djævel → Stolz weht die Flagge schwarz-weiß-rot → Dopo la raffica → Theophrastus Paracelsus → Der Schmuck der Herzogin → Nemrod et compagnie → Don Giovanni → En kærlighedsprøve → Kampen om hans hjärta → Der Hilferuf → Ein Narr der Liebe → Il mistero di una notte di primavera → Arcanum → Sous les phares → The Man Without a Soul → Les vampires: Satanas → Les deux gosses → Ernst ist das Leben → Dynamit → Garrotazo y tentetieso → L'avventura di Claudina → La tragedia di un Re → Vergödö szívek → The Strange Case of Philip Kent → Gloria di sangue → Il fuoco (la favilla - la vampa - la cenere) → C'est le printemps → Forse che sì forse che no → Grevinde Hjerteløs → Tante Röschen will heiraten → Abide with Me → El misterio de una noche de verano o El enigma de una noche → How Britain Prepared → The Great Adventure → Il sopravvissuto → Das Wunder der Madonna → Freitag, der 13. - Das unheimliche Haus, 2. Teil → Bubi ist eifersüchtig → Truet lykke → Der Brieföffner → Dödskyssen → Meißner Porzellan → Les bobines d'or → Danserindens hævn → Sein süßes Mädel → Abseits vom Glück → Zingari → Millionär Bubi → Der Hund von Baskerville, 4. Teil → Christophe Colomb → The Bigamist → Mein ist die Rache → Der chinesische Götze - Das unheimliche Haus, 3. Teil → Donde las dan las toman → Das Skelett → Nebel und Sonne → Das stärkste ist die Liebe → Wer war's? → Grand-Guignol → La maison de l'espion → Rosa kann alles → Blessure d'amour → The Hypocrites → Vincolo segreto → Op de linkeroever van de Maas → L'enfant prodigue → Die Königin der Nacht → Il mistero della note del 13 giugno → Fioritures → Die Zaubergeige → Am Amboss des Glücks → Sanctuary → La mano → Fehér éjszakák → Der Ruf der Liebe → Regina → Die Fiebersonate → Das wandernde Licht → A Rejtély → Driven → La morsa → Il dramma dell'ambizione → A Nevetö Szaszkia → Nella città eterna → En Søns Kærlighed → Im Dienste der Wissenschaft → Panther → Hendes ungdomsforelskelse → Los apuros de un paleto → L'ombre du passé → Cuore che guida → Il cavaliere del silenzio → Fången på Karlstens fästning → Lillis erste Liebe → La misteriosa → Katoavia timantteja eli Herrasmies-varas Morel vastustajanaan etsivä Frank → Le roi de la montagne → Partners at Last → Signori, la festa è finita! → Homunculus, 5. Teil - Die Vernichtung der Menschheit → Sulle rovine dell'amore → La libellula azzurra → Tenebre → Under Kærlighedens Aag → Sein letzter Richterspruch → Proletardrengen → Für den Ruhm des Geliebten → La cieca di Sorrento → Jenseits der Hürde → The Answer → Espiazione → Die Einsame → Elnémult harangok → Und wer kein Kreuz und Leiden hat → L'imboscata → Seine hässliche Frau → A Grófnö betöröi → The Girl Who Loves a Soldier → Fiamme funeste → Nattens datter II → Arthur Imhoff → The Girl Who Wrecked His Home → Lo scoglio della morte → Ihr liebster Feind → The Phantom Picture → Muñecos → La perla del cinema → Ultus and the Grey Lady → Da boxeur a detective → A Bunch of Violets → Lottes erste Liebe → Les vampires: L'homme des poisons → Il cadavere scomparso → Gräfin de Castro → Aphrodite → Und die Gerechtigkeit fand den Weg → Il ciclone → Il delitto della villa solitaria → Lykkedrømme → Two Lancashire Lasses in London → Sotto il dominio di una tomba → Verdens Undergang → Das Wiegenlied → La leggenda di Pierrette → Le jugement de Salomon → Friedrich Werders Sendung → Es war einst ein Prinzesschen → L'educanda monella → Streichhölzer, kauft Streichhölzer! → The Merchant of Venice → Monna Vanna → La piccola ombra → Das Lied der Liebe → Her Greatest Performance → Susanna e i vecchioni → Capriccio fatale → La laude della vita e la laude della morte → Maligno riflesso → Oltre la vita, oltre la morte → Rovedderkoppen → Der Mann, den das Schicksal sandte → Das Geständnis der grünen Maske → Börse und Adel → La vergine nuda → What's Bred... Comes Out in the Flesh → Buon sangue non mente → Unter heißer Zone → Die gestörte Hochzeitsnacht → Eve's Daughter → Le printemps du coeur → Der Sumpf → Peter Lump → Primo ed ultimo bacio → La donna dei sogni → Meg the Lady → Ce que les flots racontent → En Skilsmisse → Homunculus → Mama hat es gewollt → Il romanzo della morte → La colpa altrui → La divetta del reggimento → Hans im Glück → Politik och brott → Alla capitale → Das Haus der Leidenschaften → Alma mater → Les vampires: Les yeux qui fascinent → Házasodik az anyósom → Notte di tempesta → The Grand Babylon Hotel → Passionels Tagebuch → Des Königs Stimme → Pigen fra Palls → Baby l'indiavolata → Noch ist Polen nicht verloren → Das Licht im Dunkeln → Stefania → Giovanni Episcopo → Trapped by the London Sharks → The New Clown → La pupilla → Arme Eva → L'aventure des millions → Das lebende Rätsel → Lea → Havsgamar → Im Joche des Schicksals → The Black Night → Dschihad → La sepolta viva → A Shattered Idyll → Fiesta del árbol en Zaragoza → Der Mutter Ebenbild → Der gelbe Ulster → L'isola delle rose → La sonnette du diable → Syndens datter → Das Opfer einer Frau → Culpas ajenas → Die Mission der Gräfin Cerutti → Jó éjt, Muki! → Es gilt sein Leben → Fille d'artiste → Le avventure di Colette → Schuhpalast Pinkus → Mother Love → The Manxman → Der Mann im Steinbruch → Beau Brocade → Schweigepflicht → Katastrofen i Kattegat → IV. Károly király koronázása → Cavalleria rusticana → Therèse → Suor Teresa → Welker Lorbeer → Fatal Fingers → John Rool → Die Retterin → La mano della morta → Der Letzte eines alten Geschlechtes → My Little Baby → Tom Brown's Schooldays → Un duello nell'ombra → En Æresoprejsning → La mano dell'antenato → Febbre di gloria → La collana della felicità → In letzter Sekunde → Fiaccola sotto il moggio → Sondis Kleine → Come morì Miss Cavell → Les armes de la femme → Il sogno di un giorno → Flames → La corsa alla morte → Katastrofen i Jernbane-Tunnelen → Der Günstling → Höhenluft → Lyubovta e ludost → Des Lebens ungemischte Freude → Livets Gøglespil → Ahasver, 2. Teil → Der Verschwender → Opfer der Leidenschaft → Caccia al lupo → Den sorte Kugle → A King of the People → Vengerkák → Das Rätsel der Stahlkammer → Come le foglie → Der Onyxknopf → Per lei → Little Women → Der weinende Dieb → La via della luce → Das geborgte Leben → Il caporal Simon → Den mystiske tjener → Die Diamantenstiftung → One Summer's Day → A Gamble for Love → Farkas → Des Goldes Fluch → Auld Robin Gray → Le due orfanelle di Torino → Vertigine → Die Fremde → Camere separate → Figli sperduti → Nächte des Grauens → Das Legat → Battaglie della vita → La perla de la tribu → Das durfte nicht kommen → Neutraal Nederland → Die Memoiren des Satans, 1. Teil - Doktor Mors → Die Lieblingsfrau des Maharadscha - 2. Teil → Pax æterna → Britain's Hope → Les épaves de l'amour → Ein Lichtstrahl im Dunkel → Sprawa Bartieniewa → Furcht → Strana → Hjertekrigen paa Ravnsholt → L'orfana del ghetto → Die Senatorwahl → Il veliero della morte → Les deux amours → Az elítélt → Fange no. 113 → A vörös Sámson → Le memorie di una istitutrice → Der Geigenspieler → Lontano, lontano, lontano → Fräulein Schwindelmeier → Sorrisi e spasimi della menzogna → Son fils → Gräfin Maruschka → Arabella → Die Harvard-Prämie → Leidvolle Liebe → Wenn die Liebe auf den Hund kommt → Alexander den Store → Die Claudi vom Geiserhof → La chiamavano 'Cosetta' → Ein Zirkusmädel → Nattens Mysterium → Das Verhängnis einer Nacht → Die Abenteuer des Kapitän Hansen → Traum des Lebens → Quello che videro i miei occhi → The Profligate → Zimmer Nummer sieben → A gyanú → Dall'Adriatico all'Egeo: Sbarco delle forze italiane in Albania → La comtesse de Somerive → Il gioiello sinistro → If Thou Wert Blind → La proie → A Munition Girl's Romance → Der Kinokönig → La staffilata → Van Kabalo naar Kindu → Eine schwere Last → El testamento de Diego Rocafort → La Petite amie → Film spécial pour Monsieur Griffith → Love's Old Sweet Song → Demonietto → Der Erbe von 'Het Steen' → Maternità → El talismán → Amor ch'a nullo amato... → D'Albertville à Kabalo: les mines de charbon de la Lukuga → L'imprévu → Kobieta → Harrison és Barrison → Das Weisenhauskind → Tuberosen → Pratas Conquistador → Monna Vanna → Dornröschen → L'hallali → Lotta d'elementi, raffiche d'anime → L'illusione → Frau Lenes Scheidung → Chimera → Tristi amori → Broken Threads → Die Rechte Schmiede → En ensom Kvinde → Fru Kristina → The Village Blacksmith → Nanà → Ett konstnärsöde → Eine Nacht im Wolkenkratzer → Le torrent → L'ombra del sogno → Die Spinne → Nozze bianche → Ben Kabara → Das Geschäft → La zone de la mort → Ultus and the Three-Button Mystery → Kim, Kip e Kop, i vincitori della morte → Pengenes magt → Jan Vermeulen, der Müller aus Flandern → Scampolo → Die Faust des Schicksals → Aus Liebe gefehlt → Die Wilde Ursula → Mágnás Miska → Le coupable → Le memorie di un pazzo → Das Gewissen des Andern → Resurrezione → Raskolnikov → Le tablier blanc → Hilde Warren und der Tod → Für die Ehre des Vaters → Moritz Meyer als Gerichtsvollzieher → Der eiserne Wille → Quando il sole tramonta → La maschera del vizio → Le capitaine noir → Auld Lang Syne → Favoriten → Der Schloßherr von Hohenstein → L'altro io → Die im Schatten leben → Tropernes Datter → El beso de la muerte → Der Schatz im Berge → Der Geier von St. Veit → Die Pagode → Das verlorene Paradies → Thomas Graals bästa film → La storia di una capinera → Coronación de la virgen de Valencia → Der standhafte Benjamin → Fabricius úr leánya → Il cuore dell'altra → ...und führe uns nicht in Versuchung → Così è la vita → Der Golem und die Tänzerin → Der Sonne entgegen → Graziella → Katharina Karaschkin → L'esclave de Phidias → Förstadsprästen → Gengældelsens ret → Im Hause des Kommerzienrats → Das Nachtgespräch → Battaglia per l'amore → A Man the Army Made → Campeonato de Patinagem → Tua per la vita → La chanson du feu → Mary Girl → Broken Barrier → Die Frau mit den Karfunkelsteinen → Barberousse → Masks and Faces → Der Verräter → La fidanzata dei dollari → Der Geheimnisvolle Meier → Mand mod Mand → Crevalcore → L'ombra che passa → Tormento → Die Botschaft des Jean Battista → Der Mann mit der Maske → De forældreløse → The Grit of a Jew → Automartirio → Der lebende Tote → Madre → Die Liebe von Hetty Raimond → Giosuè il guardiacoste → I fioretti di San Francisco → Des Vaters letzter Wille → Ein Detektiv-Duell → Il re, le Torri e gli Alfieri → Astrid → Madame Flirt → La forza della coscienza → Das Haus gegenüber → Das Armband → La Gerusalemme liberata → Après lui → Jacopo Ortis → Les réfugiés français à Bruxelles → Baronin Kammerjungfer → Déchéance → Ihr Junge → Das Spiel mit dem Feuer → Az élet királya → Oorlog en vrede - 1916 → Mademoiselle Monte Cristo → Árendás zsidó → Der lebende Leichnam → The Touch of a Child → La via più lunga → Wir gingen einen schweren Pfad → Sturmschwalbe → Der Fakir → Wenn das Leben ruft → Controspionaggio → Um die Liebe des Dompteurs → Sirocco → Frou-Frou → Des Vaters Schuld → Küsse, die man stiehlt in Dunkeln → I sette peccati capitali → Las máscaras negras → Die Narbe am Knie → Ehemann a. D. → La fiamma è spenta → Wenns Landlüfterl weht → Goldelfe → Weg der Erlösung → Wer nicht in der Jugend küsst → The Girl from Downing Street → Il mistero dei Montfleury → Der Schmuck des Rajah → Das Mädchen aus der Opiumhöhle → Genie und Liebe → Das Maskenfest des Lebens → 99 → Die Frau mit den Opalaugen → What Would a Gentleman Do? → Kolonie voor zwakke meisjes in Zellik → Wenn die rote Heide blüht → Die Ehe der Lea Psantir → A csábító → Hier et aujourd'hui → Folgore → Frauen, die der Abgrund verschlingt → Triton, der Perlenkönig → Un bacio nel sogno → Ksiaze Józef Poniatowski → Nature's Gentleman → Melkfabrieken van het comité national → Ferdinand Lassalle → My Sweetheart → Dr. Humsons Lebenswerk → Im Zeichen der Schuld → Was er im Spiegel sah → André Cornélis → Mamsell unnütz → Ægteskabshaderne → L'elegante canaglia di Parigi → Das Kind meines Nächsten → The Master of Gray → La morte rossa → La signora delle perle → De duivel → Marion de Lorme → A Romany Lass → Die Glocke → Nixenzauber → Goodbye → Dr. Schotte → Sein Weib → Seelen in Ketten → Supremo olocausto → Szamárbör → Gnesella → Mania. Die Geschichte einer Zigarettenarbeiterin → Nobelpristagaren → Onward Christian Soldiers → Halkas Gelöbnis → Die Fürstin von Beranien → Don Cäsar, Graf von Irun → Anime gemelle → Oltre l'oceano → Il trionfo della morte → Die Geisterjagd → Nelson → Kærlighedsleg → Wege, die zur Liebe führen → Il veleno del piacere → Giulietta e Romeo → Der Fliegentüten-Othello → Lykketyven → The Slave → Ella non tradì! → Lila test, sárga sapka → Es werde Licht! 3. Teil → Faun → Falusi madonna → Ein nächtliches Ereignis → Sein Freund, Herr Lebel → Verschwundene Diadem, Das. I → Die Ehe der Gräfin Wetterberg → Thelma → Der kleine Baron → Præsten fra havet → Gänseliesel → La dama misteriosa → Die Tänzerin Adina → Doktor Palmore. Der schleichende Tod → Júdás → Magasins communaux. Porcherie à Lunapark et ferme d'élevage → Die Buchhalterin → Liebesopfer → Der Prozeß Hauers → Leben um Leben → Fangen fra Erie Country Tugthus → Miss Fluffy Ruffles → Occhi consacrati → Mademoiselle Pas-Chic → Es soll ein Schwert durch Deine Seele dringen → Havasi szerelem → La fine di un vile → L'ultimo dei Cognac → A feleség → Zigeunerprinsessen → Das Spiel mit dem Tode → Durchlaucht Hypochonder → Sträfling 113 oder Die Ehre der Väter → Der Flieger von Goerz → Hotel Imperial → Ruhm und Frauengunst → Honni soit qui mal y pense → For barnets skyld → Hear the Pipers Calling → Haine → La gola → Varázskeringö → Die neue Daliah → Berg-Ejvind och hans hustru → Fuhrmann Henschel → Manden med Arret → Arno Starks Kraft → Wir von Gottes Gnaden... Hoheit Vater und Sohn → The Passing of the Third Floor Back → Ah, quella Dory!... → A Szeretö → Die Liebe des Van Royk → A Papagály → A Szerelem bolondjai → Hendes Hjertes Ridder → Victory and Peace → La menzogna → The Hanging Judge → Die Verteidigerin → Die liebe der Bajadere → Der Gezeichnete. Der Lautenspieler → La baronessa Daria → Il rifugio → Wenn Gräber sich öffnen → En kunstners kærlighed → Der Volontär → Glædens Dag → Drohende Wolken am Firmament → Les travailleurs de la mer → Mitternacht → Il campo maledetto → Une mascotte → Das amerikanische Duell → Lolita → A koldusgróf → Consultations de nourrissons et cantine maternelle, impasse des Allemands → Der schuldlose Verdacht → L'énigme → Lægen → Ballerine → Az ördög → Die Kraft des Michael Argobast → Die goldene Mumie → Der Herr mit der Dogge → Fesseln → La notte che dormii sotto le stelle → Fuerza y nobleza → God and the Man → Die letzte Liebesnacht der Anna Tolmein → Sein bester Freund → Amerikaansche meisjes → Seiner Hoheit Brautfahrt → Don Juans letztes Abenteuer → Rita → L'oro e la morte → Der lachende Tod → Schweigen im Walde Part 2: Eine aussergerichtlige Einigung → Der Wahn ist kurz → A szerzetes → Der Mut zur Sünde → Der Weltspiegel → Meiers lassen sich scheiden → Der Gast aus der vierten Dimension → Die Börsenkönigin → Wogen des Schicksals → Ruiné par l'ambition → Il calvario di Jannette → The Top Dog → Venti giorni all'ombra → Der Mandarin → La signora Rebus → De kroon der schande → Nantas → Lagrime del popolo → The Great Game → Il giardino del silenzio → Das Geschlecht derer von Ringwall → Gespenster → Niniche → The Key of the World → Der Wilderer → Eugenia Grandet → The Wages of Sin → Aus Angst → Es werde Licht! 2. Teil → La sagra dei martiri → Das Lied der Mutter → La legge del cuore → Freier Dienst → Das Tor der Sühne → Kærlighed og pædagogik → L'ira → Harrison és Barrison II → A léleklátó sugár → La distance → Die schöne Jolan → Das Lied der Colombine → Le tre sorelle → Der Peitschenhieb → Die Rose von Stambul → Sein letzter Trick → Cuor di ferro e cuor d'oro → A Rosa do Adro → Das Werkzeug des Cosimo → Fuga in re maggiore → A Táncosnö → Maciste innamorato → Das Gestohlene Modell → Schatten der Vergangenheit → Eva → Die Schuld → Per la sua bocca → The Odds Against Her → Irrlicht → Die Herrin der Welt 4. Teil - König Macombe → Lu, a kokott → Die Hahnenfeder → Rytterstatuen → Verlorenes Spiel → Tropengift → Zwischen Tod und Leben → Manon. Das hohe Lied der Liebe → Charlotte Corday → Maglia nera → Primerose → Die rote Herzogin → Una notte infernale → Die Erbin → Das Millionenmädel → Il mulino della Giù → Das Spiel von Liebe und Tod → Staatsanwalt Jordan → Das Nachttelegramm → Women Who Win → Der Geheimnisvolle Fremde → Il salto della morte → Mary Wood, die Tochter des Sträflings → Her Secret → Die Dame mit der Spinne → Chiarina la modista → Keimendes Leben, Teil 2 → Die lachende Seele → Bergsünden → Il cieco → Herbststürme → Die Gemeinde von Sankt Helena und ihr Kaplan → Die platonische Ehe → Der Fall Tolstikoff → Das Werk seines Lebens → O Comissário de Polícia → Seine Beichte (Bekenntnisse eines Lebemannes) → Il viaggio di Berluron → L'appel du sang → L'aeronautica italiana in zona di guerra → Die Prinzessin und der Troubadour → Præsidenten → The Lads of the Village → Die nicht sterben dürfen → Die Tochter des Henkers → A baba → Úri banditák → Intrede van de koninklijke familie in Gent na de wapenstilstand → Historien om en gut → Charly Bill → Die Geliebte Tote → Maria → Mod lyset → Plantations cacaoyères du Mayumbe → Die Sekretärin des Gesandten → S.A. l'Amore → Seemannsbraut → Ewige Schönheit → La notte del 24 aprile → The Sins of Youth → De Profundis → Die Waise → Le bonheur des autres → Die gestohlene Seele → Extra-Blatt! Fred Horst ermordet! → Barrabas → Das Geheimnis des Schafotts → L'ultima recita di Anna Parnell → Die Welt ohne Liebe → Die Spione → Der Tänzer 1. Teil → Der verführte Heilige → Die Totenmaske → Redenzione → The Usurper → Tamara → Mein Neffe - Der Herr Baron → L'homme qui revient de loin → A lavina → La scatola macchiata di sangue → Le avventure di Bijou → A Lass o' the Looms → Possession → Die Verführten → Movimientos brownianos → Der Mord an der Bajadere → Die Teufelskirche → Nur eine Zirkusreiterin oder: Die Galavorstellung des Zirkus Cäsare Marselli → Tragedia senza lagrime → Tatterly → Der Gattenmörder → Das ewige Rätsel → Die Geige des Tommaso → La riscossa delle maschere → La cicala → As He Was Born → Lillis Ehe → Incantesimo → Martino il trovatello → Die das Leben bezwang → Der Raub der Sabinerinnen → La gitana blanca → Der Seelenverkäufer → La vita e la leggenda → Nur ein Zahnstocher → Das Mädchen und die Männer → Die Geliebte des Verbrecherkönigs → Das Buch Esther → I due zoccoletti → L'engrenage → Die Tragödie der Manja Orsan → Schoonheidswedstrijd → The Better 'ole; or, The Romance of Old Bill → Onze filmsterren → Das Teehaus zu den zehn Lotosblumen → La belle et la bête → Un segreto nel chiostro → Il gorgo fascinatore → Die Ahnfrau → Die Tochter der Berge → La casa che brucia → Das Kloster von Sendomir → Le grand centre de Lusambo et son industrie → Desperados → Die Gespensterfalle → Die Spinne → Æresgjesten → Noche de reyes o El regalo de reyes → Hypnose → Queen's Evidence → Il processo Manara → Hungernde Millionäre → Ballskandal → König Krause → Halbblut → Der Herr der Liebe → Un notturno di Chopin → Castle of Dreams → Divorziamo → Le mystère de la villa Mortain → Das wandernde Auge → Marion Delorme → Irenes Fehltritt → Not und Verbrechen → Herr Arnes pengar → Nocturno der Liebe → The Cry for Justice → Der rote Sarafan → Matrimonium Sacrum → Lo strano caso di miss Eve Poker → Der oder der? → Die Jugendsünde → Ikarus, der fliegende Mensch → Il giardino del mistero → A Smart Set → Die das Licht scheuen...! Aus dem Tagebuch des Meisterdetektivs Ferry White → Via Crucis → Mary Ann → Angel Esquire → Ruths Ehe → Die von der Liebe leben → Stiefkinder des Glücks → Freiheit, Gleichheit, Brüderlichkeit → The Lackey and the Lady → Schwarze Diamanten → Christus → Brussel, 1 november 1919 → Bruscolo → Erborgtes Glück → Entfesselte Leidenschaften → Das Geheimnis von Schloß Holloway → Eine Nacht, gelebt im Paradiese → Der Wirrwarr → Notar Möller → Le due rose → Il Segreto → El botón de fuego → Der Schmuggler und sein Weib → Mutter Erde → Der Mann ohne Gedächtnis → L'amplesso della morte → Krigsmillionæren → Quinneys → La rose de la Riviera → La figlia unica → Der Frauenspekulant → Die Maske → A cigányleány → Hans nåds testamente → Die Brüder von Sankt Parasitus → S.M il Danaro → Das Auge des Götzen → La vendetta di una pazza → The Warrior Strain → Apostol → Il re dell'abisso → Madeleine → La gibigianna → Verrat und Sühne → Het bezoek van president Wilson aan België. Juni 1919 → Liebe → Mr. Wu → Il volto impenetrabile → Alte Zeit, neue Zeit → Il club dei suicidi → La chiamavano Tango → Bis früh um fünfe → Foxtrott-Papa → Op stap door Amsterdam → Die Dose des Kardinals → Sången om den eldröda blomman → Synnöve Solbakken → Faith → Künstlerliebe → Hivatalnok urak → Artistentreue → Die Flucht vor der Krone → Luxuspflänzchen → Rebellenliebe → L'estranea → Der blasse Albert → Kronprinz Rudolph oder: Das Geheimnis von Mayerling → Udvari levegö → Vorrei morir → Aus eines Mannes Mädchenjahren → The Man Who Forgot → L'industrie du diamant au Kasaï → L'idiota → Justitia → Un ours → Lasciate fare a Niniche → Darby and Joan → Der Mitternachtsassessor → L'amante della luna → Höllenzauber → Die Rächerin → Vizio di educazione → Il marito dell'amica → Der Rebell → Ave Maria, gratia plena! → Mrs. Thompson → Teherán gyöngye → Farfui → Das Herz des Casanova → Hendes mands forlovede → La peccatrice casta → Champagne caprice → The Life of a London Actress → L'enigma del baule rosso → La leggenda dei tre fiori → Las micelas de plata → Das Caviar-Mäuschen → Los vom Weibe → Aus Liebe in den Tod → Bladys of the Stewpony → Das Mädchen mit dem fremden Herzen → La spada di Damocle → Stahl und Stein → Sündenlust → Eva und der schwarze Ritter → Die goldene Lüge → Die Geisha und der Samurai → Zwei Menschen → Il bacio di un re → Die Toten kehren wieder - Enoch Arden → Der Bastard → Indische Nächte → Qui a tué? → Der Erbe von Skialdingsholm → A Vörös kérdöjel → La casa della felicità → Madame DuBarry → Damaged Goods → Die Tochter des Bajazzo → Margot de Plaisance → Das Geheimnis der Wera Baranska → Das Schwarze Kabinett → Der Weg, der zur Verdammnis führt, 2.Teil - Hyänen der Lust → Dømmer ikke → Kitsch → L'ombra fatale → Störtebeker → Malaria → Das Gift im Weibe → Inutile attesa → Das Lächeln der kleinen Beate → Der Karneval der Toten → Seine schwerste Rolle → Il principe dell'impossibile → Die weißen Rosen von Ravensberg → Gewitter im Mai → Il mistero dell'uomo grigio → La danza sull'abisso → Verschneit → Marionetten des Teufels → Petit ange → As God Made Her → La sonata a Kreutzer → Once Aboard the Lugger → New York - Paris. 1. Teil: Spionagekonzern → I tre sorrisi di una monella → L'inferriata della morte → La trentesima perla → La buona figliola → Erotikon → El Verdugo → Von morgens bis mitternachts → Ollin oppivuodet → I tre esperimenti di Eliana → Voi! → Al di là della vita → Herztrumpf → John Heriot's Wife → Der Leiermann → La povera piccola → Der Graf von Cagliostro → Er, sie und der Dackel → L'innamorata → Nixchen → Das wandernde Bild → Lottchens Heirat → Reproducción de micelas de nitrato de plata por la acción de la luz → Liebe geht durch den Magen → Das ausgeschnittene Gesicht → Sizilianische Blutrache → Crocetta d'oro → Narr und Tod → I due crocefissi → Jóslat → Der Unerkannte → Die Welt des Scheines → De Kaas → Supremo convegno → La signorina dell'altro mondo → Illusions → Die Luftpiraten → Der Feuertod → The Town of Crooked Ways → Anna Boleyn → Paladin und Kindesraub → Das Fest der schwarzen Tulpe → Das Lied der Puszta → Il rivale → Der Mann im Nebel → L'enigma della casa bianca → Lo scaldino → A kétarcú asszony → Alpentragödie → Präsident Barrada → Le due esistenze → Die Geisterbraut → L'imprevisto → Dämmernde Nächte → Die Geheimnisse von New York → Martirio → Walls of Prejudice → Per un po' di gloria → Das Geheimnis des Fakirs → Wunder der Schöpfung → Die Erbschaft der Inge Stanhope → Il ventriloquo → Nachtgestalten → Das Lied der Tränen → Alba serena in un tramonto di sangue → A Man's Shadow → Wie das Schicksal spielt → Miss Dorothy → Die Wölfin → Ewiger Strom → Il romanzo di Nina → Der Apachenlord → Das Wüstengrab → Pillars of Society → Kri-Kri, die Herzogin von Tarabac → L'ami Fritz → Jagd nach dem Glück → La nemesi danzante → La più bella donna del mondo → Two Little Wooden Shoes → Pension Lautenschlag → Face à l'océan → The Grip of Iron → The Temptress → Manolescus Memoiren → The Woman and Officer 26 → Buffalo e Bill → Der ausgelöste Schwiegerpapa → Sybill Morgan → The Wife Whom God Forgot → The Winning Goal → Cuore di zingara → Das mysteriöse Bett → Hofgunst und Neid → Der bayerische Hiasel → Das unbewohnte Haus → Colei che si deve sposare → Il castello dell'uragano → La reincarnation de Serge Renaudier → Il castello di bronzo → Viele sind berufen, wenige auserwählt → Der Kammersänger → L'angelo bianco → La venganza del marino → Anima di bandito → La paura di amare → Das Geheimnis von Schloß Totenstein → Giovanna I d'Angiò, regina di Napoli → Das Land der Verheißung → Enchantment → Mr. Poincaré in Vlaanderen. Februari 1920. Overhandiging van het Franse Oorlogskruis aan de steden Ieper, Diksmuide en Nieuwpoort → Il lume dell'altra casa → Manden, der sejrede → Il romanzo di un giovane povero → Der Fluch der Menschheit - 2. Im Rausche der Milliarden → Her Son → Il re della forza → Der schwarze Reiter → Le chevalier de Gaby → Wuthering Heights → Il sotterraneo fatale → The Black Spider → Der Todesschacht → Der Lawinen-Löwe → Die Kronjuwelen → Dämon der Welt. 2. Wirbel des Verderbens → La danza delle ore → La lettera chiusa → Castles in Spain → Sulle rovine di un sogno → La princesa embrujada → Darwin → Anna the Adventuress → Trousers → Per un figlio → Der Prinz von Montecuculi → Zoya → The Great London Mystery → La chambre du souvenir → Il demone del fuoco → Das große Geheimnis → Verlorene Töchter, 3. Teil - Die Menschen nennen es Liebe → Der Riesenschmuggel → Das Haupt des Juarez → Die sieben Todsünden → Aapachenrache, 4. Teil - Der Affenmensch → Alba torbida → Der Amönenhof → La matassa di seta → Grand Prix → Die Abenteuer der Marquise von Königsmarck → The Romance of Annie Laurie → Satanella bionda → The Story of the Rosary → Königin Draga → A Temporary Vagabond → Vita nuova → Fata Morgana → Il supplizio del silenzio → Bars of Iron → Il volto di Medusa → Der Verächter des Todes → 500.000 Francs → The Great Gay Road → Tom Black, der Verbrecherfürst, 1. Teil - Die Teufelsuhr → Figaros Hochzeit → Der lustige Witwer → Der Schwarm der höheren Töchter → Der Schuß aus dem Fenster → Gentlemen-Gauner → Oorlogsschip Ferruccis → Der Todesbote → Der Totenkopf → Lepain, der König der Verbrecher - 4. Teil → La montée vers l'Acropole → Il mistero della casa n. 30 → Der Traum der Herzogin → Der Sklave seiner Leidenschaft → Das Medaillon der Lady Sington → Gefolterte Herzen - 1. Teil: Ohne Heimat → Klostret i Sendomir → La croisade → Zigeunerblut → Das rosa Trikot → Sul passo estremo → Der Vampyr → La follia del giuoco → Das Cabinet des Dr. Caligari → Staatsanwalt Briands Abenteuer - 2. Dem Wellengrab entronnen → Der unsichtbare Dieb → Der Hund von Baskerville - 6. Teil: Das Haus ohne Fenster → La figlia del reggimento → Intermezzo → Hotel Atlantik → Lepain - 6. Teil → Lebenshunger (Russalka) → Das Testament des Grafen Hammerstein → Die Schmugglerin → Tramonto di fuoco → Le avventure di un viveur → Le gioie del focolare → La sfinge → Geeft ons kracht → Der Schrecken im Hause Ardon → Il colonnello Chabert → Die Einsame Insel → Liberazione → Nellina → Colombine → Le secret du Lone Star → Sei mia! → Der Mann ohne Gnade → Red Bull, der letzte Apache → A Vila da Ribeira → A Son of David → Die rote Katze → Az ötödik osztály → The Twelve Pound Look → L'amore di Loredana → Au-delà des lois humaines → Über den Wolken → A Levágott kéz → L'uomo che vide la morte → Les trois gants de la dame en noir → Játék a sorssal → Das schwarze Boot → Die Maske des Todes - 2. Das Geheimnis der Zisterne → Jou-Jou → Senza sole → Méfiez-vous de votre bonne → Der Anti-Detektiv → Der unheimliche Chinese → Il capolavoro → Roberto Burat → Das Frauenhaus von Brescia → I milioni della zingara → Narayana → Kohlhiesels Töchter → La trilogia di Maciste → Verbotene Liebe → Versiegelte Lippen → Die Tragödie eines Großen → L'altra onestà → Seelen im Sumpf → L'orchidea fatale → Kaksen på Øverland → Piero e Teresa → Manus Immaculata. Die Unbefleckte Hand → The Case of Lady Camber → Das Milliardentestament → Der Abenteurer von Paris → The Rank Outsider → Alarmtopf → The Barton Mystery → Il rosso e il nero → Die Todesfahrt des weißen Häuptlings → Moj → The Golden Web → John Forrest Finds Himself → Gefolterte Herzen - 2. Teil: Glück und Glas → Három pár facipö → Er bleibt in der Familie → Nachtbekanntschaft → Duke's Son → Nirvana - 3. Teil: Der Ruf über das Meer → Puppen des Todes → The Mirage → Rosaleen Dhu → Die Liebe der Sklavin → Feuerteufel → Der Plan der Drei → Winterstürme → Im Banne des Andern → General Post → Colonel Newcombe, the Perfect Gentleman → Tre milioni di dote → La vie d'une femme → Germoglio → La disfatta dell'Erinni → Bezoek van koningin Elisabeth aan het schoolschip L'Avenir → Des Toten Rache → Die Todeskarawane → La principessa Giorgio → Great Snakes → Die Strahlen des Todes → Die Verschleierte → Das Kussverbot → Die 999. Nacht → Zopf und Turban → Der Knabe Eros → The Pride of the North → Der Flüchtling von Sing-Sing → Oberst Chabert → Brenda of the Barge → La bocca dell'inferno → The Flame → Die Lissy vom Tietz → Opfer seines Leichtsinns → Der geheimnisvolle Steinbruch 2.Teil → Le carnaval des vérités → The Black Sheep → Der Fluch der Vererbung → Rigenerato → Fellah → Frank Norton, 2. Teil - Der unheimliche Fahrgast → Romão Gonçalves, Boxeur e Atleta → Maddalena Ferat → Aus der Werkstatt einer Tänzerin → Fumo → Die Augen als Ankläger → Belgique → Ninon de Lenclos → The Ever-Open Door → La studentessa → Das Geheimnis der goldenen Kapsel → Den flyvende Hollænder I-IV → L'industrie du ciment → Dein ist mein Herz → The Woman of the Iron Bracelets → Im Wirbel des Lebens → Flametti 2. Teil - Das Gespensterfest → Das eherne Gesetz → Die Herrin der Welt 8. Teil - Die Rache der Maud Fergusson → Cenerentola → Die Insel der Gezeichneten → Il canto di Circe → Az elrabolt szerencse → Gli strani casi di Collericcio → Boccaccio → Der Shawl der Kaiserin Katherina II → The Definite Object → Der Kopf des Gonzalez → La marseillaise → Havenbeelden → Principessa Misteriosa → Miss Lilly... pardon → Auf den Trümmern des Paradieses → Der Roman der Komtesse Ruth → La peccatrice moderna → Der Ochsenkrieg → Der Todfeind → Mr. Gilfil's Love Story → L'ombra → Il trittico dell'amore → Zampa di velluto → Lederstrumpf, 1. Teil: Der Wildtöter und Chingachgook → A tizennegyedik → Schneider Wibbel → Eine wilde Hummel → Der zeugende Tod → Stella → Das Experiment des Prof. Mithrany → Forse che sì forse che no → Ehrenschuld → The Skin Game → Amore in fuga → Come io vi amo → Theodor Herzl, der Bannerträger des jüdischen Volkes → Pan Twardowski → L'ombre déchirée → Das Zimmer mit den sieben Türen, 2. Teil - Lebensschicksale → The Rotters → Camillo emulo di Sherlock Holmes → Wedstrijd met sneeuwwagens → Der Reiter ohne Kopf, 2. Teil - Die geheimnisvolle Macht → Der Eisenbahnkönig, 2. Teil - Lauernder Tod → Labyrinth des Grauens → Dollars in Surrey → Sappho → La pocharde → Der Bagnosträfling → Die rätselhafte Zwölf → Der rätselhafte Tod → Cesare Birotteau → La scimitarra di Barbarossa → Mr. Justice Raffles → Li-Pao, mandarino → Der Bankspion → Film, flirt og forlovelse → Die Sünden der Mutter → L'épingle rouge → La terre → Die reine Sünderin → Ships That Pass in the Night → Hendes fortid → General John Regan → Der tote Gast → Die Frau von morgen → Das Weib des Irren → La jeune Belgique → L'ordonnance → Das Gasthaus von Chicago → Am Narrenseil, 2. Teil - Rätsel der Kriminalistik → Dionisia → Il povero Piero → La force des vingt ans → Die Fremde aus der Elstergasse → Der Schwur des Peter Hergatz → L'affaire du train 24 → La signora delle miniere → Idziem do ciebie, Polsko, matko nasza → Il centauro → I diabolici → Högre ändamål → Lady Hamilton → Kinder der Strasse → Rote Spuren → L'orpheline → La fille Elisa → Il farfallino → Una signorina in lotteria → The Fifth Form at St. Dominic's → Harestegen → Unter Räubern und Bestien → Parisette → Lilly e Lillette o l'arte di farsi amare → Det største i verden → La nave → Voyage du Cardinal Van Roy → Körkarlen → Erzgauner → L'essor → La figlia delle onde → L'amor mio non muore → L'éternel féminin → La belle dame sans merci → Dita di fata → Squibs → Le smorfie di Pulcinella → Il club degli stravaganti → The Likeness of the Night → Il segno dei tempi → La inaccesible → Die Ehe der Hedda Olsen oder Die brennende Akrobatin → L'età critica → Il dubbio → Das Geheimnis der Santa Maria → Love at the Wheel → Jomfru Trofast → Le campane di San Lucio → Fortunato. 1. Der tanzende Dämon → A Balaton leánya → Rondini nel turbine → Das Mädel von Picadilly, 1. Teil → Trix, der Roman einer Millionärin → La mascotte di Sparta → A Romance of Wastdale → A Sportsman's Wife → Der Brand im Varieté Mascotte → Opfer der Keuschheit → Krzyk → Arsène Lupin utolsó kalandja → Die Geschichte des grauen Hauses 1 - Episode: Der Mord aus verschmähter Liebe → Die kleine Dagmar → Verbrechen in der Wallstreet 13 → The Will → Mary-Find-the-Gold → Notte di neve → Class and No Class → Il mistero dell'uomo che sogna → Fior d'amore → Addio Musetto → Die Geheimnisse von Berlin, 3. Teil - Berlin-Moabit. Hinter Gitterfenstern → La voce del cuore → Hétszáz éves szerelem → Der Eid des Stephan Huller → Favilla → Die Blitzzentrale → Demos → The Headmaster → Das Haus der Qualen → Eldorado → Fromont jeune et Risler aîné → Der große Chef → Sklaven der Rache → Der Streik der Diebe → Der Schrecken der roten Mühle → Diána → Die Opiumhölle → Il mare → The Street of Adventure → Der Totenklaus → Frau Dorothys Bekenntnis → Die rote Nacht → De landsflyktige → Kan disse Øjne lyve? → Verrat auf Schloß Treuenfels → Das Geheimnis der sechs Spielkarten, 2. Teil - Pique Bube → La nueva España → James Morres → Pia de' Tolomei → Der Dämon von Kolno → Madame l'Ambassadrice → Tavaszi szerelem → Saracinesca → Der Reiter ohne Kopf, 3. Teil - Harry Piels schwerster Sieg → Arthur fait du film → Za winy brata → Amor de Perdição → Greatheart → Der Todesturz vom Watzmann → Camera obscura → The Right to Live → The River of Light → Nelle foreste vergini → Der weiße Tod → The Bargain → Die Geheimnisse von Berlin → Tajemnice Nalewek → I giardini d'Armida → Szép Ilonka → Os Fidalgos da Casa Mourisca → La corolla di sangue → Der Cowboy-Milliardär → Entre sombras → Julot der Apache → Judas → Ha megfújják a trombitát → Dangerous Lies → The Croxley Master → Krümelchen geht jagen → Mäuschen → Une brute → La valse ardente → Heinrich, wo ist die Hose → Il mistero di Roccabruna → Non tutta io morrò! → Laughter and Tears → I due mozzi → Verlogene Moral → Das Haus zum Mond → Die Geschichte des grauen Hauses - 3. Episode: Der Mord aus Verzweiflung → Un simpatico mascalzone → Der Mann ohne Namen - 5. Der Mann mit den eisernen Nerven → Der Mord ohne Täter → Hannerl und ihre Liebhaber → The Prince and the Beggarmaid → Froggy's Little Brother → Champi-Tortu → San Giorgio → Värmlänningarna → Die Liebschaften des Hektor Dalmore → Der Sträfling von Cayenne → Schieber → Married Life → La verbena de la Paloma → Le tonnerre → Flachsmann als Erzieher → La chiromante → Il palazzo dei sogni → Ilona → Appearances → Aus den Akten einer anständigen Frau → L'edera → Mann über Bord → L'automobile errante → Simun → All Sorts and Conditions of Men → La maison vide → Das Haus in der Weichselgasse → Die Nacht der Toten → Na jasnym brzegu → Eine vergnügte Hochzeitsreise → Christie Johnstone → 10 Millionen Volt → Der heilige Hass, 2. Teil - Die Flucht vor dem Tode → John Long, der Dieb → Marthú che ha visto il diavolo → Der Findling des Glücks → Die Apotheke des Teufels → Arme, kleine Eva - 2. Teil → Die Todesleiter → L'isola della felicità → Gevatter Tod → Senza domani → Toteninsel → Il poeta e la principessa → For Her Father's Sake → Hyänen der Welt. 1. Opfer der Hyänen → L'asso di picche → Blood Money → Die Rattenmühle → Die Diktatur des Lebens - 1. Teil: Die böse Lust → A keresztes vitézek → The Sport of Kings → Die goldene Kugel → Nachtbesuch in der Northernbank → Lilike kalandjai → Sonia → Kärlek och hypnotism → Fasching → Âme belge → Das Rattenloch → Der Erbe der van Diemen → The Night Hawk → Betrogene Betrüger → In Full Cry → Die drohende Faust → Giulia di Trécoeur → Maddalena al deserto → I tre sentimentali → Due più due uguale a sette → Il colchico e la rosa → I naufraghi dell'onore → Das Medium des Cowboy → Phroso → Pupille spente → Die Brillantenmieze, 2. Teil → Krümelchen in der Sommerfrische → The Old Country → La mirabile visione → Bersaglio umano → La crisi → Il figlio di Coralie → Mara West → Die Talentprobe → Nel mondo degli agguati → Un punto nero → Un drame sous Napoléon → Chi troppo vuole... → La danzatrice d'Oriente → A Woman of No Importance → New-York express kábel → Apachenrache, 3. Teil - Die verschwundene Million → Gwyneth of the Welsh Hills → Alfred von Ingelheims Lebensdrama → Der Graf von Charolais → La ferme du choquart → Die Schatten jener Nacht → Le Noël du père Lathuile → Fox Farm → Der Höllenreiter → Number 13 → Don Juan Tenorio → Montecarlo → Der Halunkengeiger → Roger la Honte → Herren von Brinkenhoff → I disonesti → A Master of Craft → Judith → Krawattenmacher - Der Wucherer von Berlin → Maciste und die Javanerin → L'uomo della foresta → Tajemnica medalionu → Die Tochter Napoleons → Mozibolond → O Regresso do Senhor Presidente da República → L'Arlésienne → De leugen van Pierrot → La femme de nulle part → I promessi sposi → Der Roman einer armen Sünderin → Lucie de Trecoeur → Jussuf el Fanit, der Wüstenräuber → Karl Larsen → Die Tigerin → Le crime de Monique → Gräfin Walewska → Kjærlighet på pinde → Das blinde Glück → Divankatzen → William Ratcliff → Alma rifeña → Geld auf der Straße → Al confine della morte → Revanche → Jocelyn → The Scarlet Lady → Der große Dieb → Ted l'invisibile → Il castello del terrore → Sterbende Völker - 1. Heimat in Not → Die Venus → No. 7 Brick Row → Shangai → The Sporting Instinct → La vittima → Wie man Millionär wird → Le tressage de la paille dans la vallée du Geer → Erniedrigte und Beleidigte → Napoleon in Schönbrunn → Der Ruf des Schicksals → La ruota del falco → I milioni della gitana → Das schwarze Kuvert → Liana spezzata → O Regresso à Pátria dos Heróicos Aviadores → Josef und seine Brüder → Der falsche Prinz → Olavi → De jantjes → Don Juan → L'incubo → Der Mann in der Litfassäule → Prix de beauté → Zwei Welten → Die Schneiderkomteß → Las Hurdes, pais de leyenda → Glastonbury Past and Present → Die Teppichknüpferin von Bagdad → Miss Rockefeller filmt → La voix de l'océan → Tempêtes → Die Sünde der Inge Lars → Zam Zammah, l'idolo del fuoco → Le sang d'Allah → Der alte Gospodar → Sie und die Drei → Anadiomene → Serpolette → Il colosso vendicatore → The Head of the Family → Ein weißer Othello → La rivoluzione dei pescicani → 'L'Oiseau Bleu'. Sneltrein tussen Antwerpen en Parijs → Le lac d'argent → Fridericus Rex - 2. Teil: Vater und Sohn → Die große Lüge → Das Straßenmädchen von Berlin → Tingeltangel → Son altesse → Mord Em'ly → Das Mädchen aus dem goldenen Westen → Frau Tod → Am Rande des Abgrundes → Marcco, der Ringer des Mikado → L'Étrange Aventure → Creation → La donna nuda → Das Haus Molitor → Bummellotte → Das Blut → La dama errante → A gyerekasszony → Im Zeichen der Schlange → A kis Cia katonái → The Island of Romance → Der falsche Dimitri → Die Tochter des Wucherers → La preuve → Simple Simon → A Prince of Lovers → L'homme qui pleure → Das Weib des Pharao → Les hommes nouveaux → Turfpiraten → Opfer der Leidenschaft → Les Aventures de Robinson Crusoé → Un colpo di scena → Der Mann im Hintergrund → Le diamant noir → Le Crime de Lord Arthur Savile → La fornace → The Persistent Lovers → Cocaine → Vanina oder Die Galgenhochzeit → Weltuntergang → Bulldog Drummond → Biribi → Il romanzo del diavolo → Die Tragödie eines verschollenen Fürstensohnes → Rabagas → La via delle lacrime → Am roten Kliff → Das Geld auf der Strasse → Bay Ganyo → Zwischen Tag und Traum → The Missioner → Sam's Boy → A cornevillei harangok → The Wheels of Chance → Der blinde Passagier → L'île sans nom → A halott szerelme → Der Mann, der das Lachen verlernte → De bruut → Melody of Death → Tragedia su tre carte → Die Erlebnisse einer Kammerzofe → Timeglasset → L'aviateur masqué → L'empereur des pauvres → Elnémult harangok → Der Fluch des Schweigens → Die Frau mit den 10 Masken. 4. Begebenheit: Das Haus der Verrufenen → Wer bin ich? → The House of Peril → Diana of the Crossways → Finlandia → Primi atti del Pontificato di Pio XI → La trappola → Macht der Versuchung → Gloria que mata → Die büßende Magdalena → Spiel mit Menschen → Luise Millerin → Der graue Hund → La rosa di Fortunio → Dos lebn fun di yidn in Varshe → Rob Roy → Lucia, Luci... → Herren der Meere → Monna Vanna → Dicky Monteith → Bufera → Alexandra → Il trionfo di Ercole → Das Geheimnis der sieben Ringe → Bêtes... commes les hommes → Die vom Zirkus → Santarellina → Coeurs belges → La trovata dello sportmann → Den sidste dans → Wenn die Maske fällt → Povere bimbe → God's Prodigal → I.N.R.I. → La locanda delle ombre → Core 'e mamma! → Por la patria y por el rey o Memorias de un legionario → Par-dessus le mur → The Loves of Mary, Queen of Scots → Der letzte Kampf → Karusellen → Das verlorene Ich → Karczma na rozdrozu → Undicesimo giro d'Italia → La perla nera → Die graue Macht → Eld ombord → L'idée de Françoise → St. Elmo → Rosario, la cortijera → O Suicida da Boca do Inferno → Poolse schets → Der steinerne Reiter → Fridericus Rex - 4. Teil: Schicksalswende → Le crime des hommes → Il paese della paura → S.O.S. Die Insel der Tränen → L'indispensabile Camillo → A Két és fél jómadár → La torre delle sensazioni → Die Lawine → Koenigsmark → Il fornaretto di Venezia → Anna-Clara och hennes bröder → Funerais do Glorioso Poeta Guerra Junqueiro → La Semois → Le chant de l'amour triomphant → Angola - Exposição Provincial, Agrícola, Pecuária e Industrial → Die Tuberkulose → Esterella → Großstadtfieber → Der Pantoffelheld → Réactions d'un enfant de neuf jours → Rogues of the Turf → Sotto 'e cancelle → I milioni di Saetta → De amblève → L'âtre → I fjällfolkets land: Dagar i Lappland → Le secret de Polichinelle → La dama de Chez Maxim's → Hårda viljor → Graf Cohn → A Royal Divorce → Glanz gegen Glück → Wie sag' ich's meinem Kinde? → Gago Coutinho e Sacadura Cabral em Madrid → Bonnie Prince Charlie → Becket → Zwischen Abend und Morgen → Vineta. Die versunkene Stadt → Abbasso il cambio! → Le chemin de Roseland → Coeur léger → Comin' Thro' the Rye → The Hypocrites → Boden's Boy → Aspectos de Portugal - Praias → The Temptation of Carlton Earle → Le vie del mare → Funeral do Grande Poeta Guerra Junqueiro → Un coquin → Raffinierte Frauen. 1. Die Sektmieze → Camillo, la figlia e l'altro → Der Seeteufel, 1. Teil → Peter Ligeglad paa Eventyr → L'enfant roi → The Audacious Mr. Squire → The Rest Cure → Quelques réactions d'un enfant arriéré de 3.5 ans → Liebe und Ehe → Johan Ulfstjerna → Vindicta → Gunnar Hedes saga → Der Wetterwart → L'art de la poterie → Ein Glas Wasser → Der Eisenkönig → Valencia Cock-Tail → Hoffmanns Erzählungen → Seine Majestät, das Kind → Les mystères du ciel → L'ignota → Alles für Geld → Avec tambours et trompettes → Nummisuutarit → Woman to Woman → Pasteur → Quarantäne → La construction d'une cité moderne → Souvent femme varie → Die japanische Maske - 2. Teil → Nora → Paternité → L'ile sans amour → Married Love → Die Kette klirrt → Lille Lise let-paa-taa → Jolly → Satanica → Dämon Zirkus → Squibs' Honeymoon → Through Fire and Water → L'ombra → Fires of Fate → Der junge Medardus → A Sereia de Pedra → Le due catene → Daarskab, dyd og driverter → Survivre → Das Mädchen aus dem Warenhaus → Le petit chose → Strandhugg på Kavringen → Ferragus → La dame de Monsoreau → Das Kabinett des Dr. Segato → Cláudia → Ein glückhaft Schiff → My Little Dog → La bataille → Don Quixote → The Sign of Four → Os Lobos → Leánybecsület → Die Gräfin von Paris → Norge - en skildring i 6 akter → Martin Luther → Pour une nuit d'amour → Pobres niños → Das schöne Mädel → The Knockout → Der allmächtige Dollar → A Gamble with Hearts → Museum Plantijn Moretus → Der Höllenhund → Nordenfor polarcirkelen → Per piacerti di più → The Starlit Garden → L'appel de la montagne → Vidocq → La neige sur les pas → Das unbekannte Morgen → Egri csillagok → Bozyszcze. W sidlach uwodziciela → Das fränkische Lied → Der Sieg des Maharadscha → Festa de Campinos em Vila Franca → The Naked Man → Der Frauenkönig → Die grüne Manuela - Ein Film aus dem Süden → La piccola ignota → Sarati, le terrible → Marion → Die Sonne von St. Moritz → Fridericus Rex - 3. Teil: Sanssouci → Frauenschicksal → Le petit moineau de Paris → Die blonde Geisha → Les nouveaux riches → La leggenda del fiume sacro → Auferstehung. Katjuscha Maslowa → Time Is Money → Hutch Stirs 'em Up → Lucette → Maud Rockfellers Wette → Michael → La casa dei pulcini → Skrzydlaty zwyciezca → Mr. Shenki → När millionerna rullar... → Zeebrugge → La chevauchée blanche → Shadow of Egypt → Der Mönch von Santarem → Owd Bob → The Love Story of Aliette Brunton → Réveille → Lieutenant Daring RN and the Water Rats → Frou-Frou → Winterstürme → Gullivers Reisen → Du fil à l'aiguille → Il riscatto → L'emprise → Die Stadt ohne Juden → Eine verlorene Tochter → Nets of Destiny → Das Mädel von Pontecuculi → Le vol → The Money Habit → Colibri → The Stirrup Cup Sensation → La ferme Becasse → 'Nfama! → La marche du destin → Moderne Ehen → Hadda Padda → L'orphelin de Paris → Gösta Berlings saga → Die weiße Kunst → The Flying Fifty-Five → La rue du pavé d'amour → Tiefen der Großstadt → Battaglia da Plava al mare → Decameron Nights → Strandgut → Amsterdam bij nacht → Op hoop van zegen → Die Herrin von Monbijou → Un voyage au Congo → O czym sie nie mówi → Der Berg des Schicksals → La Dolores → Kiedy kobieta zdradza meza → Die Tragödie einer Frau → Il natalizio della nonna → Goûter mastrimonial d'Ecaussinnes-Lelaing → Der letzte Mann → Mater dolorosa → Arabella → La mendiante de Saint-Sulpice → Der Mann ohne Nerven → L'addio → Mon oncle Benjamin → L'oeuvre immortelle → Begrafenis van componist Puccini. Een recent portret van de meester → Kan Kvinder fejle? → O Zambeze → Profanazione → Les deux gosses → Miriam Rozella → Die Andere → Il ne faut pas jouer avec le feu → Paris → La mala ley → The Great Well → Horrido → Le vert galant → Ultimissime della notte → Il pane altrui → La belle Nivernaise → Pierre et Jean → Pulcinella → L'héritage de cent millions → The Prehistoric Man → Hazudik a muzsikaszó → Dan, tant och lilla fröken Söderlund → Ultimo sogno → Der Sprung ins Leben → A Csodagyerek → Marie d'Amour und ihre Liebhaber → Verkrachte Existenzen → Filava, filava... → Core furastiero → Aranymadár → Pacat → Komödie des Herzens → Marco unter Gauklern und Bestien → What the Butler Saw → Die Kurtisane von Venedig → Ce cochon de Morin → Jedermanns Frau → Der Schrecken des Meeres → Au coeur de l'Amérique du Sud → Sklaven der Liebe → Menschen und Masken, 1. Teil - Der falsche Emir → L'ombre du bonheur → Die malayische Dschonke → The World of Wonderful Reality → Das Geschöpf → La grand' Place de Bruxelles → Les fils du soleil → Der Löwe von Venedig → Henry, King of Navarre → La main qui a tué → Um eine Million → Southern Love → Das Spiel der Liebe → Holnap kezdödik az élet → Die Puppe des Maharadscha → Tragédia de Amor → Mein Leopold → Za-la-mort → Neuland → Mutter und Kind → Az egyhuszasos lány → Une femme dans la nuit → Coiffeur pour dames → Amor de artista → A fuerza de arrastrarse → Claude Duval → Kean ou Désordre et génie → Wenn du noch eine Mutter hast → Feu Mathias Pascal → Die Abenteuer des Kapitän Hasswell → L'épervier → Im Namen des Kaisers → Die Puppenkönigin → Med Dalälven från källorna till havet → Die große Gelegenheit → Insulinde → Styrman Karlssons flammor → Aspectos de Angola → Frauen, die man oft nicht grüßt → Hendes naade, dragonen → Was Steine erzählen → Le coeur des gueux → Abenteuer im Nachtexpreß → Mon curé chez les riches → Der Tänzer meiner Frau → Die Kleine vom Bummel → Les chutes de l'Iguaçu → Agriculture belge → Amalia Catena → Uma Panorâmica do Algarve → Liebe und Trompetenblasen → Aspectos do Algarve → Bulldog Drummond's Third Round → Barocco → La vocation d'André Carel → La revoltosa → Um Recht und Ehre → Der Mann auf dem Kometen → Contessina → Die Perücke → Götz von Berlichingen zubenannt mit der eisernen Hand → El niño de las monjas → Vagabonder i Wien → L'engrenage → Poil de carotte → Die Millionenkompagnie → Comment j'ai tué mon enfant → Rasputin → Ruta gloriosa → Le puits de Jacob → Harry Hills Jagd auf den Tod. 1. Teil → Marco Visconti → Paris qui dort → La società agricola italo somala nella Somalia italiana → Az elhagyottak → Ett köpmanshus i skärgården → Die Dame aus Berlin → La naissance des cigognes → Der Farmer aus Texas → Oberst Redl → La compagnie minière Congolaise → Der behexte Neptun → The Only Way → La terre de feu → Manasse → El señor feudal → Leibfiaker Bratfisch → Schatten der Weltstadt → Settled Out of Court → Der Bastard → Les canons damas à Nessonvaux → Die drei Portiermädel → Die Verrufenen → Die Moral der Gasse → Ein Sommernachtstraum → Öregrund-Östhammar → Le tabac de la Semois → Inauguração do Campo do Restelo da Casa Pia Atlético Club → Rejas y votos → Les misérables → Guillotine → Flygande holländaren → Varca napulitana → L'éveilleur d'instincts → Lebende Buddhas → Der Demütige und die Tänzerin → Der Flug um den Erdball, 1. Teil - Paris bis Ceylon → Weil Du es bist → Ísland í lifandi myndum → Roald Amundsen - Ellsworths flyveekspedition 1925 → La hija del corregidor → A cigány → Un fil à la patte → La damnation de Faust → Volk in Not → Eine vornehme Ehe → La bambola vivente → Les eaux de Spa → Karl XII, del II → L'éducation professionelle des conducteurs de tramway → Pesca dos Tubarões → L'électrification da la ligne Paris-Vierzon → Confessions → Dein Begehren ist Sünde ... → Mutiny → Hennes lilla majestät → Reveille, das große Wecken → Les louves → Två konungar → Der ungebetene Gast → Venetian Lovers → Wenn Du eine Tante hast → Kammermusik → Der Herr ohne Wohnung → Die Kleine aus der Konfektion → Le faiseur de statuettes → El ladrón de los guantes blancos → Die Tugendprobe. Eine lustige Begebenheit von der Waterkant → La petite bonne du palace → Det sovende Hus → Carmiña, flor de Galicia → Cabrita que tira al monte → Der schwarze Pierrot → Le miracle de Lourdes → Rien que les heures → Flickan i frack → Baldevins bryllup → Bufera → Fenesta ca lucive... → Targa Florio → Murtovarkaus → Une usine au travail → Le secret d'une mère → Bröllopet i Bränna → Fräulein Mama → Un fils d'Amérique → Med 'Maud' over Polhavet → Gretchen Schubert → L'ultimo lord → Im weißen Rößl → Los cuatro robinsones → Pilar Guerra → Una mujer española → Safety First → Parada Militar → O czym sie nie mysli → Le fauteuil 47 → Frauen und Banknoten → Over Atlanterhavet og gjennem Amerika → Der Balletterzherzog. Ein Wiener Spiel von Tanz und Liebe → Flickorna på Solvik → Die Försterchristel → Le p'tit Parigot → Der Jüngling aus der Konfektion → Simone → Die Wiskottens → La donna carnefice nel paese dell'oro → Fiaker Nr. 13 → Das Gasthaus zur Ehe → London → Die Fahrt ins Abenteuer → Die Boxerbraut → Die Unschuld ohne Kleid → Die Waise von Lowood → Cyganka Aza → Ich hab mein Herz in Heidelberg verloren → Spitzen → The Chinese Bungalow → Das Haus der Lüge → Afrikaanse plantages en installaties van de Compagnie Sucrerie Congolaise → Van Stanleystad naar Bukuma langs het spoor van de Grote Meren → Heiratsannoncen → Haifische der Nachkriegszeit → Wenn das Herz der Jugend spricht → Die Brüder Schellenberg → Receptie ter gelegenheid van het huwelijk van prinses Astrid en prins Leopold → De begrafenis van Kardinaal Mercier → London Love → La rose effeuillée → Titi premier, roi des gosses → La ducasse de Mons → Le Juif errant → Die Unehelichen → Die Pratermizzi → Hoheit tanzt Walzer → Die Königin des Weltbades → Wien - Berlin → L'aviation au Congo belge → Die geschiedene Frau → Der dumme August des Zirkus Romanelli → Luftskibet 'Norge's flugt over polhavet → The Island of Despair → The Triumph of the Rat → Quello che non muore → Kijkjes op een moderne veefokkerij in den Belgischen Kongo → Die Abenteuer des Prinzen Achmed → Le vertige → Currito de la Cruz → Gribiche → Nel mare di Livorno: Italia e Inghilterra → Die Gesunkenen → Das Panzergewölbe → Ulvejægerne → Der Mann aus dem Jenseits → Fänrik Ståls sägner → Till österland → La vie des travailleurs italiens en France → Michel Strogoff → Die schwarze Hanne → O Bicho da Serra de Sintra → Das Blumenwunder → Seeschlacht beim Skagerrak → Die Warenhausprinzessin → Wehe wenn sie losgelassen → Pédagogie → Schwiegersöhne → Küssen ist keine Sünd' → Geheimnisse einer Seele → Âme de femme → Schatz, mach' Kasse → Amapola → Herrn Filip Collins Abenteuer → Das deutsche Mutterherz → Die vom Schicksal Verfolgten → A buen juez, mejor testigo → La chaussée des géants → Der Stolz der Kompagnie → Fedora → Mein Freund der Chauffeur → A Electrificação da Linha de Cascais → Le château de la mort lente → Die weisse Geisha → Die Liebe der Bajadere → Staatsanwalt Jordan → Die Flucht in den Zirkus → Wien, wie es weint und lacht → Der gute Ruf → El idiota → The Qualified Adventurer → Cultura do Chá e dos Ananases, na Ilha de São Miguel → Petronella - Das Geheimnis der Berge → Le dédale → Die weiße Spinne → ...und hätte der Liebe nicht → A kutyamosó → As Festas dos Pescadores na Póvoa de Varzim → A Aldeia dos Macacos → El moroso de la nona → Sturmflut → A Benção dos Automóveis → Das Frauenhaus von Rio → Nanu, la cugina d'Albania → Da hält die Welt den Atem an → Comemoração do Aniversário do Armistício → Reconstituição de Aspectos da Vida Madeirense e Revelação de Costumes Populares → My Lord the Chauffeur → Lia → Destin → De zaanstreek → La casa del sole → Motoring → El negro que tenía el alma blanca → The House of Marney → Wenn Menschen reif zur Liebe werden → Prodotti azotati italiani → Brabo Films stelt voor eeinge zijner artiesten en het bestuur → Orle → Das Heiratsnest → Natur und Liebe → Grand Hotel...! → Das Fürstenkind → Der Sieg der Jugend → Wie heirate ich meinen Chef? → Les Communications aériennes au Congo → The Queen Was in the Parlour → Poppies of Flanders → Der Ober vom Münchnerhof → Lódz - miasto pracy → Die Villa im Tiergarten → Sacco und Vanzetti → Le chasseur de chez Maxim's → Ehekonflikte → Feme → Liebe geht seltsame Wege → Die Tragödie eines Verlorenen → Das Fräulein von Kasse 12 → Promithefs desmotis → A Semana dos Hospitais em Lisboa → Ich war zu Heidelberg Student → Die Frauengasse von Algier → La hermana San Sulpicio → Der Herr der Nacht → A Woman Redeemed → El cura de aldea → Die weisse Sklavin → Potsdam, das Schicksal einer Residenz → Porto, Cidade Invicta → Le manoir de la peur → Venus im Frack → Gauner im Frack → Bilderbogen der Ehe → Die Strecke → Durchlaucht Radieschen → Die Ehe einer Nacht → Elämän maantiellä → Usmiech losu → Ein schwerer Fall → Charité → Einbruch → Kleinstadtsünder → Der Geisterzug → Die Vorbestraften → Der falsche Prinz → La folie du jour → Gestrandete Menschen → Metropolis → O Sanatório do Outão → El Capote de paseo → Land of Hope and Glory → Miss Portugal → Wenn der junge Wein blüht → Malvaloca → Gehetzte Frauen → Laster der Menschheit → El tren - La pastora que supo amar → Arme kleine Sif → Exercícios de Táctica Aplicada → Klettermaxe → Der Soldat der Marie → Sortilegio → Die elf Teufel → Festas da Curia → Benno Stehkragen → El tonto de Lagartera → Madame wagt einen Seitensprung → El pilluelo de Madrid → Lucile → Die innere Mission in den Nöten und Leiden des Alltags → Die Lindenwirtin am Rhein → Martwy wezel → Halloh - Caesar! → Die Insel der verbotenen Küsse → Motherland → André Cornélis → Cortejo de 'Apoteose' da Província → De Lisboa a Cascais pelo Tejo → Die Liebe der Jeanne Ney → La muñeca rota → Romaria à Fátima → Un balilla del '48 (Il dramma degli umili nella luce dei Grandi) → Caçada aos Gamos no Alentejo → Leiria → Die Familie ohne Moral → Hast Du geliebt am schönen Rhein? → Orientexpress → Die Königin des Varietés → Carolina, la niña de plata → The Little People → Madre → Meine Tante - deine Tante → Die Achtzehnjährigen → Funkzauber → Der Sohn der Hagar → Rinaldo Rinaldini → Das heilige Land und Vater Schnellers Liebeswerk → Irrwege der Liebe → Die Csardasfürstin → Liebe → Estudiantes y modistillas → Los vencedores de la muerte → Carry On! → Terra sarda → Muche → Das Mädchen mit den fünf Nullen → O Segundo Desafio de Foot-Ball Portugal-França → Liebe im Rausch → Exibição de Material de Guerra → Eheskandal im Hause Fromont jun. und Risler sen. → Der letzte Walzer → Seine Majestät das Kind → Steh' ich in finstrer Mitternacht → Rutschbahn → Från kyffen till hälsobostäder → De brouwerij van Leopoldstad → In de dierentuin ondergaat een luipaard een heelkundige ingreep → Ich hatte einst ein schönes Vaterland → The Warning → Gottes Wundertaten unter dem Batavolk auf Sumatra → Villa Falconieri → La vena d'oro → Mikosch rückt ein → Das Girl von der Revue → Wolga Wolga → The Bells of St. Mary's → Wenn die Mutter und die Tochter... → Casanova → La danseuse Orchidée → You Know What Sailors Are → Die geheime Macht → Freiwild → Maldone → Moderne Piraten → God's Clay → Corazones sin rumbo → Mooi Bandoeng → Casaque damier... toque blanche → Die Frau von gestern und morgen → Zwei rote Rosen → A Serra do Trancão → Der Fall des Staatsanwalts M... → Compagnie des chemins de fer du Congo → A Window in Piccadilly → Le tournoi → Batalla de damas → Dans l'ombre du harem → Nterra 'e Surriento → Glorious Youth → Schenk mir das Leben → Die Wochenendbraut → Der Zarewitsch → Unfug der Liebe → Hara-Kiri → Monsieur mon chauffeur → Die Filmstadt Hollywood → Besteldiensten per auto in Kongo → Brigata Firenze → Yvette → Schwejk in Zivil → Das weiße Stadion → Ya t'oyí → The Rising Generation → Carnaval de Malmédy → Der fesche Husar → Femme belge Gabrielle Petit → L'âme de Pierre → Frau Sorge → Dawn → Seine stärkste Waffe → Paris-New York-Paris → The Blue Peter → Dienstmann Nr. 13 → Une java → L'union minière du Haut-katanga → Liebe im Kuhstall → Kopf kalt: Füße warm → La venenosa → What Next? → The First Born → Petite fille → Ein Lieb, ein Dieb, ein Warenhaus → Houp-La! → Die Pflicht zu schweigen → La fonico → Fabricante de suicidios → Love's Option → La madone des sleepings → Zero → The Forger → Die tolle Komtess → La grande envolée → Fabrication du savon → Der größte Gauner des Jahrhunderts → Il carnevale di Venezia → De olympische spelen → Le cSK → Valencia, protectora de la infancia → Two Little Drummer Boys → Le prince Jean → Der Geliebte seiner Frau → Heimkehr → Wait and See → Glück bei Frauen → Viaggio di nozze in sette → Lemkes sel. Witwe → Ariadne in Hoppegarten → Leontines Ehemänner → La passion de Jeanne d'Arc → Amateurfilms over Oostende → Diebe → Heut' war ich bei der Frieda → Vila Viçosa → Pan Tadeusz → Der Fremdenlegionär → Una aventura de Hilario Martínez → Du sollst nicht stehlen → Die Heiratsfalle → Das Hannerl von Rolandsbogen → Synd → La forminière → Cocktails → Die Todesschleife → Pas si bête → Barreiro → Das Geheimnis von Genf → S.O.S. → De brouwerijen van Katanga → Paradise → Der alte Fritz - 2. Ausklang → Polonia Restituta → Artisten → Das Mädel aus der Wachau → Die Dame und ihr Chauffeur → La menace → Panik → La storia di una piccola Parigina → Paris express → Schinderhannes → Der Traum eines österreischischen Reservisten → Ritter der Nacht → A Praia da Adraga → Revolutionshochzeit → Die Dame in Schwarz → For Valour → Mia fia → Le baiser qui tue → The White Sheik → Montecarlo → Liebe und Diebe → Bolibar → Bosontginningen door Agrifor → Le confessioni di una donna → Marys großes Geheimnis → Jokeren → Victory → Inaugurazione del monumento ai caduti di Andretta → Ein Mädel mit Temperament → Frauen am Abgrund → Maratona → Manifatture cotoniere meridionali → L'x misterioso → Was kostet Liebe? → Säg det i toner → Fécondité → The Wrecker → Tu m'appartiens! → Hütet euch vor leichten Frauen → High Seas → Die seltsame Vergangenheit der Thea Carter → Z dnia na dzien → Ces dames aux chapeaux verts → Le mani sugli occhi → Das Land ohne Frauen → Ponto e Vírgula a Pão e Água → Der letzte Adler → Das Mädel mit der Peitsche → L'évadée → Asile de nuit → Ein kleiner Vorschuß auf die Seligkeit → Novilhada em Montemor-O-Novo → Viaggio delle LL. MM. il Re e la Regina in Sardegna → A Foz dos Rios do Minho → Cavalaria Portuguesa → Astero → L'appel du large → La meilleure maîtresse → The Adventures of Dick Turpin → Midi → Wille und Werk → El héroe de Cascorro → The Vagabond Queen → Makrya ap' ton kosmo → Korkein voitto → Nachtlokal → Ich lebe für Dich → Peau de pêche → S.O.S. Schiff in Not → Spiel um den Mann → A dança dos paroxismos → Die Frau im Talar → J'ai l'noir ou Le suicide de Dranem → Die Ehe → Carillons et dentelles, chansons de rivières → Hjärtats triumf → Jugendsünden → I bora → La concilizione tra l'Italia e il Vaticano → Die Konkurrenz platzt → The Silent House → Los claveles de la virgen → The American Prisoner → Agustina de Aragón → Der Mitternachtswalzer → Sole! → Overstromingen in 1929 → Die Schleiertänzerin → La merveilleuse vie de Jeanne d'Arc → Der Monte Christo von Prag → La femme et le pantin → The Third Eye → Die nicht heiraten dürfen → The Flying Squad → Die Halbwüchsigen → Die Mitternachts-Taxe → The Runaway Princess → Die kleine Veronika → Wer wird denn weinen, wenn man auseinandergeht? → El león de Sierra Morena → Drei machen ihr Glück → Puglia → Pavillon belge à l'exposition de Barcelone → The Silver King → De heilige bloedprocessie → Der Ruf des Nordens → A Peep Behind the Scenes → Das Schiff der verlorenen Menschen → Emerald of the East → Vertauschte Gesichter → The Flying Scotsman → Laila → Die Abenteurer G.m.b.H. → Kolonne X → Les nouveaux messieurs → Belgique et Grand Duché de Luxembourg → Anschluß um Mitternacht → Quer durch den Sport → Giftgas → Trust der Diebe → L'arpète → Frühlingserwachen → Diga di Maghmod → Hingabe → Verirrte Jugend → La locandiera → Cyriel Buyssehulde → Czlowiek o blekitnej duszy → Der Bund der Drei → La Glu → Nuits de princes → Mustalaishurmaaja → The Lady from the Sea → Die keusche Kokette → Colorín → Dragus → Frozen Fate → Ve' den, der lyver → Autobus Nr. 2 → Wol → Rasputin → L'âme du bled → Alpini sciatori → Sünde und Moral → The Rocket Bus → Der Dieb im Schlafcoupée → L'appel de la chair → Alraune → Thi kendes for ret → Großstadtschmetterling → Szlakiem hanby → Der Günstling von Schönbrunn → Aufstieg - Ein Film vom Werden und sozialen Wirken des Verbandes der Fabrikarbeiter Deutschlands → Durchs Brandenburger Tor. So lang' noch untern Linden ... → Opere assistenziali dell'Istituto Nazionale di Previdenza Sociale → Just for a Song → Ulla min Ulla → Pas paa pigerne → Der Herr auf Bestellung → Black and White → La fille de Roland → Gia tin agapi tis → Moral um Mitternacht → Au pays des Basques → Die Jagd nach der Million → Excursión del círculo mercantil de Las Palmas a Tenerife → Ruhiges Heim mit Küchenbenutzung. Das Mädel von der Operette → Birds of Prey → French Leave → Cooperatia → La barcarolle d'amour → Ein Tango für Dich → Wenn die Abendglocken läuten → Mozo de granja → La flamme du souvenir → Gigolo → Por un milagro de amor → Serenata Tzigana → Die Jugendgeliebte → Alimente → Des Kaisers Kulis → Eine Freundin so goldig wie Du → Igiene della scuola → Rapacité → Le mystère de la villa rose → Warned Off → Il campeggio 'Dux' 1930 → Historische stoet. Eerste sortie. 3 augustus 1930 → A Vida do Soldado → Burya na mladostta → Ve' den, der lyver → Der Herrgottschnitzer von Oberammergau → Terrors → Ehestreik → Wellen der Leidenschaft → Tatsachen - Das zeigt Euch seit 10 Jahren die AIZ → Elstree Calling → Lobito em Comboio → Sous les toits de Paris → Beyond the Cities → The Loves of Robert Burns → Les dernier cloutiers → Dreyfus → Hendrik Conscience → Die vom Rummelplatz → Gwiazdzista eskadra → Aspectos de Castelo de Vide → Peter Benoît → Bünzlis Grossstadt-Erlebnisse → Au bonheur des dames → La petite Lise → El empecinado → Norrlänningar → Albrecht Rodenbach → Wenn Du noch eine Heimat hast → Ommegang 1930. Eerste sortie → 48 pesetas de taxi → Dolly macht Karriere → La leggenda di Wally → Ta galazia keria → Suspense → Le capitaine jaune → Die zärtlichen Verwandten → Der weiße Teufel → The Night Porter → To tragoudi tis flogeras → Quann'ammore vò filà → Lord Richard in the Pantry → Carnaval de Binche → Santarém → Crociera aerea Italia-Brasile: Fase preparatoria → Une belle garce → Das Rheinlandmädel → Mon gosse de père → Rot Sport marschiert → Hr. Tell og Søn → Verso la terra → Leutnant warst Du einst bei deinen Husaren → Der Sohn der weißen Berge → Rookery Nook → Should a Doctor Tell? → Assunta Spina → För hennes skull → Travail du verre → Das lockende Ziel → Die Lindenwirtin → Suomen puu- ja paperiteollisuus → Das Wolgamädchen → Skandal um Eva → Wer hat Bobby gesehen? → Ninna nanna delle dodici mamme → Vlaamsche koppen → Einbrecher → The Love Waltz → Charlotte Löwensköld → Fräulein Lausbub → Alf's Button → Not So Quiet on the Western Front → Kohlhiesels Töchter → Der Nächste, bitte! → Ravenna nella luce del passato e nelle attività del presente → Van Dam Diamant → Tons of Money → Ein Walzer im Schlafcoupé → Wiener Herzen → Zweimal Lux → Gehetzte Mädchen → Das Mädel aus U.S.A. → 1000 Worte deutsch → Zalacaín el aventurero → Achtung! Auto-Diebe! → Farornas ö → Der blaue Engel → Das Land des Lächelns → Angola Económica → General Babka → L'ingénu libertin → Red Aces → La parola che vola (Il telegrafo) → Kissing Cup's Race → Die Csikosbaroneß → Il mistero dell'Artide - Spedizione Albertini → Bockbierfest → The Last Hour → Herra Elanto → Pariser Unterwelt → La servante → Ruines → La canzone dell'amore → Polizeispionin 77 → Cortège historique. 3 août 1930 → Boykott → Oi apahides ton Athinon → Der falsche Feldmarschall → Dusze w niewoli → 'Roah-Roah!' Der Schrei der Sehnsucht → Liebe und Champagner → Das Lied ist aus → Ver e Amar! → Such Is the Law → Fundvogel → O Caminho de Ferro de Benguela → To oneiron tou glyptou → La nuit est à nous → Die spanische Fliege → The Ghost Train → Tout s'arrange → La scala → Autour d'une enquête → Boule de gomme → La femme et le rossignol → Der brave Sünder → Carmen → Sein Scheidungsgrund → The Beggar Student → Der Stumme von Portici → Wiener Zauberklänge → Der Draufgänger → The Skin Game → Le chanteur inconnu → Die Mutter der Kompagnie → Tilly of Bloomsbury → Ein ausgekochter Junge → Patatrac → Kyritz - Pyritz → Le plus joli rêve → A Crofter's Life in Shetland → Mädchen in Uniform → Die Marquise von Pompadour → Stamboul → Azaïs → Kameradschaft → Amours viennoises → Poor Old Bill → Le costaud des PTT → Chez les buveurs de sang → Gloria → Contraband Love → The Loves of Ariane → El embrujo de Sevilla → Jääkärin morsian → Dienen will ich → Der Raub der Mona Lisa → Other People's Sins → Kasernenzauber → Princesse, à vos ordres! → Old Soldiers Never Die → L'étrangère → Stella Violanti → Gesangverein Sorgenfrei → Erämaan turvissa → Das Kind und die Welt → The Flying Fool → Im Geheimdienst → Resurrectio → The Last Tide → Reserve hat Ruh → Kampioenschap van Vlaanderen → In Wien hab' ich einmal ein Mädel geliebt → Der kleine Seitensprung → Schneider Wibbel → Stella del cinema → Passeport 13.444 → Der verjüngte Adolar → The House of Unrest → Der Ball → Arme, kleine Eva → Carnival → The Wickham Mystery → Ich geh' aus und Du bleibst da → La fin du monde → Roumanie, terre d'amour → Le roi des aulnes → Die Bräutigamswitwe → Röda dagen → No Lady → Coquecigrole → Le million → The Perfect Lady → A Man of Mayfair → L'inconstante. Je sors et tu restes là → The Love Race → On opère sans douleur → La lanterna del diavolo → Sirocco → The Speckled Band → Himatschal - Der Thron der Götter → Les amours de minuit → Trara um Liebe → Mon ami Victor → Der Erlkönig → Uma Fábrica de Trigo → Der Hochtourist → A fekete autó → Viaggio delle LL. AA. RR. i Principi di Piemonte in Tripolitania → Mischief → Le cap perdu → Die Nacht der Entscheidung → Das Schicksal der Renate Langen → Sola → Partir → 1914, die letzten Tage vor dem Weltbrand → East Lynne on the Western Front → I Kantonnement → Les cinq gentlemen maudits → Tout ça ne vaut pas l'amour → Wspomnienia → Négylevelü lóhere → Kopfüber ins Glück → Le bal → Kaiserliebchen → Blanc comme neige → Hotell Paradisets hemlighet → Figaro e la sua gran giornata → Het Bezoek van Eisenstein aan Holland → Ma tante d'Honfleur → Les vacances du diable → Das Schicksal einer schönen Frau → Aspectos de Sintra → Im Auto durch zwei Welten → Many Waters → Son altesse l'amour → Jeder fragt nach Erika → Out of the Blue → De koers Cinzano Temsche → Isabel de Solís, reina de Granada → Brown Sugar → O Mosteiro de Alcobaça → La segretaria privata → Amour et discipline → San ti nykta ekeini → Hardi les gars → The Shadow Between → Pjerrot → En kärleksnatt vid Öresund → Moritz macht sein Glück → Danton → Delphine → Up for the Cup → Au pays du scalp → La femme-poisson → Feira do Alentejo → Madeiras → O Monumento da Guerra Peninsular → Das Mädel vom Montparnasse → La mujer a través del arte → Psychomotore aandoeningen → O Castelo de Beja → Svarta rosor → Impressões da Figueira da Foz → Peter Voss, der Millionendieb → Aspectos de Santarém → Troubles psycho-moteurs → Duas Regiões Vinhateiras → A Night Like This → Unmögliche Liebe → Number Seventeen → Dzikie pola → Aspectos da Visita Ministerial ao Norte → Puszcza → Svärmor kommer → El sabor de la gloria → Coeur de lilas → Les trois mousquetaires → The Temperance Fete → L'âne de Buridan → When London Sleeps → Le carillon de la liberté → The Frightened Lady → A Visita do Ministro das Colónias à África → Criez-le sur les toits → La tavola dei poveri → Women Who Play → Das Lied einer Nacht → Mensch ohne Namen → Friederike → Piri mindent tud → Een aloude legende: Ommeganck van O.L.V. van Deinsbeke, Zottegem → Das Geheimnis um Johann Orth → El último día de Pompeyo → L'affaire est dans le sac → Kiki → The Call Box Mystery → The Midshipmaid → Schön war's doch → Ich bei Tag und du bei Nacht → O Primeiro Comboio-Mistério → Lumpenkavaliere → The House Opposite → O Rio Guadiana → L'armata azzurra → Maurin des Maures → L'homme qui ne sait pas dire non → Allo Berlin? Ici Paris! → Love on the Spot → F.P.1 antwortet nicht → La petite de Montparnasse → Josser on the River → The Lucky Number → A Lucky Sweep → Ikarus → Suomi kutsuu → Fanny → Wie sag' ich's meinem Mann? → That Night in London → O II Portugal-Jugoslávia → Le rosier de Madame Husson → Strafsache van Geldern → Jardim Escola e Museu João de Deus → I Rali dos Automóveis Antigos → Lügen auf Rügen → O Desbravamento das Charnecas → Skal vi vædde en million? → Giornate di fuoco a Shanghai → Tod über Shanghai → Le cordon bleu → Le chant du marin → Sten Stensson Stéen från Eslöv på nya äventyr → Vozes da Cidade → Fábrica Portugal → Es wird schon wieder besser → Beja Agrícola → Szyb L-23 → Chouchou poids plume → Legion ulicy → Kirke og orgel → Watch Beverly → Campeões do Pedal → Chauffeur Antoinette → O la borsa o la vita → Os Funerais de D. Manuel de Bragança → L'amoureuse aventure → Corrida de Automóveis → Fabricação de Cerveja → Amor de Mãe → O 130º Aniversário do Colégio Militar → Le roi des palaces → Murder at Covent Garden → Festival Taurino → The Love Contract → Le premier mot d'amour → Le vainqueur → The Toiler → O Mosteiro do Bostelo → La cure sentimentale → Holzapfel weiß alles → A Tight Corner → Es war einmal ein Walzer → Service for Ladies → Buenos días → Paris-Méditerranée → Money Talks → Le sergent X → Grün ist die Heide → The New Hotel → Tabes → Brumes de Paris → Hôtel des étudiants → Wenn dem Esel zu wohl ist... → Rasputin, Dämon der Frauen → Água Mola em Pedra Dura... → Illegal → O Comboio Mistério → Un coup de téléphone → Frauen, Masken und Dämonen → Ballhaus goldener Engel → Her First Affaire → Les croix de bois → Chair ardente → Han, hun og Hamlet → Kuisma ja Helinä → Prima dragoste → Tell Me Tonight → Cognasse → Päikese lapsed → Mondas → Ce cochon de Morin → Traum von Schönbrunn → Carnaval dos Estudantes → Arms and the Man → Nine Till Six → Le fils de l'autre → Fräulein - Falsch verbunden → Slikken → In a Monastery Garden → Leixões → Os Funerais do Arcebispo de Braga → Der Schützenkönig → Un chien qui rapporte → La telefonista → El hombre que asesinó → Der Diamant des Zaren → Ein Lied, ein Kuß, ein Mädel → Nacht der Versuchung → Aspectos de Évora → O Liceu Central de Faro → O XV Quilómetro de Arranque → La chauve-souris → Wild Women of Borneo → Theodor Körner → Estância do Senhor da Serra → The Mistress of Atlantis → Grandiosa Tourada Histórica → La merveilleuse journée → L'amour et la veine → Das schöne Abenteuer → White Face → Aspectos de Aveiro → Maquillage → The Missing Rembrandt → Carceleras → La vecchia signora → L'affaire Blaireau → Vindimas no Ribatejo → Prisonnier de mon coeur → As Festas da Cidade de Tavira → En stulen vals → Die Tänzerin von Sanssouci → After Office Hours → Fantegutten → Men of Tomorrow → Men of Steel → Cerebrellaire aandoeningen → Kuhle Wampe oder: Wem gehört die Welt? → Il a été perdu une mariée → Embrassez-moi → Idylle dans la Venise du Nord → Fürst Seppl → Zwei Ritter ohne Furcht und Tadel → Castle Sinister → Mr. Bill the Conqueror → The Barton Mystery → Strich durch die Rechnung → Marry Me → Down Our Street → Der Führer → Spione im Savoy-Hotel → Os Funerais de D. Manuel → Kampf um den Rhein → O Alentejo Agrícola → Good Night, Vienna → Les gaîtés de l'escadron → So ein Mädel vergißt man nicht → Das Testament des Cornelius Gulden → Monsieur, Madame et Bibi → Il presepio → Troubles cérébelleux → La complice → A Chegada ao Tejo do Porta-Aviões → Baroud → La fleur d'oranger → Lily Christine → Modärna fruar → Baby → Suomi kutsuu II - Lounais-Suomi → Vila Viçosa → Cinque a zero → Anti-alcohol → Beja Monumental → Mieter Schulze gegen alle → Les vignes du seigneur → Tin Gods → Un fil à la patte → Le rayon des amours → Ein Lied geht um die Welt → The Melody-Maker → Âme de clown → As Mais Lindas Raparigas da Europa → Timbuctoo → De Sol a Sol → The Pointing Finger → Die Nacht der großen Liebe → Ítél a Balaton → Mannequins → Aniversário do Armistício → Naughty Cinderella → Rákóczi-induló → El relicario → Como Se Fabricam Lâmpadas em Portugal → Alfama → Doss House → Knock, ou le triomphe de la médecine → Happy → Le soir des rois → Matricule 33 → Die Blume von Hawaii → Aos Mortos da Grande Guerra → Le tunnel → L'homme à la barbiche → Les amours de Pergolèse → Die vom Niederrhein → De 28 de Maio de 1926 Até ao Presente → La robe rouge → Acqua cheta → Schwarzwaldmädel → Pretos da Guiné → L'assommoir → Vila Nova de Gaia → Foot-Ball: O 28º Porto-Lisboa → Luftens vagabond → Heideschulmeister Uwe Karsten → Mysterium des Geschlechtes → L'indésirable → Enemy of the Police → Hochzeit am Wolfgangsee → Das Testament des Dr. Mabuse → Inled mig i frestelse → Le coucher de la mariée → Une femme au volant → Ein gewisser Herr Gran → L'homme à l'Hispano → Cenas Típicas de Lisboa → ...und es leuchtet die Pußta → Meidän poikamme merellä → Château de rêve → Pupín y sus amigos → Die blonde Christl → Gardez le sourire → Saeta → Mannequin → The Shadow → Sinfonia de Imagens → Das verliebte Hotel → The King's Cup → Her Imaginary Lover → Hemslavinnor → Hälsingar → Jocelyn → Nada de Novo... em Óbidos → Københavnere → Yes, Mr. Brown → Caprice de princesse → Paris-Deauville → Il caso Haller → Der Traum vom Rhein → Lord of the Manor → The Private Life of Henry VIII → Frühlingsstimmen → Barredo, Bairro do Porto → She Was Only a Village Maiden → Ask Beccles → Song of the Plough → Flüchtlinge → A bor → Abenteuer am Lido → Plaisirs défendus → The Man from Toronto → Breve Comentário Sobre Sintra → Colomba → Açúcares de Angola → La tête d'un homme → L'argent par les fenêtres → Der Stern von Valencia → Landbouw in Katanga → De omloop der Vlaamsche gewesten → Jeunes filles en liberté → Gitanes → Reifende Jugend → Great Stuff → Tire au flanc → La Maternelle → Saa til søs → Les vingt-huit jours de Clairette → Follow the Lady → Il était une fois → Djurgårdsnätter → Heut' kommt's drauf an → Heimat am Rhein → Arredores de Portalegre → Facing the Music → Just My Luck → Serras Típicas → Skandal in Budapest → Rocambole → Do Porto à Citânia de Briteiros → Manolescu, der Fürst der Diebe → Cinco Minutos na Neve → A Festa de Cavalaria → Vica, a vadevezös → Bach millionnaire → O Primeiro Estúdio Sonoro em Portugal → Der Tunnel → Covilhã e os Seus Arredores → Sprung in den Abgrund → Die kalte Mamsell → Die Unschuld vom Lande → Indústria de Lanifícios → Don Quichotte → Der Judas von Tirol → Die Herren vom Maxim → The Ghoul → Lucky Blaze → O I Congresso Ferroviário → Roger la Honte → Uma Excursão à Serra da Estrela → Adubações → King of the Ritz → Une idée folle → Der Meisterdetektiv → Gipfelstürmer → That's a Good Girl → Inge und die Millionen → Pour être aimé → Metall → Nyhavn 17 → Prince of Arcadia → Fridolf i lejonkulan → Waltz Time → Wyrok zycia → Vilas Fronteiriças → Le voleur → Uma Revelação → Vad veta väl männen? → Résidence Palace → Maid Happy → Kakos dromos → Grande Exposição Industrial Portuguesa → Den farliga leken → Sette giorni cento lire → The Butterfly Affair → The Ghost Camera → Tango → Ihre Durchlaucht, die Verkäuferin → Der Page vom Dalmasse-Hotel → Heimkehr ins Glück → O Cimento → A Pesca do Sável → Monumentos Religiosos → Mercedes → Az ellopott szerda → Hustru för en dag → Touchons du bois → La femme invisible → Kära släkten → A Preparação do Filme 'Gado Bravo' → Przybleda → Quatorze Juillet → Record da Volta a Portugal → Head of the Family → Shot in the Dark → Out of the Past → L'ordonnance → Debulhas → Ist mein Mann nicht fabelhaft? → Das Lied der Schwarzen Berge → Der sündige Hof → Ne 45000 → I.F.1 ne répond plus → De Noite → Prenez garde à la peinture → The Umbrella → F.P.1 → Was wissen denn Männer → 5 raske piger → Ève cherche un père → Adieu les beaux jours → The Little Damozel → Barcos de Socorro → Autour du Borinage → Leave It to Me → Le cavalier Lafleur → Teresa Confalonieri → To Be a Lady → Festas Escolares em Setúbal → Czarna perla → Meine Frau, die Schützenkönigin → Sol en la nieve → Sierra de Ronda → The King of Paris → La chanson de l'adieu → Lisboa, Cais da Europa → L'Atalante → Arlette et ses papas → Gado Bravo → Mes bretelles → Un petit trou pas cher → L'autoritaire → Von der deutschen Scholle zur deutschen Hausfrau → Poliche → Sidonie Panache → Spiel mit dem Feuer → Les deux mousquetaires de Nini → Ida regánye → København, Kalundborg og - ? → Przeor Kordecki - obronca Czestochowy → Kocha, lubi, szanuje → Ein Stern fällt vom Himmel → Zu Straßburg auf der Schanz → Pipin, der Kurze → Helyet az öregeknek → Rapsodia in Roma → Faces → Klein Dorrit → Menace → Un drôle de numéro → Famille nombreuse → Jungfrau gegen Mönch → Auf den Spuren der Hanse → Guest of Honour → Der letzte Walzer → Les bleus de la marine → Womanhood → Atlantäventyret → Sometimes Good → The Third Clue → Gloria → Creature della notte → Uppsagd → Le train de huit heures quarante-sept → Meet My Sister → Schön ist jeder Tag den Du mir schenkst, Marie Luise → Peer Gynt → Das Blumenmädchen vom Grand-Hotel → La fanciulla dell'altro mondo → Kentucky Minstrels → Le calvaire de Cimiez → Forbidden Territory → Torneio de Tiro aos Pratos da Ajuda → Dernière heure → Open All Night → Aurora sul mare → General John Regan → The Black Abbot → Le paquebot Tenacity → The Blue Squadron → A Southern Maid → Freedom of the Seas → Kiki → Give Her a Ring → Volldampf voraus! → Rotschild leánya → Travail du passementier → Deux blondes → A Cup of Kindness → Fräulein Frau → Heimat am Meer → Georges et Georgette → Der Herr ohne Wohnung → Die Frauen vom Tannhof → Tiger Bay → The Old Curiosity Shop → Raudan jalostusta Suomessa I-VI → L'empreinte sanglante → La garnison amoureuse → Viva la vida → Murder at the Inn → Die beiden Seehunde → Krach um Jolanthe → Circuito Industrial de Luanda → The Church Mouse → Temptation → Intermezzo → Gay Love → Der Schimmelreiter → Forgotten Men: The War as It Was → Der verlorene Sohn → L'ange gardien → De verloofde uit Canada → Die Insel → Evergreen → Il canale degli angeli → Malle gevallen → Die große Chance → Liebe, Tod und Teufel → Ich für dich, du für mich → La crise est finie → XVe IJzerbedevaart (Hulde L. De Boninghe en Fr. Van der Linden) → Chu Chin Chow → Eine Siebzehnjährige → Lila akác → What Happened Then? → Das Erbe von Pretoria → Les misérables → O Primeiro Rebite no Dão → The Admiral's Secret → Der Springer von Pontresina → The Girl in Possession → Evensong → Viaggio di S.M. il Re in Somalia (novembre-dicembre 1934) → Stadio → Co mój maz robi w nocy → Adémaï aviateur → Revue montmartroise → The Secret of the Loch → Ein Kind, ein Hund, ein Vagabund → Father and Son → La cinquième empreinte → Nuit de mai → Un homme en or → Invasión → L'enfant du carnaval → Bypass to Happiness → The Four Masked Men → Lockvogel → Egy éj Velencében → La canzone del sole → Danny Boy → Zimmermädchen... Dreimal klingeln → La maison dans la dune → William Tell → Le dernier milliardaire → Bouboule 1er, roi nègre → Little Stranger → Miradouros de Lisboa → Fanatisme → New Rates → Az új rokon → Les précieuses ridicules → Was bin ich ohne Dich → Lost in the Legion → L'article 382 → Youthful Folly → Der Vetter aus Dingsda → Tempo massimo → Dos mujeres y un Don Juan → Les filles de la concierge → Wäsche - Waschen - Wohlergehen → Mit dir durch dick und dünn → N'épouse pas ta fille → The Soul of a Nation → Blind Justice → Gauja → In Sachen Timpe → Death at Broadcasting House → Stormy Weather → Say It with Diamonds → Amants et voleurs → Szerelmi álmok → Le baron tzigane → Der Mann mit der Pranke → Ein falscher Fuffziger → Bonne chance! → Bulldog Jack → Flickor på fabrik → Ball im Savoy → Bibi-la-Purée → Brown on Resolution → La marche nuptiale → Sous la terreur → Lend Me Your Wife → Episode → Petersburger Nächte → Bretter, die die Welt bedeuten → Turn of the Tide → Heart's Desire → Maria Marten, or The Murder in the Red Barn → Vintage Wine → Moïse et Salomon parfumeurs → Die blonde Carmen → Cleo, robes et manteaux → Two Hearts in Harmony → Zirkus Saran → Du har lovet mig en kone! → Gaspard de Besse → Im weißen Rößl → Königsmark → Kampf um Kraft → Como Se Fabrica o Sabão → Three Witnesses → L'île de Pâques → La coqueluche de ces dames → Mein Leben für Maria Isabell → Inside the Room → Bout de chou → Can You Hear Me, Mother? → Antonia, romance hongroise → Stradivarius → Rolling Home → L'affaire Coquelet → Kalevalan mailta → The Private Secretary → Madrid se divorcia → Les époux célibataires → E lucean le stelle → Der Außenseiter → Csardas → En avant la musique → Lilies of the Field → Een groot Vlaming is ons ontvallen: Lieven Gevaert → Der junge Graf → Op stap → La hija de Juan Simón → Drake of England → Der Himmel auf Erden → Die selige Exzellenz → Sexton Blake and the Mademoiselle → Peter, Paul und Nanette → Play Up the Band! → Halló Budapest! → April, April! → The Immortal Swan → Il serpente a sonagli → Le monde où l'on s'ennuie → Das Mädchen Johanna → Vanity → Rasmines bryllup → Danmarksfilmen → Panienka z poste restante → La fille de Madame Angot → Wenn ein Mädel Hochzeit macht → Royal Cavalcade → Filmul Iasilor → Man of the Moment → Budai cukrászda → Sanders of the River → Rêve éternel → The Hope of His Side → La viuda quería emociones → Festas da Cidade → School for Stars → Justin de Marseille → Nacht der Verwandlung → Le roi des gangsters → Alles um eine Frau → Lend Me Your Husband → Großreinemachen → Rapsodia Baltyku → Marius et Olive à Paris → Swedenhielms → Midshipman Easy → Skärgårdsflirt → The Village Squire → El malvado Carabel → Alles für die Firma → A Abertura da Assembleia Nacional → Get Off My Foot → Frischer Wind aus Kanada → Doce hombres y una mujer → R.A.F. → Hommage au poilu inconnu belge → Glückspilze → Napoli verde-blu → Friesennot → Knockout - Ein junges Mädchen, ein junger Mann → Le bébé de l'escadron → L'avvocato difensore → Veille d'armes → A Praia da Rocha → Jonny, haute-couture → La verbena de la Paloma → La bandera → As Pupilas do Senhor Reitor → Lorenzino de' Medici → Der Ammenkönig → De Big van het regiment → Nem élhetek muzsikaszó nélkül → Aldebaran → Jacqueline fait du cinéma → Eine Nacht an der Donau → Une nuit de noces → Street Song → Les hommes oubliés → Odette → Nobleza baturra → Butter and Egg Man → Le domino vert → The Riverside Murder → Jadzia → Les grands → I Portugal-Alemanha em Futebol → Conquistatori d'anime → Comícios Anti-Comunistas → Mädchen in Weiß → Martha → Castillos en Castilla → Um Passeio Sindical → O Trevo de Quatro Folhas → The Shadow of Mike Emerald → Le nouveau testament → Tipos Populares de Lisboa → Der verkannte Lebemann → Veinte mil duros → Vila Real → Wierna rzeka → Madona in Warenhaus → Le mioche → A Benção aos Barcos de Pesca do Bacalhau → Il grande appello → Calling the Tune → Cantares do Norte → 65, 66 och jag → Luck of the Turf → Estarreja → Fiordalisi d'oro → Mademoiselle Mozart → Strange Cargo → Don Bosco → Klokslag twaalf → ¿Quién me quiere a mí? → Parada da Polícia de Lisboa → Hearts of Humanity → No me mates → Everything in Life → Santarém → The Last Waltz → Abajo los hombres → Southern Roses → Seine Tochter ist der Peter → Notável Vila de Constância → Amo te sola → Aux jardins de Murcie → La peur → A Neve na Serra da Estrela → I Live Again → Primeiro Portugal-Áustria em Futebol → Ein Hochzeitstraum → La mystérieuse lady → Milk → Le mari rêvé → Ovar → Jungbann 2 → Ski e Alpinismo na Serra da Estrela → Le disque 413 → Happy Days Are Here Again → Message from Geneva → Äventyret → Estoril à Tarde → Hail and Farewell → The Bank Messenger Mystery → Le roman d'un tricheur → Midnight at Madame Tussaud's → Um Passeio a S. Jacinto → Cantanhede → Reasonable Doubt → Mieheke → La mariée du régiment → Pastores → La marraine de Charley → Crime Over London → Der Weg nach Shanghai → Festas de Colares → Das Hofkonzert → A Caminho de Madrid → Silhouetten → Kenes Brit Hekhayal → Such Is Life → XVIIe IJzerbedevaart (hulde aan de Heldenhuldezerkjes) → Wenn der Hahn kräht → Moutonnet → Mosteiro dos Jerónimos → She Knew What She Wanted → Sept hommes, une femme → Cloistered → Un mauvais garçon → Du bist mein Glück → Vizela → Heißes Blut → Dunaparti randevú → Guilty Melody → Kermisgasten → Melody of My Heart → Las tres gracias → The Heirloom Mystery → Flitterwochen → Singende Jugend → Neunzig Minuten Aufenthalt → Reuniões Mundanas no Funchal → Castelos de Portugal → Indústria de Madeiras → Reguengos de Monsaraz → Vida Alentejana → Kopfjäger von Borneo → Dodek na froncie → Le collier du grand duc → Donner, Blitz und Sonnenschein → Exposição - Feira de Santarém → Refinação Mecânica → Hot News → You Must Get Married → Port Arthur → Rancho dos Esticadinhos → J'ai gagné un million → Bocage → Notre-Dame d'amour → The Crimson Circle → Prison Breaker → Schlußakkord → Une gueule en or → Estoril às Seis → Câmara de Lobos → One Good Turn → Actualidades Desportivas → Pensaci Giacomino → The Crimes of Stephen Hawke → La petite sauvage → Glückskinder → Hilde und die vier PS → 28 de Maio no Funchal → Keep Your Seats, Please! → Pay Box Adventure → Der Favorit der Kaiserin → L'antenato → Les demi-vierges → Patos e Pombos → Schulter an Schulter → Die Unbekannte → Paul und Pauline → La main passe → The Secret Voice → Entre-os-Rios → Stadt Anatol → Two on a Doorstep → Tomorrow We Live → Ma non è una cosa seria → L'île de la solitude → Valse royale → The Improper Duchess → Sacré Léonce → Die Entführung → Guimarães Monumental → Pan Twardowski → Festa de Homenagem ao Abade de Baçal → Murder at the Cabaret → Il re Burlone → As Grandes Indústrias Nacionais → Mädchenpensionat → De Coimbra ao Buçaco → Una donna tra due mondi → The Invader → Dwa dni w raju → Fiakerlied → Trois jours de perm' → Eine Frau ohne Bedeutung → Como Se Preparam Campeões → Im Trommelfeuer der Westfront → Zivatar Kemenespusztán → Paloma de mis amores → Blind Man's Bluff → Convento de Mafra → Jego wielka milosc → Not So Dusty → Spiel an Bord → Termas de S. Pedro do Sul → Aspectos da Beira → Tropical Trouble → Straßenmusik → Faisons un rêve... → Les bateliers de la Volga → Alla tiders Karlsson → A Touch of the Moon → Le roi → Le mort en fuite → Second Bureau → Die un-erhörte Frau → Passé à vendre → Musica in piazza → L'école des journalistes → Michel Strogoff → Show Flat → L'esclave blanc → Pescadores e Pescarias → Die Jugendsünde → Les jumeaux de Brighton → Lo smemorato → Ole Olsen → Arredores de Torres → Die weissen Teufel → Living Dangerously → Excuse My Glove → Ä' vi gifta → Aveiro → Familienparade → Windbag the Sailor → Silkworms → Actualidades → Odivelas → Buçaco → S. Tomé → Der Dschungel ruft → Secret Agent → Beira Pitoresca → Le champion de ces dames → Covilhã → La canción de mi vida → Ember a híd alatt → I quattro moschettieri → Prends la route → Lohengrin → Rendezvous in Wien → La danza delle lancette → Pluie d'or → Full Speed Ahead → El cura de aldea → Sing as You Swing → Beira-Mar → Cascais → Instrução em Cavalaria 7 → Sam Small Leaves Town → Jennifer Hale → Pat und Patachon im Paradies → La citadelle du silence → Sklamalam → Ja alla oli tulinen järvi → Gueule d'amour → Zemyata gori → Rose of Tralee → Gli uomini non sono ingrati → Action for Slander → Znachor → Rendez-vous... Champs-Elysées ou Le Chômeur des Champs-Elysées → Nascentes do Alviela → Il signor Max → Sines → Fury Over Spain → La bataille silencieuse → Weiße Sklaven → Wie der Hase läuft → A férfi mind örült → Le choc en retour → Klart till drabbning → Die verschwundene Frau → Big Fella → La bête aux sept manteaux → La fossa degli angeli → Unentschuldigte Stunde → Serra e Mar → Nuorena nukkunut → Kuriton sukupolvi → Juurakon Hulda → Niels Bohr → Franco de port → The Vicar of Bray → Police mondaine → Vistas de Portugal → Fanny Elssler → Exercícios de Legionários → Against the Tide → A Estreia de Gala de 'Tempos Modernos' no São Luiz → The Squeaker → First Night → De boetprocessie te Veurne → Scipione l'africano → Heimweh → Mademoiselle ma mère → L'habit vert → Night Ride → De man zonder hart → Das schöne Fräulein Schragg → The Black Tulip → Bailados Populares Madeirenses → Linda-a-Pastora → La tour de Nesle → Eine Nacht mit Hindernissen → Leiria → Strange Experiment → È tornato carnevale → Nachtwache im Paradies → Aspectos Militares → Pietro wyzej → Cinderella → Le chanteur de minuit → When the Devil Was Well → Enfants de Paris → L'uomo che sorride → Caçadas no Alentejo → Moinhos de Fão → Twin Faces → Marcella → Thunder in the City → Em Cruzeiro aos Açores pela Ilha da Madeira → Le club des aristocrates → Fabrication de la dentelle → Who's Your Lady Friend? → Musik für dich → La Habanera → Skicka hem Nr. 7 → Reguengos de Monsaraz → ¡Centinela, alerta! → Echo der Heimat - Ein Tatsachenbericht aus Deutschland: Folge 5 → Le dernier conte de Schéhérazade → O Hotel das Crianças → Fine Feathers → Leave It to Me → Liebe geht seltsame Wege → The Vulture → 300.000 pengö az utcán → Smash and Grab → Ho perduto mio marito → Pupilos do Exército → Pépé le Moko → Maria Papoila → Sarati, le terrible → La grande illusion → Aspectos de Óbidos → Mademoiselle Docteur → Niels Bukh → Passeio do Auto-Club Médico Português → Menschen ohne Vaterland → Bairro Operário de Vila Viçosa → Óbidos → Song of the Forge → Trójka hultajska → Underneath the Arches → Unternehmen Michael → London Melody → The Penny Pool → Plat eller krone → It's Never Too Late to Mend → Diego Corrientes → Change for a Sovereign → Santarém → Midnight Menace → Saudade → Gefährliches Spiel → Gribouille → Claudine à l'école → Pernes → François Premier → Merry Comes to Town → Vistas do Norte → Der Scheidungsgrund → The Last Chance → Unter Ausschluß der Öffentlichkeit → De slaapziekte → Die Korallenprinzessin → Husaren heraus → Ramalhão → El octavo mandamiento → O, en så'n natt! → Arsène Lupin détective → Ein Mädel vom Ballett → Le porte-veine → Der Unwiderstehliche → Death Croons the Blues → En sjöman går iland → Feu! → To levende og en død → The Dominant Sex → The Five Pound Man → Member of the Jury → Mutterlied → Än leva de gamla gudar → I due barbieri → Gardons notre sourire → Maman Colibri → Abus de confiance → En busca de una canción → Und du mein Schatz fährst mit → Zu neuen Ufern → Desfile da Mocidade e da Legião → Luis Candelas → For Valour → Le roman de Renard → Der Mann, der Sherlock Holmes war → Serra da Estrela → French Leave → Hacia la nueva España → Manobras do Outono de 1937 → La dame de pique → Limelight → Camping na Serra da Arrábida → Het leder → Wenn Frauen schweigen → Gatta ci cova → Azenhas do Mar → Wife of General Ling → Brillanten → Pescadores → Gigolette → The Happy Family → Lovagias ügy → Der Dibuk → Wenn du eine Schwiegermutter hast → La contessa di Parma → Le coupable → La signora Paradiso → Victoria the Great → Macushla → Pensionat Paradiset → The Live Wire → Il fu Mattia Pascal → Sieben Ohrfeigen → Grisou → Vacances payées → Der Tiger von Eschnapur → Het lied van het linnen → Verliebtes Abenteuer → Alf's Button Afloat → Kautschuk → Profesor Wilczur → Monsieur Breloque a disparu → Luciano Serra, pilota → You're the Doctor → Schwarzfahrt ins Glück → Der unmögliche Herr Pitt → Mountains People → Luck of the Navy → Many Tanks Mr. Atkins → Borcsa Amerikában → Dangerous Medicine → Sexton Blake and the Hooded Terror → Olympia 1. Teil - Fest der Völker → On Velvet → Varastettu kuolema → Schatten über St. Pauli → The Londonderry Air → Nella luce di Roma → Balletten danser → Peter spielt mit dem Feuer → Maja zwischen zwei Ehen → Kleiner Mann - ganz groß! → Sergeant Berry → Din viata cooperatista a Sibiului → Scheidungsreise → Sigge Nilsson och jag → Mollenard → Barnabé → Strahil voyvoda → Florian → Adolf klarar skivan → The Gables Mystery → Lassie from Lancashire → Rote Orchideen → Stasera alle undici → Treachery on the High Seas → Le quai des brumes → Le temps des cerises → No Parking → Petermann ist dagegen → Return of the Frog → Il conte di Brechard → Le mariage de Véréna → Sysmäläinen → Le monsieur de 5 heures → Dreizehn Mann und eine Kanone → Bara en trumpetare → The Dance of Death → Mon curé chez les riches → Spiegel des Lebens → Konzert in Tirol → Kicking the Moon Around → Döntö pillanat → Mordsache Holm → A Festa Desportiva de Fim de Ano no Colégio Infante de Sagres → I Ellas tou 1938 omilei → Fontane di Roma → Pietro Micca → Il trionfo dell'amore → Les pirates du rail → Ulkosaarelaiset → The Villiers Diamond → Climbing High → Robert i Bertrand → Anna Favetti → Den stora kärleken → A Sister to Assist 'Er → Le dompteur → This Man Is News → Lotte nell'ombra → Dead Men Tell No Tales → La principessa Tarakanova → Mit versiegelter Order → Du und ich → Storm över skären → Stärker als die Liebe → Unsere kleine Frau → They Drive by Night → Kate Plus Ten → Liebelei und Liebe → Das Leben kann so schön sein → Yellow Sands → Andalusische Nächte → Zapomniana melodia → Un meurtre a été commis → Blixt och dunder → L'amor mio non muore! → Bossemans et Coppenolle → Thérèse Martin → Két fogoly → Urlaub auf Ehrenwort → Les deux combinards → Tra gli incanti del Pacifico → L'escadrille de la chance → L'avion de minuit → Meet Mr. Penny → Lily of Laguna → A leányvári boszorkány → Fuochi d'artificio → Le moulin dans le soleil → L'ha fatto una signora → Bør Børson Jr. → Péntek Rézi → Amicizia → Dial 999 → Star of the Circus → Dir gehört mein Herz → La Marseillaise → Wrzos → L'argine → Narren im Schnee → Frühlingsluft → Tamara la complaisante → Le tombeau hindou → De melaatsheid → Katia → Napoli d'altri tempi → L'albero di Adamo → Le roman de Werther → Ungen → Éducation de prince → Il destino → Les nouveaux riches → Die Umwege des schönen Karl → Styrman Karlssons flammor → Les gangsters de l'expo → Devil's Rock → Orgoglio → L'étrange Monsieur Victor → Le schpountz → In geheimer Mission → Livet paa Hegnsgaard → Mocidade Portuguesa → Save a Little Sunshine → Milly, Maria och jag → Ein Mädchen geht an Land → Das Mädchen von gestern Nacht → Pengar från skyn → Der Berg ruft! → Le héros de la Marne → Les filles du Rhône → Jugend → Il corsaro nero → Trois dans un moulin → Le premier lancier motorisé → Frau Sylvelin → Kobiety nad przepascia → Penny Paradise → Stimme des Blutes → Bed and Breakfast → Ihr Leibhusar → Mr. Satan → Die Frau am Scheidewege → Stepping Toes → Calling All Crooks → Paix sur le Rhin → Simply Terrific → Markan tähden → Azurexpress → Old Mother Riley in Paris → Je chante → Hôtel du Nord → Dora Nelson → Robert und Bertram → Vihtori ja Klaara → Rheinische Brautfahrt → Sjöcharmörer → Tiszavirág → Forse eri tu l'amore → Se quell'idiota ci pensasse... → Down Our Alley → Trzy serca → Katsaus Suomen väestönsuojelutoimintaan → Mille chilometri al minuto! → A Técnica ao Serviço da Beleza → Poison Pen → Primeira Disputa da Taça Salazar → Blind Folly → Coups de feu → Stammhirn und Psyche → Me and My Pal → Cruzeiro em Itália → Bel Ami → Kennwort Machin → Der grüne Kaiser → Frenesia → La mia canzone al vento → Melodin från Gamla Stan → Morgen gaat 't beter! → La conserve alimentaire → On the Night of the Fire → Walfänger in der Antarktis → Hat hét boldogság → Il sogno di Butterfly → Opernball → Zvejnieka dels → Grano fra due battaglie → Le grand élan → Til Vesterheimen → Familien på Borgan → Portugal → El genio alegre → Rappel immédiat → L'amore si fa così → Hu Dagmar → What Would You Do, Chums? → Alegria pelo Trabalho → Halálos tavasz → Derrière la façade → Home from Home → Mátyás rendet csinál → Mariquilla Terremoto → There Ain't No Justice → Raphaël le tatoué → La canción de Aixa → Wachtmeister Studer → Castelli in aria → I dag begynder livet → Mille lire al mese → O Jardim Zoológico de Lisboa → Rikas tyttö → Une java → Aufruhr in Damaskus → Lucky to Me → Come on George! → Doktór Murek → Paradis perdu → Spiel im Sommerwind → Roman eines Arztes → Frères corses → Serge Panine → Le monde tremblera → Nad Niemnem → In letzter Minute → Stijl → Cose dell'altro mondo → Ceux qui veillent → Jeunes filles en détresse → Varanda dos Rouxinóis → Wir fahren nach Amerika → Place de la Concorde → Le dernier tournant → Ombyte förnöjer → O czym sie nie mówi... → Diamanti → Pièges → Il cavaliere di San Marco → The Arsenal Stadium Mystery → Zwölf Minuten nach zwölf → Noix de coco → Too Dangerous to Live → The Four Just Men → Monsieur Brotonneau → Murder Will Out → Ihr erstes Erlebnis → Der letzte Appell → Les 3 tambours → Eravamo sette vedove → Black Eyes → Due milioni per un sorriso → Hochzeitsreise zu dritt → Q Planes → Valfångare → Adolf i eld och lågor → Spöke till salu → Yes, Madam? → Tourbillon de Paris → Gubben kommer → Die Reise nach Tilsit → Paradies der Junggesellen → Dernière jeunesse → Les cinq sous de Lavarède → Seitsemän veljestä → Inquest → Drei wunderschöne Tage → The Four Feathers → Landstormens lilla Lotta → Liebe - streng verboten! → Ils étaient neuf célibataires → Eine Frau wie Du → Le due madri → La tonta del bote → Dein Leben gehört mir → Old Mother Riley Joins Up → What a Man! → El derrumbamiento del Ejército Rojo → En enda natt → Die Hochzeitsreise → Vidocq → The Mind of Mr. Reeder → Flying Fifty-Five → Lo vedi come sei... Lo vedi come sei? → Verdacht auf Ursula → Un mare di guai → Une main a frappé → Gläd dig i din ungdom → Wanted by Scotland Yard → Jamaica Inn → Sur le plancher des vaches → Nordhavets mænd → Im Namen des Volkes → Bionda sotto chiave → Johannisfeuer → Angelika → La última falla → Herra johtajan 'harha-askel' → Mob 39 → Das Fräulein von Barnhelm → Amore di ussaro → Monsieur Hector → Gli ultimi della strada → En desertør → L'école des femmes → Full Speed Ahead → Elles étaient douze femmes → Il peccato di Rogelia Sanchez → Feuertaufe → S'Margritli und d'Soldate → She Couldn't Say No → Tottisalmen perillinen → Una romantica avventura → L'assedio dell'Alcazar → Die drei Codonas → Tip auf Amalia → La fanciulla di Portici → La comédie du bonheur → I lapplandsbjörnens rike → Hans nåds testamente → Le café du port → L'espoir → Boy → Katharina I. von Russland → Rosen in Tirol → Simo Hurtta → Cuori nella tormenta → The Midas Touch → Janssens en Peeters dikke vrienden → Tutto per la donna → Ein Robinson → Ihr Privatsekretär → Die letzte Runde → The Girl Who Forgot → His Brother's Keeper → Cavalcade of Variety → Der Kleinstadtpoet → Brazza ou l'épopée du Congo → Trappola d'amore → Mrs. Pym of Scotland Yard → Crook's Tour → Old Mother Riley in Society → Beates Flitterwoche → Der Marsch zum Führer → Zavaros éjszaka → Jail Birds → Das jüngste Gericht → Feitiço do Império → Im Schatten des Berges → La malquerida → Meine Tochter tut das nicht → Lillebror och jag → Manon Lescaut → Wit is troef → Verwandte sind auch Menschen → Fanfulla da Lodi → Med dej i mina armar → La gerla di papà Martin → Sportowiec mimo woli → Jeg har elsket og levet → La donna perduta → Boccaccio → Beredskapspojkar → Tørres Snørtevold → João Ratão → Validità giorni dieci → Danmarks konge, Christian den Tiende → Capitan Fracassa → Ein Mann geht auf Reisen → Amiamoci così → The Fourth Estate: A Film of a British Newspaper → Mária két éjszakája → Les musiciens du ciel → Familjen Björck → Frestelse → Face au destin → Finland i krig og fred → Giù il sipario → Manovre d'amore → Il signore della taverna → Let George Do It! → Miquette → L'arcidiavolo → Battement de coeur → A Segunda Viagem Triunfal → Stern von Rio → Ricchezza senza domani → You Will Remember → Il sogno di tutti → Hjältar i gult och blått → Abbandono → Zwielicht → Wie konntest Du, Veronika! → El rey que rabió → Blyge Anton → Lauter Liebe → Die keusche Geliebte → Taverna rossa → Le Danube bleu → Moulin Rouge → Karl för sin hatt → Der Sündenbock → Olympic Honeymoon → Muñequita → Antonio Meucci → Anu ja Mikko → Göre Gábor visszatér → La nuit merveilleuse → Taistelun tie → Dopo divorzieremo → Fortuna → Donauschiffer → Eran tres hermanas → Pour le maillot jaune → Le dernier refuge → Il ponte di vetro → Pazza di gioia → Die mißbrauchten Liebesbriefe → La gitanilla → Herz geht vor Anker → Centomila dollari → Il cavaliere di Kruja → Igen vagy nem? → Ecco la radio! → Spring Meeting → Háry János → L'amante segreta → Den forsvundne pølsemaker → La compagnia della teppa → Illusion → Spökreportern → Ceux du ciel → Brivido → Néma kolostor → Gotthardexpress 41 → La scuola dei timidi → Régi keringö → Der Meineidbauer → Luce nelle tenebre → Old Bill and Son → Ce n'est pas moi → Caravaggio, il pittore maledetto → Der Weg ins Freie → Se non son matti non li vogliamo → Para ti es el mundo → Ung dam med tur → L'avventuriera del piano di sopra → Fromont jeune et Risler aîné → Egy tál lencse → Barbablù → Liebe ist zollfrei → Frauen sind doch bessere Diplomaten → Am Abend auf der Heide → My Wife's Family → Landammann Stauffacher → Een aardig geval → Parade en 7 nuits → L'intrigante → Nygifta → Hi Gang! → Lesz, ami lesz! → Kjærlighet og vennskap → Mein Leben für Irland → Luna di miele → The Man at the Gate → Suomisen perhe → Das Glück auf der Landstrasse → De hundrede dage → Snapphanar → Eladó birtok → Il pozzo dei miracoli → Männerwirtschaft → El milagro del Cristo de la Vega → O Pai Tirano → Morsian yllättää → Himmelstürmer. Geburt und Geschichte des Fliegens. → Zig-zag → ¡A mí no me mire usted! → El 13.000 → Nyhta horis ximeroma → Le pavillon brûle → Turbine → Major Barbara → Första divisionen → Escuadrilla → Jenny und der Herr im Frack → Täysosuma → Lángok → Un marito per il mese di aprile → Sarasate → La maschera di Cesare Borgia → Striden går vidare → Un alto en el camino → Gyurkovics fiúk → Das Mädchen von Fanö → Tag det som en mand → Gentlemannagangstern → Amore imperiale → The Patient Vanishes → Poikamies-pappa → He Found a Star → Familienanschluß → L'amore canta → Il re d'Inghilterra non paga → Divieto di sosta → Le club des soupirants → L'assassinat du Père Noël → Alles für Gloria → Der siebente Junge → Dunungen → En mand af betydning → Saturnin de Marseille → Facing the Music → Il signore a doppio petto → Primo amore → Leichte Muse → Lärarinna på vift → ...reitet für Deutschland → El pobre rico → Gelosia → La contessa Castiglione → Lobos da Serra → Egy szív megáll → Pastor Angelicus → Noi vivi → The Missing Million → La belle aventure → Comacchio → Feldzug im Osten → Sein Sohn → La famosa Luz María → Üzenet a Volgapartról → La signorina → Suspected Person → Cimento e Ferro → Il fanciullo del West → A hegyek lánya → Avanti c'è posto... → Banana Ridge → Rid i natt! → O Combate à Praga dos Gafanhotos → Correo de Indias → Violette nei capelli → Alkalom → Szeretö fia, Péter → Labbra serrate → Der Fall Rainer → The Great Mr. Handel → Fronttheater → Éramos siete a la mesa → Lettres d'amour → Bombas Incendiárias → Testament profesora Wilczura → La aldea maldita → Monsieur La Souris → Oro nero → Entr'aide → Niin se on, poijaat! → Menschen, die vorüberziehen → Feu sacré → Jelmezbál → Ein Zug fährt ab → Those Kids from Town → The Day Will Dawn → Kísértés → Le grand combat → They Flew Alone → Stinsen på Lyckås → Les hommes sans peur → Los ladrones somos gente honrada → Ari i zi → Trysil-Knut → L'arlésienne → Egy asszony visszanéz → Afrika Korps → Odessa in fiamme → Su excelencia el mayordomo → Geheimakte W.B.1 → Wenn du noch eine Heimat hast → La femme que j'ai le plus aimée → Sabotage at Sea → Forte tête → Rose of Tralee → Giorni felici → Piazza San Sepolcro → Kuollut mies rakastuu → I 3 aquilotti → Doktor Glas → Kong Christian X's 72 års fødselsdag → Die Sache mit Styx → La morte civile → Una notte dopo l'opera → Antoon, de flierefluiter → En sjöman i frack → Vom Schicksal verweht → La madre guapa → La condesa María → Macao, l'enfer du jeu → A Póvoa de Varzim → La culpa del otro → Bob's Your Uncle → La maison des sept jeunes filles → Die goldene Brücke → Fallet Ingegerd Bremssen → Violanta → Winterhulp → Talk About Jacqueline → Ziua mamei si a copilului → Non mi sposo più → Inferno giallo → A Mulher e o Inverno → Let the People Sing → Stasera niente di nuovo → La rueda de la vida → Black Sheep of Whitehall → Onni pyörii → Die Frontschau → Capitan Tempesta → The Next of Kin → Enyém vagy → Dernière aventure → La nuit fantastique → Ballade i Nyhavn → Halta Lottas krog → The Lady from Lisbon → Sommerliebe → Paisagem e Canção → La maestrina → Der Hochtourist → The First of the Few → Le journal tombe à cinq heures → Penn of Pennsylvania → Headline → Nuoria ihmisiä → La grande marnière → Miss London Ltd. → Hevoshuijari → Sophienlund → Pierre et Jean → Une étoile au soleil → Gli assi della risata → Grazia → Az éjszaka lánya → Det går som en dans... → L'honorable Catherine → Das Ferienkind → Fångad av en röst → Sjätte skottet → Greek Testament → The Shipbuilders → L'inévitable M. Dubois → The Demi-Paradise → I mörkaste Småland → Hjertetyven → Idilio en Mallorca → Ave de Arribação → La casa de la lluvia → Huella de luz → Varjoja Kannaksella → Peterle → Gefährlicher Frühling → Késö → Le corbeau → Syntynyt terve tyttö → Der weiße Traum → Le comte de Monte Cristo, 2ème époque: Le châtiment → Feu Nicolas → Adieu Léonard → Cristina Guzmán → Le loup des Malveneur → L'auberge de l'abîme → Die Jungfern vom Bischofsberg → Tyttö astuu elämään → La chica del gato → L'homme qui vendit son âme → The Adventures of Tartu → Vredens dag → Sogno d'amore → Johannes V. Jensen → La signora in nero → Wildvogel → Herre med portfölj → I brist på bevis → Münchhausen → Picpus → Gente dell'aria → Die Wirtin zum Weißen Röß'l → Møllen → A láp virága → L'amico delle donne → Somewhere on Leave → Enemigos → El hombre de los muñecos → Ragaszkodom a szerelemhez → Deliciosamente tontos → Malaria → Kriminalassistent Bloch → Up with the Lark → Som fallen från skyarna → Nacht ohne Abschied → Le chant de l'exilé → Det brinner en eld → Sziámi macska → Das Bad auf der Tenne → Katariina ja Munkkiniemen kreivi → Redenzione → Liebesgeschichten → Der Unendliche Weg → Symphonie eines Lebens → Con los ojos del alma → Zwei glückliche Menschen → Boldog idök → Man rede mir nicht von Liebe → Dora la espía → L'escalier sans fin → La vispa Teresa → Gli ultimi filibustieri → La zia di Carlo → Vautrin → La moglie in castigo → Non sono superstizioso... ma! → Le colonel Chabert → Vi mötte stormen → Get Cracking → Magia, i tsiggana → Sári bíró → Senza una donna → Der dunkle Tag → A Welcome to Britain → Rákóczi nótája → C'è sempre un ma! → Späte Liebe → Madame et le mort → Flickan är ett fynd → Yangambi → Il figlio del corsaro rosso → Old Mother Riley Detective → Ho tanta voglia di cantare → Synnitön lankeemus → Ossessione → Det ender med bryllup → El león de Damasco → Kohlhiesels Töchter → Sonja → Es lebe die Liebe → Fanny by Gaslight → Die Zaubergeige → Der Meisterdetektiv → Jag är eld och luft → Zazà → A három galamb → Il fiore sotto gli occhi → En dotter född → The Halfway House → Forår i zoologisk have → Finalmente sì → Béatrice devant le désir → Grosse Freiheit Nr. 7 → Vom Einsatz der Ordnungspolizei in allen Fronten des Krieges → Die keusche Sünderin → La torre de los siete jorobados → Um neun kommt Harald → A Menina da Rádio → Familien Gelinde → Schrammeln → Burcht der Verschrikkingen → Historien om en mand → Das Lied der Nachtigall → Resurrezione → On Approval → Opfergang → Skogen är vår arvedel → Heirokrotimata → Give Us the Moon → Det bødes der for → Fiddlers Three → La fornarina → Carmen → Suurin voitto → Teatertosset → Otte akkorder → Som folk är mest → Starlight Serenade → Una chica de opereta → Florence est folle → La locandiera → Ich bitte um Vollmacht → Spiel mit der Liebe → Yo no me caso → Der verzauberte Tag → One Exciting Night → Kärlekslivets offer → Brudekronen → Félicie Nanteuil → Prins Gustaf → L'aventure est au coin de la rue → Kungajakt → Medal for the General → Der Verteidiger hat das Wort → Bulgaro-ungarska rapsodiya → Tre ragazze cercano marito → Lýðveldisstofnunin → Futótüz → Ballaadi → Strawberry Roan → Räkna de lyckliga stunderna blott → Mi fantástica esposa → Det store ansvar → Heaven Is Round the Corner → L'uomo del romanzo → Melusine → Lisinski → Flickan och djävulen → A Canterbury Tale → Appassionata → Frihed, lighed og Louise → Ni pobre, ni rico, sino todo lo contrario → Vi behöver varann → Ördöglovas → Macario contro Zagomar → Den osynliga muren → The Seventh Veil → Peloton d'exécution → He Snoops to Conquer → Botte i farten → En ny dag gryer → Mademoiselle X → Britain at War → Brott och straff → La resa di Titì → Meine Herren Söhne → Old Mother Riley at Home → De kloge og vi gale → Kolberg → Harald Moltke → Gomorron Bill! → I dieci comandamenti → Bröderna Östermans huskors → Trent'anni di servizio → Non canto più → Två människor → I'll Be Your Sweetheart → Blithe Spirit → Dr. phil. Doederlein → Great Day → Tre söner gick till flyget → The Way to the Stars → Il ratto delle sabine → Il sole di Montecassino → Pink String and Sealing Wax → Domingo de carnaval → Give Me the Stars → La freccia nel fianco → La fille aux yeux gris → Den glade skräddaren → Die Schenke zur ewigen Liebe → Sextetten Karlsson → Home Sweet Home → Anna Liisa → La ferme du pendu → Der stumme Gast → Exército Português → Waterloo Road → Linnaisten vihreä kamari → Galgmannen → Wo ist Herr Belling? → Harry Søiberg → Documents secrets → L'invité de la onzième heure → Danmark i Lænker → Niels R. Finsen → Mans kvinna → The Wicked Lady → Den allvarsamma leken → I Live in Grosvenor Square → Der Erbförster → La route du bagne → Das seltsame Fräulein Sylvia → Lidelse → El misterioso viajero del Clipper → Sortilèges → Tutta la città canta → Falbalas → Der Scheiterhaufen → Murder in Reverse? → Brief Encounter → Naïs → O Diabo São Elas → Parada Militar → Jolanta - den gäckande suggan → La valle del Cassino → José do Telhado → Aldo dice 26x1 → Maria Valente → The True Glory → Kristin kommenderar → Pronto chi parla? → Un drama nuevo → Pas si bête → Appointment with Crime → The Trojan Brothers → Sag' die Wahrheit → El crimen de Pepe Conde → Le 6 juin à l'aube → Partenza ore 7 → L'orecchio → Trepidazione → L'insaisissable Frédéric → Levoton veri → Send for Paul Temple → Le vie del peccato → Jeux de femmes → Loyal Heart → Le modelle di via Margutta → Farrebique ou Les quatre saisons → Far Horizons → Billet mrk. → L'angelo e il diavolo → Senza famiglia → L'ennemi sans visage → Le couple idéal → La tentation de Barbizon → Au petit bonheur → The Overlanders → Sciuscià → Eres un caso → Allez Hopp → Menneisyyden varjo → Egy fiúnak a fele → Night Boat to Dublin → Malìa → Les J3 → Rötägg → Ballongen → Le dernier sou → Felicità perduta → Io t'ho incontrata a Napoli → El otro Fu-Man-Chú → Messieurs Ludovic → Lunegarde → Adieu... Chérie → Albergo Luna, camera 34 → Saltstänk och krutgubbar → Um Homem do Ribatejo → Metamorphosen → Le bateau à soupe → La bataille du rail → Begär → Praterbuben → Étoile sans lumière → Les gueux au paradis → Teheran → Leçon de conduite → Cyprus Is an Island → Katadromi sto Aigaion → Mission spéciale → Un ami viendra ce soir... → Histoire de chanter → Synnin jäljet → Mensonges → El emigrado → Thanasse et Casimir → Ungdom i fara → Hazugság nélkül → Consultaré a Mister Brown → O sole mio → Jag älskar dig, argbigga → Brita i grosshandlarhuset → Le visiteur → Mio figlio professore → Kultainen kynttilänjalka → Faut ce qu'il faut → L'idiot → Le père tranquille → Det gælder din frihed → Gringalet → Eugenia Grandet → Christine se marie → Un élevage au Congo belge → Cyrano de Bergerac → Vanità → Les maris de Léontine → A Canonização do Beato João de Brito → The Hangman Waits → Mezei próféta → Jassy → Circus Boy → Das singende Haus → Naar Katten er ude → The Hills of Donegal → Mästerdetektiven Blomkvist → Polens børn → Ehe im Schatten → Caterina da Siena → Doortje Verkerk → Sankthansfest → Brigade criminelle → Les amours de Blanche Neige → Az ipar újra él! → Lykke paa rejsen → Las inquietudes de Shanti Andía → Il fabbro del convento → Les atouts de Monsieur Wens → Monsieur Chasse → Walvis in zicht! → La grande Maguet → Le cocu magnifique → Naiskohtaloita → Now It Can Be Told → The Master of Bankdam → Monsieur Badin → La fleur de l'âge → Le mystérieux Monsieur Sylvain → Sinfonia de Cristal → Quai des Orfèvres → La monaca di Monza → Dulcinea → The Silver Darlings → Uomini e cieli → Wilskracht → Take My Life → The Upturned Glass → Livet i Finnskogarna → Martin Andersen Nexø → Daniele Cortis → My Name Is Petersen → Suopursu kukkii → Sinfonia fatale → 5 år - som vi så dem → L'elisir d'amore → Tösen från Stormyrtorpet → N'giri → Leyenda de Navidad → Il cavaliere del sogno → Dynamit → Le Village de la colère → Les trafiquants de la mer → When the Bough Breaks → Plume la poule → Cortejo Histórico das Festas da Cidade de Lisboa → Sången om Stockholm → Hedelmätön puu → Tappa inte sugen → Bethsabée → Een sprookjesverhaal → Nattvaktens hustru → Copie conforme → La fe → Rouletabille joue et gagne → Sulla via di Damasco → Suburbios → Os Vizinhos do Rés-do-Chão → O Dia do Lusito → Le fugitif → Uomini senza domani → Maj på Malö → Kvinna utan ansikte → Rêves d'amour → Sapadores de Assalto → Spuk im Schloß → Stackars lilla Sven → Canción de medianoche → Ritrovarsi → La maison sous la mer → El traje de luces → La colère des dieux → Il barbiere di Siviglia → La primula bianca → Frieda → Les amants du pont Saint-Jean → While the Sun Shines → 40 år med kungen → Mani → Le mariage de Ramuntcho → La dama del armiño → Särkelä itte → L'onorevole Angelina → Mia zoi xanarhizei → The Shop at Sly Corner → Reina santa → 91:an Karlssons permis → Un flic → Rallare → I due orfanelli → The Root of All Evil → Leve de vrouwtjes! → La femme en rouge → Piazza San Marco → Das unsterbliche Antlitz → ...och efter skymning kommer mörker → Jugendliebe → La septième porte → Mariona Rebull → The Little Ballerina → Black Memory → Danger de mort → Cuando los ángeles duermen → A Man About the House → Le pèlerin de l'enfer → The Turners of Prospect Road → Viela, Rua Sem Sol → Ave Maria → Valahol Európában → L'éventail → Preludio d'amore → Här kommer vi... → White Cradle Inn → Le bataillon du ciel → Die Sonnhofbäuerin → Berliner Ballade → Fort de la solitude → Niet tevergeefs → La femme que j'ai assassinée → Revelación → La figure de proue → Sergil et le dictateur → Impasse des deux anges → 9 garçons..... ....un coeur! → L'armoire volante → Pattern for Progress → Canción mortal → L'aventure commence demain → Vi seiler → Morgen ist alles besser → Amalfi → Una lettera all'alba → Blockierte Signale → L'isola di Montecristo → Jag är med eder... → På dessa skuldror → Idol of Paris → Kristinus Bergman → Snowbound → The Guinea Pig → Der himmlische Walzer → Madam Sousou → Pontevat pommaripojat → Penge som græs → Die Frau am Wege → Accidenti alla guerra!... → Diamant → Escape → Kalle Aaltosen morsian → It's Hard to Be Good → Intimitäten → Onnen-Pekka → Bond Street → Aux yeux du souvenir → Fram för lilla Terra → Les amoureux sont seuls au monde → Frech und verliebt → Fiamme sul mare → Danke, es geht mir gut → Un mese d'onestà → Daughter of Darkness → Émile l'Africain → Anna Roditi → Trouble in the Air → Soldat Bom → Mademoiselle s'amuse → Penny and the Pownall Case → Toukokuun taika → Good-Time Girl → The Fallen Idol → Hormoonit valloillaan → Brindis a Manolete → Brass Monkey → Kongen og folket → I contrabbandieri del mare → Carrefour du crime → Loffe som miljonär → Marinai senza stelle → Póker de ases → Die Schatztruhe → Im Tempel der Venus → Musik i mörker → Haaviston Leeni → Les usines de ACEC → Les dernières vacances → Nederlands in zeven lessen → Scott of the Antarctic → Gli uomini sono nemici → L'aigle à deux têtes → House of Darkness → Halte... Police! → Hamnstad → Riders of the New Forest → Anni difficili → Spring in Park Lane → Cité de l'espérance → Laitakaupungin laulu → Holiday's with Pay → Gioventù perduta → La calle sin sol → The Mozart Story → Counterblast → A Sister to Assist 'Er → Op de vuurlijn → Die kupferne Hochzeit → Extraño amanecer → The Secret Tunnel → The Dark Road → The Three Weird Sisters → Das andere Leben → La maternelle → Il trovatore → Le roi → The Golden Madonna → That Dangerous Age → Den stjaalne minister → Valse brillante → The Hasty Heart → Das goldene Edelweiss → Das Siegel Gottes → Rosvo Roope → Havets son → Ploven → Black Magic → Een koninkrijk voor een huis → La vie est un rêve → Vote for Huggett → Dreimal Komödie → Adamo ed Eva → Kleiner Schwindel am Wolfgangsee → Orage d'été → Reflex-film → Jalisco canta en Sevilla → Viaggio al sud → The Perfect Woman → Saints and Sinners → Neutralidad → Campane a martello → Das Gesetz der Liebe → Forró mezök → Tabusse → Torna a Napoli → Adam and Evelyne → Le silence de la mer → Pater Damiaan → Al diavolo la celebrità → La route inconnue → La mano della morta → Piège à hommes → Heimliches Rendezvous → I fratelli Dinamite → Vi flyger på Rio → Weißes Gold → Au royaume des cieux → Från vinterviste till sommarfjäll → Cenerentola → Wir bummeln um die Welt → Cavalieri della montagna → Pattes blanches → The Queen of Spades → L'homme aux mains d'argile → Vertigine d'amore → Eureka Stockade → Llegada de noche → Huset nr 17 → Lambert fühlt sich bedroht → Le Tour de France cycliste 1949 → The Blue Lagoon → Isäntä soittaa hanuria → ¡Fuego! → Sjösalavår → Geheimnisvolle Tiefe → Warning to Wantons → A Morgadinha dos Canaviais → Jour de fête → Mädchen hinter Gittern → L'inconnu d'un soir → Si te hubieses casado conmigo → Gremismena oneira → ¡El santuario no se rinde! → Hin och smålänningen → The Third Man → La città dolente → This Farming Business → Dernier amour → Wiener Mädeln → Paul Bergsøe → What a Carry On! → Don Juan de Serrallonga → Leclerc → ¡Olé torero! → Il bacio di una morta → La leggenda di Verona → Aventuras de Esparadrapo → Die Kuckucks → Maya → Le paradis des pilotes perdus → Cielo sulla palude → Cinq tulipes rouges → Ma tante d'Honfleur → La voix du rêve → La tienda de antigüedades → The Glass Mountain → The Cure for Love → Björgunarafrekið við Látrabjarg → The Lost People → Du Guesclin → Les eaux troubles → Münchnerinnen → La petite chocolatière → El capitán de Loyola → La cage aux filles → Le capiage → Jean Cocteau → Kalle-Kustaa Korkin seikkailut → Se fossi deputato → Doktor Rosin → Madness of the Heart → Totò cerca casa → Dick Barton Strikes Back → Badger's Green → Docteur Laennec → Bal Cupidon → Flickan från tredje raden → Patto col diavolo → Diamond City → Smeder på luffen → Freitag der 13. → L'invasore → Pacto de silencio → Negenhonderd man → My Daughter Joy → Les nouveaux maîtres → Sambo → Paul Temple's Triumph → Chance of a Lifetime → La honradez de la cerradura → Portrait of Clare → Ballerina → Mr. H.C. Andersen → Chéri → Donne senza nome → Last Holiday → Trio → Mademoiselle Josette ma femme → Morning Departure → The Lady Craved Excitement → O Grande Elias → Up for the Cup → Il figlio di d'Artagnan → Montované stavby → Truhanes de honor → Lúdas Matyi → Voyage à trois → Tototarzan → Kvartetten som sprängdes → La mujer, el torero y el toro → The Angel with the Trumpet → La souricière → Double Confession → The Happiest Days of Your Life → The Mysterious Poacher → Unas páginas en negro → Tire au flanc → Le traqué → Un homme marche dans la ville → Gli inesorabili → Contro la legge → Frökens första barn → El último caballo → Tak for sidst → Justice est faite → Tanssi yli hautojen → Dark Interval → I gabestokken → Les femmes sont folles → Nous avons tous fait la même chose → The 20 Questions Murder Mystery → Thyella sto faro → Maija löytää sävelen → Le tampon du capiston → Il brigante Musolino → Kees de zoon van de stroper → Pimpernel Svensson → Schuß um Mitternacht → Robinson warszawski → Oi apahides ton Athinon → Gli ultimi giorni di Pompei → Old Mother Riley, Headmistress → L'invité du mardi → The Dragon of Pendragon Castle → Regementets ros → Restaurant Intim → Zappatore - Rinnego mio figlio → Room to Let → Cartouche, roi de Paris → Le crime des justes → L'inafferrabile 12 → I fuorilegge → Midnight Episode → Someone at the Door → State Secret → Don Juan → The Magnet → Tapahtui kaukana → Aveiro → È primavera... → Sigillo rosso → Le château de verre → Duello senza onore → Historien om Hjortholm → L'auberge du péché → Prélude à la gloire → La vie commence demain → Teatro Apolo → Gunman in the Streets → De trouw → Frei Luís de Sousa → Waterfront → Ho sognato il paradiso → Campionato mondiale di calcio → Síðasti bærinn í dalnum → Il leone di Amalfi → La figlia del mendicante → Le furet → La strada buia → Flicka och hyacinter → Séraphin → Trek to Mashomba → J.F. Willumsen → Casabianca → Les amants de Bras-Mort → La señora de Fátima → Mr. Denning Drives North → L'étrange Madame X → Passion → Ma femme est formidable → Dårskapens hus → Santa Lucia Luntana → Persiane chiuse → Vi gifter oss → Wherever She Goes → Zwei in einem Auto → La plus belle fille du monde → Le don d'Adèle → Le dindon → Il microfono è vostro → Leva på 'Hoppet' → The River → La virgen gitana → Kunstambachten in Vlaanderen en Wallonië → Clara de Montargis → Sous le ciel de Paris → I misteri di Venezia → The Browning Version → Suomi - värien maa → Tukkijoella → Night Without Stars → Pro pantos... psyhraimia → Three Steps North → Il tradimento → Das Herz einer Frau → Gli amanti di Ravello → Lady Godiva Rides Again → Core 'ngrato → Nous irons à Monte Carlo → The Long Dark Hall → Ombre et lumière → El sueño de Andalucía → Livat på luckan → Incantesimo tragico → Pierwszy start → Omítání → Valentins Sündenfall → Musique en tête → Favola del cappello → Reykjavíkurævintýri Bakkabræðra → Das Tor zum Frieden → Salute the Toff → Ta tessera skalopatia → Skadeskutt → Felszabadult föld → Rovaniemen markkinoilla → I'll Get You for This → Era lui, sì, sì! → Il mago per forza → Mia nyhta ston Paradeiso → A Story of Achievement → Bim → I due sergenti → Il bivio → Het koper → ...Sans laisser d'adresse → L'etain → La nuit est mon royaume → Worm's Eye View → La leona de Castilla → Talk of a Million → Boîte de nuit → Il caimano del Piave → Bajo el cielo de Asturias → Lakeuksien lukko → Caroline chérie → High Treason → Miracolo a Milano → Mammy → Two on the Tiles → Andalousie → Gibier de potence → Tercio de quites → La vie est un jeu → La paura fa 90 → La vendetta di Aquila Nera → Dakota 308 → La città si difende → Bibi Fricotin → Correo del rey → Take Me to Paris → Due mogli sono troppe → Duda → Verginità → The Dark Man → Horas inciertas → The Magic Face → L'ultima sentenza → Der Weibsteufel → Pardon My French → Tanz ins Glück → Viata învinge → La scogliera del peccato → Hon dansade en sommar → Abbiamo vinto! → Det gamle guld → Blackmailed → Min far har penge → Mystery Junction → Luna rossa → Pas de vacances pour Monsieur le Maire → Messalina → Tom Brown's Schooldays → Alt dette - og Island med → Na paidi, na malama! → Wiener Walzer → L'aiguille rouge → The Lavender Hill Mob → Dorte → Le roi des camelots → The Small Miracle → Eva erbt das Paradies... ein Abenteuer im Salzkammergut → Le cas du docteur Galloy → Le vrai coupable → Ylijäämänainen → Libera uscita → 91:an Karlssons bravader → Spöke på semester → Vendetta... sarda → Orkistika ekdikisi → Faire farce → Les révoltés du Danaé → Un ladro in paradiso → Amaya → Domenica → Moineaux de Paris → Penne nere → Cavalcata di mezzo secolo → Abenteuer in Wien → Bakuba → Duas Causas → To koritsi tis tavernas → 5 poveri in automobile → O grousouzis → Malaire → Justiça do Céu → Ley del mar → Carne inquieta → Vi arme syndere → Buridan, héros de la tour de Nesle → Symphonie Wien → L'amour toujours l'amour → Almas en peligro → Trois vieilles filles en folie → 1. April 2000 → Une fille sur la route → My Wife's Lodger → Der Obersteiger → The Lost Hours → Janne Vängman i farten → Ivanhoe → The Man Who Watched Trains Go By → Niskavuoren Heta → Cerca de la ciudad → Wings of Danger → Babes in Bagdad → Elle et moi → Hainaut, terre tenue des dieux et du soleil → Der Mann in der Wanne → Escape Route → Vacanze col gangster → Vadvízország → Rekrut 67, Petersen → Um Dia na Póvoa de Varzim → O allos → Oslon talviolympialaiset → Hannerl: Ich tanze mit Dir in den Himmel hinein → Oppåt med gröna hissen → Il bandolero stanco → Non è vero... ma ci credo! → Ultimo perdono → Suomalaistyttöjä Tukholmassa → The Last Page → Le fruit défendu → Etsi esvyse i zoi mou → Non ho paura di vivere → Mon curé chez les riches → Redenzione → Erkel → Os Três da Vida Airada → Perseguidos → María Morena → Kuollut mies kummittelee → Sing Along with Me → Traumschöne Nacht → Gli eroi della domenica → La tratta delle bianche → Trine → L'eroe sono io! → Allô... je t'aime → Flyg-Bom → Dyo kothonia sto Naftiko! → Crow Hollow → Plume au vent → Vaftistikos → Imbarco a mezzanotte → Death of an Angel → Ouvert contre X... → La leggenda del piave → Andrine og Kjell → Groenland, vingt mille lieues sur les glaces → Nessuno ha tradito → Procès au Vatican → Leven in schoonheid → Amore rosso (Marianna Sirca) → Piédalu fait des miracles → Il est minuit, docteur Schweitzer → Processo alla città → Rayés des vivants → Abenteuer im Schloss → Salakuljettajan laulu → Cet âge est sans pitié → Kärlek → Lo sceicco bianco → To stravoxylo → Monsieur Leguignon, lampiste → Wide Boy → Castle in the Air → Rikollinen nainen → Father's Doing Fine → Med Julius til Capri → Don Juan Tenorio → Blondie Biffen och Bananen → Dramma sul Tevere → Le chemin de la drogue → Luluabourg → The Starfish → Girdle of Gold → En fästman i taget → La vie du vide → Möte med livet → Les quatre sergents du Fort Carré → Nødlanding → O fataoulas → Hammer the Toff → Drie jongens knappen het op → Oslon VI talviolympiakisat → Primo premio: Mariarosa → Saturday Island → Delitto al luna park → Ta' Pelle med → Quitte ou double → La città canora → Nous sommes tous des assassins → The Hour of 13 → Det store løb → Bufere → Lucrèce Borgia → Meet Mr. Lucifer → Der Feldherrnhügel → Vértigo → Ifjú szívvel → I misteri del Mato Grosso → Des quintuplés au pensionnat → Eine Nacht in Venedig → Spartaco → Thit Jensen → A város alatt → Sua altezza ha detto: no! → Franz Schubert → A Day to Remember → Madonna delle rose → Personal Affair → Il mondo le condanna → La valigia dei sogni → The Genie → To kleidi tis eftyhias → The Red Beret → Virgile → Johnny on the Run → Una donna prega → Jeunes mariés → Black Orchid → Frine, cortigiana d'Oriente → La nave delle donne maledette → Those People Next Door → La cieca di Sorrento → El diablo toca la flauta → María Dolores → La hija del mar → Kasvot kuvastimessa → Alaston malli karkuteillä → L'aventurière du Tchad → Die große Schuld → Åsa-Nisse på semester → Fløjtespilleren → Ung frue forsvunnet → Les 3 Mousquetaires → Romeiki kardia → Hay un camino a la derecha → I vinti → Rue de l'Estrapade → Rivalità → The Heart of the Matter → Vedi Napoli e poi muori → Bronce y luna → Behind the Headlines → Gyöngyvirágtól lombhullásig → Bror min och jag → La pocharde → Un acte d'amour → Le chevalier de la nuit → La tournée des grands Ducs → Amanti senza peccato → Cuore di spia → Un fermier belge/La ferme → Les orgueilleux → Attanasio cavallo vanesio → I oraia tou Peran → Counterspy → Cavalleria rusticana → There Was a Young Lady → Carmen proibita → Four Sided Triangle → Kultaa ja kunniaa → Aeropuerto → The Long Memory → Soli per le strade → Fartfeber → Skuggan → Blood Orange → Never Let Me Go → I dur och skur → Planície Heróica → Boum sur Paris → Dansa, min docka... → O kapetan Sorokadas → Les détectives du dimanche → Santa Tsikita → Thought to Kill → Kvinnohuset → La belle de Cadix → Musoduro → Febbre di vivere → La caraque blonde → To xypolyto tagma → Den lille pige med svovlstikkerne → Le guérisseur → Nadie lo sabrá → Göingehövdingen → Flickan från Backafall → Fuego en la sangre → Stryker of the Yard → Cosh Boy → Finalmente libero → Cristo è passato sull'aia → Wheel of Fate → Bienvenido Mister Marshall → The Good Beginning → Les enfants de l'amour → Operation Diplomat → Le chasseur de chez Maxim's → L'envers du paradis → O gennitsaros → Murder at 3am → The Master of Ballantrae → Lettere di condannati a morte della resistenza → Miljonäärimonni → Maailman kaunein tyttö → Sailor of the King → Kiskrajcár → J'y suis... j'y reste → Canzone appassionata → Canto per te → Pekka Puupää → Une vie de garçon → Stazione Termini → Siltalan pehtoori → Beat the Devil → Un marito per Anna Zaccheo → L'ennemi public n° 1 → Resan till dej → Anni facili → Operation Malaya → Il tesoro del Bengala → Lentävä kalakukko → De processie van Hakendover → Marilyn → La môme vert de gris → Huhtikuu tulee → La domenica della buona gente → La passeggiata → Me tulemme taas → Flicka med melodi → En karl i köket → The 'Maggie' → Sor Angélica → Final Appointment → John of the Fair → Desiderio 'e sole → The Floating Dutchman → Dance Little Lady → Hobson's Choice → Martin Andersen Nexøs sidste rejse → Bonnes à tuer → Uomini ombra → Landarzt Dr. Hilfiker heiratet → La figlia di Mata Hari → La barriera della legge → Madama Butterfly → Életjel → To stavrodromi tou pepromenou → The Crowded Day → Allegro squadrone → Juzgado permanente → Maddalena → La canción del penal → Miseria e nobiltà → Två sköna juveler → Café Lunchrasten → The Golden Link → Mask of Dust → The Scarlet Web → La neige était sale → Le feu dans la peau → Niskavuoren Aarne → I cavalieri dell'illusione → Nuits andalouses → Mambo → An Inspector Calls → La grande avventura → Il cavaliere di Maison Rouge → Le fil à la patte → Aldri annet enn bråk → Il paese dei campanelli → Questi fantasmi → Le tournant dangereux → Napoli terra d'amore → Roald Amundsen → O anemos tou misous → Pane, amore e gelosia → Cañas y barro → Anaconda → Cento anni d'amore → Una parigina a Roma → Bertoldo, Bertoldino e Cacasenno → Il seduttore → Le blé en herbe → Le grand pavois → Tiger by the Tail → Guai ai vinti → Gamin de Paris → Accadde al commissariato → Rosso e nero → I cavalieri della regina → La campana di San Giusto → Hilmanpäivät → Seger i mörker → Ung man söker sällskap → Gran varietà → Appassionatamente → Heksenetter → The House Across the Lake → Les deux font la paire → Piatka z ulicy Barskiej → Lettera napoletana → El alcalde de Zalamea → Die Perle von Tokay → Brindis al cielo → Der Komödiant von Wien → Gud fader och tattaren → Kunnioittaen → Hei, rillumarei! → I misteri della giungla nera → Trofei d'Africa → La moza de cántaro → L'eterna femmina → Le grand jeu → La soupe à la grimace → To pontikaki → Pod gwiazda frygijska → Rasare soarele → Ah! les belles bacchantes.... → Le comte de Monte-Cristo: La trahison → El pescador de coplas → Flicka utan namn → La donna del fiume → Amore e smarrimento → Forbidden Cargo → Il vetturale del Moncenisio → Piscatore 'e Pusilleco → Trudna milosc → Seagulls Over Sorrento → Third Party Risk → The End of the Road → Nel gorgo del peccato → 50 anni di emozioni → Kovanaama → Obsession → Si Versailles m'était conté → Pellegrini d'amore → Par ordre du tsar → Gula divisionen → Giovanna d'Arco al rogo → Orient Express → Camilla → Laivaston monnit maissa → Mad About Men → Conflict of Wings → Medea → Ma petite folie → Far til fire i sneen → Romeo and Juliet → La peccatrice dell'isola → A kék vércsék erdejében → La reine Margot → I cinque dell'Adamello → Il medico dei pazzi → Putkinotko → De röda hästarna → Felices Pascuas → O Costa d'África → Companions in Crime → Cirkus Fandango → Les hommes ne pensent qu'à ça → La Luciana → Nýtt hlutverk → Terra straniera → Lacrime d'amore → Oi papatzides → Delayed Action → Le défroqué → What Every Woman Wants → Una donna libera → Minä soitan sinulle illalla → Double Exposure → Carosello napoletano → Contraband Spain → Addio, Napoli! → 91:an Karlsson rycker in → Nespokoen pat → The Glass Cage → Disperato addio → Hoppsan! → Le crâneur → Kongehuset i tre generationer → Scuola elementare → Sin la sonrisa de Dios → Karusellen i fjällen → Tam tam mayumbe → I pinguini ci guardano → Shadow of a Man → The Dam Busters → Ballata tragica → Il falco d'oro → Enhörningen → Åsa-Nisse ordnar allt → La môme Pigalle → Storm Over the Nile → Stern von Rio → Série noire → Le progrès a des ailles → Scapricciatiello → The Flying Eye → Motivo in maschera → A 9-es kórterem → Vier jongens en een Jeep → I pappagalli → Les mauvaises rencontres → Säkkijärven polkka → Racconti romani → Kvinnodröm → Hjem går vi ikke → All for Mary → Heimatland → Track the Man Down → Blændværk → Omaru - Eine afrikanische Liebesgeschichte → Sultana Safiye → De bruid zonder bed → Marguerite de la nuit → Tempo d'amarsi → Különös ismertetöjel → Pas de coup dur pour Johnny → Les évadés → Vous pigez? → Götz von Berlichingen → Room in the House → Viettelysten tie → The Time of His Life → La forêt sacrée → Les diaboliques → Bröderna Östermans bravader → Destinazione Piovarolo → Impasse des vertus → Escale à Orly → Lähellä syntiä → Der kom en dag → French Cancan → The Colditz Story → Onnen saari → Irena do domu! → Altid ballade → Stampen → Chiens perdus sans collier → The Lyons in Paris → Onni etsii asuntoa → Historias de la radio → L'éveil de l'amour → The Love Match → Pas de souris dans le business → Proibito → Tzo o tromeros → Resa i natten → Cortile → Geordie → Ljuset från Lund → Ore 10: lezione di canto → Frou-Frou → À toi de jouer... Callaghan!!! → Un eroe dei nostri tempi → Simon and Laura → Marta → Educando a papá → La rue des bouches peintes → Slik vil vi ha det - Husmorfilmen 1955 → Bel-Ami Der Frauenheld von Paris → Gas-oil → Uli, der Pächter → Dix-huit heures d'escale → Sonnenschein und Wolkenbruch → Golfo → Canzoni di tutta Italia → Before I Wake → Triple Blackmail → Nagana → La moglie è uguale per tutti → Drei Männer im Schnee → Fortune carrée → Männen i mörker → Les amants du tage → That Lady → Ute blåser sommarvind → O agapitikos tis voskopoulas → Minä ja mieheni morsian → Veteraanin voitto → Casse-cou, mademoiselle! → Alias John Preston → Plus de whisky pour Callaghan! → Il coraggio → Los peces rojos → The Reluctant Bride → Quentin Durward → Marianne de ma jeunesse → Il tesoro di Rommel → An der schönen blauen Donau → Suonno d'ammore → Oute gata, oute zimia → La bella di Roma → Above Us the Waves → L'impossible Monsieur Pipelet → Treize à table → The Cockleshell Heroes → King's Rhapsody → Gengæld → Un missionnaire → Un giglio infranto → Richard III → Díszelöadás → Lo scapolo → A Yank in Ermine → Camino cortado → Les salauds vont en enfer → Carovana di canzoni → El rey de la carretera → Viaje de novios → Altair → To koritsi me ta mavra → Gervaise → The Green Man → One Wish Too Many → Ung leg → Un traje blanco → Oi assoi tou gipedou → Les carottes sont cuites → Minutos antes → Doukissa tis Plakentias → Tova se sluchi na ulitzata → Ektemann alene → Johan på Snippen → Retorno a la verdad → Kylismeni sto vourko → Vidas Sem Rumo → Dve pobedi → Lo spadaccino misterioso → El expreso de Andalucía → Lille Fridolf och jag → Ramsbottom Rides Again → Una voce, una chitarra, un po' di luna → Ftoheia, eros kai kombines → Voici le temps des assassins... → Flight from Vienna → Ciao, pais... → Recluta con niño → Soho Incident → Liebe → Sjunde himlen → Cette sacrée gamine → Loser Takes All → Gli harem sono deserti → Miedo → Keserü igazság → Husarenmanöver → Wicked as They Come → Ein tolles Hotel → Le pays d'où je viens → Rigoletto e la sua tragedia → Instruktion på arbejdspladsen → Dos novias para un torero → Malagueña → Rintamalotta → Lockender Süden → L'impero del sole → Ei enää eilispäivää → Presentimento → Paris canaille → Tons of Trouble → La vie est belle → Guaglione → Miguitas y el carbonero → C'est arrivé à Aden... → Michelino 1A B → Kispus → Reach for the Sky → En effeuillant la marguerite → Canzone proibita → Rencontre à Paris → Et Dieu... créa la femme → It's Great to Be Young! → La gran mentira → El malvado Carabel → Där möllorna gå → Kaiserjäger → Främlingen från skyn → På solsiden → Tormento d'amore → Lo svitato → Le sang à la tête → Bob le flambeur → Satellite in the Sky → Az élet hídja → Suprema confessione → Ha pasado un hombre → I giorni più belli → Protevousianikes peripeteies → Heredero en apuros → La legión del silencio → La vida en un bloc → Typhon sur Nagasaki → Wo die Lerche singt → Donne sole → Calabuch → Dry Rot → Cela s'appelle l'aurore → Crime et châtiment → Wonder Afrika → Åsa-Nisse flyger i luften → My Teenage Daughter → Esa voz es una mina → Het är min längtan → Escuela de periodismo → Pleito de sangre → Sprawa pilota Maresza → Tarps Elin → Notre-Dame de Paris → Yield to the Night → Donatella → Le couturier de ces dames → La joyeuse prison → X the Unknown → The Black Tent → Ratataa eller The Staffan Stolle Story → The Big Money → The Shield of Faith → Tochka parva → Le secret de soeur Angèle → Londra chiama Polo Nord → The Hideout → Jokin ihmisessä → L'homme et l'enfant → Suss gott → Orlando e i Paladini di Francia → Sissi - Die junge Kaiserin → Il canto dell'emigrante → Den hårda leken → Toute la ville accuse → Bademeister Spargel → Johnny You're Wanted → Den kloge mand → Les assassins du dimanche → Toya → La risaia → L'auberge en folie → Three Men in a Boat → Körhinta → Storia di una minorenne → Occhi senza luce → Sailor Beware → The Last Man to Hang → Herra Sotaministeri → Die Heilige und ihr Narr → Traguardi di gloria → A Rainha Isabel II em Portugal → A nagyrozsdási eset → The Kid from Canada → Ces dames préfèrent le mambo → L'isola di smeraldo → Man from Tangier → Marchands de filles → Klarar Bananen Biffen? → La peau de l'ours → Noch minderjährig → Io, Caterina → In dienst van de landbouw → Dinanzi a noi il cielo → Maya - Élö közvetítés a margitszigeti Majakovszij Szinházból → The Big Chance → Le chômeur de Clochemerle → La puerta abierta → Tis tyhis ta grammena → Dangerous Exile → Italia piccola → Il momento più bello → I misteri di Parigi → Souvenir d'Italie → Jeep, periptero ki agapi → Zagubione uczucia → Quatermass 2 → Mamma tar semester → L'incanto della foresta → The Steel Bayonet → Élisa → Luanda → Buongiorno primo amore! → Brothers in Law → Godini za lyubov → El batallón de las sombras → Laan mig din kone → Operation Murder → El maestro → Niskavuori taistelee → Madrugada → Il corsaro della mezzaluna → C'est arrivé à 36 chandelles → Le rouge est mis → Sea Wife → Blondin i fara → Taas tyttö kadoksissa! → La Cenicienta y Ernesto → Vacances explosives! → Pasarea furtunii → Adorables démons → Account Rendered → La trovatella di Pompei → The Traitor → S.O.S. Noronha → Slalåm under himmelen → Sueños de historia → Sitiados en la ciudad → Il tiranno del Garda → La finestra sul Luna Park → O.S.S. 117 n'est pas mort → Llegaron siete muchachas → Second Fiddle → Sissi - Schicksalsjahre einer Kaiserin → Saeta del ruiseñor → La nuit des suspectes → I fidanzati della morte → Juanillo, papá y mamá → At the Stroke of Nine → Eruptia → Seven Waves Away → Windom's Way → Le cotonnier → Bakaruhában → Ora H → Laterna, ftoheia kai garyfallo → The Tommy Steele Story → Räkna med bråk → Barba Giannis, o kanatas → Der König der Bernina → Ciulinii Baraganului → Nathalie → The Rising of the Moon → The Smallest Show on Earth → Cantami buongiorno tristezza → La rivière des trois jonques → Mese a 12 találatról → Sette canzoni per sette sorelle → The Happy Road → Time Lock → The Girl in the Picture → A Stranger in Town → Fortune Is a Woman → Non cantare... baciami! → Une parisienne → Ziemia → Scherben bringen Glück → The Bridge on the River Kwai → Paris clandestin → Le cas du Docteur Laurent → Professor Tim → La ragazza della salina → Taynata vecherya na sedmatzite → Ober zahlen → Les lavandières du Portugal → Not Wanted on Voyage → Une gosse 'sensass' → Padri e figli... → Isabelle a peur des hommes → Minho → Ta tria paidia Voliotika → Le notti di Cabiria → High Flight → No Road Back → Tremolina → De vliegende Hollander → To paidi tou dromou → Rencontre à Varsovie → The Bolshoi Ballet → Comme un cheveu sur la soupe → Pekka ja Pätkä salapoliiseina → Doctor at Large → Die liebe Familie → C'est une fille de Paname → Missão de Caça Anti-Submarina → Son of a Stranger → Morning Call → The Scamp → Ángeles sin cielo → Le désir mène les hommes → Un tesoro en el cielo → Legenda o lásce → There's Always a Thursday → To oneiro tou paliatzi → Roberto el diablo → Deuxième bureau contre inconnu → The Passionate Stranger → Mig og min familie → Susana y yo → L'oceano ci chiama → La strega → L'arbre à caoutchouc Hévéa → Fjols til fjells → Ingen tid til kærtegn → Carosello spagnolo → The Strange World of Planet X → Vagabonderne paa Bakkegaarden → La mina → Petla → Äidittömät → Hoch klingt der Radetzkymarsch → El tigre de Chamberí → Tamango → Sorrisi e canzoni → La passe du diable → The Moonraker → La vida por delante → Sacrée jeunesse → Floods of Fear → Le bellissime gambe di Sabrina → Cimborák - Nádi szélben → To koritsi tis amartias → Behind the Mask → À pied, à cheval et en spoutnik! → Høysommer → Cat & Mouse → Le Sicilien → La ragazza di Piazza San Pietro → Violent Playground → La redenzione → Undercover Girl → Fanfare → La Bigorne, caporal de France → Si le roi savait ça → Addio per sempre! → Haydushka kletva → Kerenia koukla → Sóbálvány → O anthropos tou trainou → Heart of a Child → Une vie → Secretaria para todo → El fotogénico → Napoli, sole mio! → Gerakina → Fridolf sticker opp! → Via col para... vento → La rivolta dei gladiatori → Kulkurin masurkka → Les amants de Montparnasse → Mies tältä tähdeltä → La chatte → Le souffle du désir → Una muchachita de Valladolid → Tread Softly Stranger → Ett svårskött pastorat → Åsa-Nisse i kronans kläder → The Naked Earth → Ballerina e Buon Dio → Moment of Indiscretion → So ein Millionär hat's schwer → ¡Viva lo imposible! → Apagorevmeni agapi → Wiener Luft → Le temps des oeufs durs → Prater '58 → La fille de feu → Come te movi, te fulmino! → Un amore senza fine → Sangue Toureiro → Gideon's Day → Passionate Summer → Il terribile Teodoro → Vive les vacances → L'abbaye de Kansenia → Sven Tuuva → Mono gia mia nyhta → I Only Arsked! → La legge è legge → The Solitary Child → Premier mai → Kiemen van het licht → Der Priester und das Mädchen → Vasvirág → Kostervalsen → Flores, Mundo de Beleza → Les jeux dangereux → Ascenseur pour l'échafaud → Girls at Sea → En cas de malheur → Mannekäng i rött → Madame et son auto → La sfida → Le dritte → Le désert de Pigalle → Guardia, ladro e cameriera → Lyssky transport → Ultima generatie de saraci → Zakonat na moreto → Tom Thumb → Las chicas de la Cruz Roja → Oi kavgatzides → Sérénade au Texas → The Naked Maja → Gli italiani sono matti → Womaneater → Serenatella sciuè sciuè → Ya tenemos coche → Giro 9 kalder → O Homem do Dia → Lån meg din kone → Tokende → Sådan er vi ikke → Dyo agapes, dyo kosmoi → 4 nyfes ki enas gabros → The Man Upstairs → Maigret tend un piège → La belle et le tzigane → Malinconico autunno → Salve sauegjeter → Fiend Without a Face → La frontera del miedo → Paksunahka → Fortunella → Expo en avant! → Le piège → Dublin Nightmare → Italia in Patagonia → Otello → Les vignes du seigneur → Pigulki dla Aurelii → Kristen Bording → El inquilino → This Angry Age → Don Juan legutolsó kalandja → Die Käserei in der Vehfreude → Filles de nuit → The Camp on Blood Island → Nära livet → Égi madár → Adekaroi erotevmenoi → Das haut einen Seemann doch nicht um → Il conte di Matera (Il tiranno) → Far til fire og ulveungerne → Kinder der Berge → Pasión bajo el sol → Chéri, fais-moi peur → Sebastian Kneipp → L'école des cocottes → I Was Monty's Double → La royale goumbé → El aprendiz de malo → Asessorin naishuolet → Le désordre et la nuit → A Cry from the Streets → Over alle hav → La tête contre les murs → Ramuntcho → Étoiles d'une nuit d'été → Viata nu iarta → Duelo en la cañada → The Devil's Disciple → Ça n'arrive qu'aux vivants → Le secret du Chevalier d'Éon → Oh! Qué mambo → Llegaron los franceses → Cerasella → For the First Time → Destinazione Sanremo → Pensione Edelweiss → Kölyök → Dada me to zori → Policarpo 'ufficiale di scrittura' → Erotika skandala → Kard és kocka → Poeten og Lillemor → Murder at Site 3 → Ei ruumiita makuuhuoneeseen → Sängkammartjuven → The Stranglers of Bombay → För katten → Male dramaty → Un maledetto imbroglio → Nel segno di Roma → Hidden Homicide → Sapphire → La fièvre monte à El Pao → Horrors of the Black Museum → The Lady Is a Square → L'increvable → The Bridal Path → Faibles femmes → Esterina → Mantelli e spade insanguinate → Sendas marcadas → Pos pernoun oi pantremenoi → Die unvollkommene Ehe → La legge → I mafiosi → À double tour → Passeport pour le monde → Left Right and Centre → El niño de las monjas → La verte moisson → Tunisi top secret → Witness in the Dark → The Desperate Man → Power Among Men → Primo amore → L'amico del giaguaro → La nuit des traqués → L'arciere nero → Operation Amsterdam → Ostatni strzal → Home Is the Hero → Pescando millones → Carry on Nurse → Douleies me fountes → Top Floor Girl → I Lili kai o mourdaris → Krystallo → The Scapegoat → Marinai, donne e guai → The Headless Ghost → Con la vida hicieron fuego → Jesienny dzien → Naked Fury → La notte brava → S.O.S., abuelita → Brevi amori a Palma di Majorca → Música de ayer → Pan Anatol szuka miliona → Ce soir on tue → Totò, Eva e il pennello proibito → Pasaporte al infierno → Carretera general → Venta de Vargas → Onkel Bill fra New York → SOS Pacific → El día de los enamorados → Luna de verano → Soupe au lait → En fremmed banker på → Awantura o Basie → Mia xeni perase → Juego de niños → The Hound of the Baskervilles → Kohtalo tekee siirron → Annibale → Killers of Kilimanjaro → Subway in the Sky → Tommy the Toreador → Il padrone delle ferriere → Archimède, le clochard → Erotas... me doseis → 125 rue Montmartre → To xylo vgike apo ton Paradeiso → Idol on Parade → Le fric → Ragazzi del Juke-Box → Look Back in Anger → A harminckilences dandár → Enigme aux Folies-Bergère → La copla andaluza → Il Medico Dei Pazzi → Fly mej en greve → Treis manges sto parthenagogeio → Ferdinando I° re di Napoli → A Woman's Temptation → Le sorprese dell'amore → Erotikes istories → Las locuras de Bárbara → Les tripes au soleil → Ut mot havet → Jangada → Audace colpo dei soliti ignoti → Houla Houla → Life in Danger → Carlton-Browne of the F.O. → Dagli Appennini alle Ande → Geliebte Bestie → This Is the BBC → Panoptikum 59 → Match contre la mort → Meine Tochter Patricia → Felfelé a lejtön → Ejército blanco → Skandal um Dodo → Las dos y media y... veneno → The Ugly Duckling → Buen viaje, Pablo → La duchessa di Santa Lucia → Cara de Goma → Historien om Tårnby → Ena nero, kyra Vangelio → La marraine de Charley → Bogáncs → Guldgrävarna → Behemoth the Sea Monster → Furtuna → Un hecho violento → Toya & Heidi → Un témoin dans la ville → Bialy niedzwiedz → I Liza toskase → Las de Caín → Il terrore dell'Oklahoma → La peccatrice del deserto → Gayarre → Krzyzacy → Kvindelist og kærlighed → During One Night → Les régates de San Francisco → Um Dia em Monsanto → Chaque minute compte → Cone of Silence → El príncipe encadenado → Nyhtes sto Miramare → Le 7eme jour de Saint-Malo → Signori si nasce → Kassiani ymnodos → Tendre et violente Elisabeth → Un dollaro di fifa → Sommar och syndare → Les canailles → October Moth → Oscar Wilde → Djävulens öga → Bluebeard's Ten Honeymoons → The Barbarians → I kyria dimarhos → The Spider's Web → Furtuna → Le bois des amants → Nina ja Erik → A French Mistress → Glocken läuten überall → Un pas en avant → Komisario Palmun erehdys → Seddok, l'erede di Satana → Once More, with Feeling! → Le voyage en ballon → Le baron de l'écluse → Operation Cupid → Szklana góra → Le huitième jour → To hamini → Randevou stin Kerkyra → The Hand → Um Dia na Feira → Classe tous risques → I delfini → The Sundowners → Les lionceaux → Il mio amico Jekyll → Hilies para mia nyhtes → Wilhelm Tell → På mitt eget sätt → Krouaziera sti Rodo → Tysiac talarów → Der Teufel hat gut lachen → Le Saint mène la danse → Un ángel tuvo la culpa → Ça va être ta fête → La Venere dei pirati → I Nancy tin... psonise! → L'impiegato → The Angry Silence → Et mourir de plaisir → Schlußakkord → An Honourable Murder → Amour, autocar et boîtes de nuit → The World of Suzie Wong → Makrykostaioi kai Kondogiorgides → To koroidaki tis despoinidos → Anonima cocottes → La rivolta degli schiavi → Si le vent te fait peur → Appuntamento a Ischia → Labbra rosse → Just Joe → Frihedens pris → Erotika paihnidia → El hombre que perdió el tren → La strada dei giganti → The Angel Wore Red → Telegrame → Identity Unknown → Le trou → La donna di ghiaccio → Make Mine Mink → Vida sin risas → Hårda bandage → Gymnasiepigen → La vendetta di Ercole → Circus of Horrors → A Matter of Morals → In the Nick → Im weissen Rössl → Les jeux de l'amour → Herrin der Welt → A las cinco de la tarde → Altas variedades → Too Hot to Handle → Lumisten metsien tyttö → The Young Jacobites → The Price of Silence → La fiel infantería → Algarve, Jardim das 30 Léguas → El hombre de la isla → Los golfos → La contessa azzurra → Labios rojos → The Big Day → Climb Up the Wall → Ta dervisopaida → L'ultima canzone → Miejsce na ziemi → Il carro armato dell'8 settembre → Risate di gioia → The Battle of the Sexes → Sousourada → La giornata balorda → Lettere di una novizia → I baccanali di Tiberio → Heaven on Earth → Space Men → Pantalaskas → El amor que yo te di → Boulevard → Jungfrukällan → Never Take Sweets from a Stranger → Kalimera Athina → Decyzja → The Bulldog Breed → Chiamate 22-22 tenente Sheridan → To nisi tis agapis → To rantevou tis Kyriakis → Don Carlos → Il rossetto → Sentencia contra una mujer → Le svedesi → Watch Your Stern → Two Way Stretch → Nikt nie wola → The Man Who Was Nobody → Marinus → Szatan z siódmej klasy → Molskis, sanoi Eemeli, molskis! → La Garçonnière → Badaranii → Surprise Package → Goda vänner, trogna grannar → Melodías de hoy → Tête folle → Un amore a Roma → Myöhästynyt hääyö → Eimai athoos → Morte di un amico → I Teddy boys della canzone → De zaak M.P. → Stin Kypro, arhise i agapi mas → Préméditation → Un bruto para Patricia → El cochecito → Recours en grâce → Trouble with Eve → Los abanderados de la Providencia → Sigfrido → 091 Policía al habla → L'airone ha chiuso le ali → Monsieur Suzuki → Le avventure di Mary Read → Tres de la Cruz Roja → Man Detained → The Innocents → Prizori → Lycanthropus → Kapetanios gia... klamata → L'année dernière à Marienbad → Jetpiloter → Les lions sont lâchés → L'oro di Roma → Flame in the Streets → Apolytrosis → Fuga desesperada → Il brigante → Musik ist Trumpf → Stegnosan ta dakrya mas → Ercole al centro della Terra → Pleins feux sur l'assassin → Bridge to the Sun → Una spada nell'ombra → The Terror of the Tongs → La ragazza in vetrina → Alibi pour un meurtre → The Night We Got the Bird → I fratelli Corsi → Antinea, l'amante della città sepolta → The Third Alibi → Ursus → The Secret Partner → Deuxième bureau contre terroristes → Un figlio d'oggi → Le temps du ghetto → Hunted in Holland → Doctor Blood's Coffin → Mine tossede drenge → Hay alguien detrás de la puerta → La tragica notte di Assisi → Une femme est une femme → Et øye på hver finger → Historia de un hombre → A Question of Suspense → Che gioia vivere → House of Mystery → Feet of Clay → Vive Henri IV... vive l'amour! → Payroll → Raising the Wind → Che femmina!! E... che dollari! → Le magnifiche 7 → Mullin mallin → Rocco e le sorelle → Ullabella → Two Letter Alibi → Les godelureaux → Three on a Spree → Controfagotto → Offbeat → Ha llegado un ángel → A Taste of Money → La menace → Katonazene → Lathos ston erota → Amours célèbres → La fille aux yeux d'or → O Klearhos, i Marina kai o kontos → Der Orgelbauer von St. Marien → Két félidö a pokolban → Åsa-Nisse bland grevar och baroner → Les trois mousquetaires: Première époque - Les ferrets de la reine → Drei Mann in einem Boot → Gia sena, tin agapi mou → Ta tessera adelfia → Diavolou kaltsa → Viva l'Italia → Leviathan → Alloimono stous neous → Part-Time Wife → Un taxi pour Tobrouk → La proie pour l'ombre → Vacanze alla baia d'argento → Le goût de la violence → Prohibido enamorarse → Sua Eccellenza si fermò a mangiare → Fantasmas en la casa → Jedermann → Then There Were Three → The Singer Not the Song → Kaasua, komisario Palmu! → Murder She Said → Nearly a Nasty Accident → The Young Ones → Out of the Shadow → Tähtisumua → The Green Helmet → Totò, Peppino e... la dolce vita → Maurizio, Peppino e le indossatrici → Matka Joanna od Aniolów → De quoi tu te mêles Daniela! → Drum nou → The Best of Enemies → L'onorata società → La grande olimpiade → Ursus nella valle dei leoni → Saison in Salzburg → I Liza kai i alli → Oi 900 tis Marinas → Tulipunainen kyyhkynen → Tierra brutal → Petticoat Pirates → La récréation → Un coeur gros comme ça → El secreto de los hombres azules → The Day the Earth Caught Fire → I mongoli → I due marescialli → Oi haramofaides → Il trionfo di Maciste → Vi fixar allt → Megöltek egy leányt → Il mondo di notte numero 2 → Armas contra la ley → Scandali al mare → La ragazza di mille mesi → Totòtruffa '62 → O kalos mas angelos → Ogniomistrz Kalen → La ragazza con la valigia → Unsere tollen Tanten → Barna Hedenhös → Chronique d'un été (Paris 1960) → Zápor → Les bras de la nuit → Epikindyni apostoli → Änglar, finns dom? → El Cid → Spade senza bandiera → Karagouna → Far til fire med fuld musik → Quai Notre-Dame → Konga → L'espace d'un matin → Gorgo → The Pursuers → Pecado de amor → Der Bauer als Millionär → Een blandt mange → Cocagne → Nuoruus vauhdissa → Det store varpet → Le rendez-vous → Never Back Losers → Maz swojej zony → Gerarchi si muore → Tarnished Heroes → Johnny Nobody → Juventud a la intemperie → America di notte → Barna Hedenhös i världsrymden → Regresa un desconocido → Man at the Carlton Tower → Usted puede ser un asesino → Kilómetro 12 → Tragodia tou Aigaiou → Pachín → Miljoonavaillinki → Egy régi villamos → The Shadow of the Cat → As Pupilas do Senhor Reitor → The Wind of Change → Vacances en enfer → Voi veljet, mikä päivä! → Olimpíada → Leoni al sole → West End Jungle → Samedi soir → The Festival Girls → Irthes arga → Habanera → Il re di Poggioreale → Die Ehe des Herrn Mississippi → I masnadieri → De stille genieter → I 10 del Texas → Les Menteurs → Banditi a Orgosolo → Historia zóltej cizemki → The Breaking Point → Sansone → O thanatos tou pallikariou → Matomena stefana → Sto katofli tis amartias → Accattone → Katiforos → Le grand secret → Twice Round the Daffodils → O Milionário → Live Now - Pay Later → La mano de un hombre muerto → Han, Hun, Dirch og Dario → Vaarallista vapautta → Salto mortal → Ihana seikkailu → Mentirosa → Colpo gobbo all'italiana → Backfire! → Prodomeni agapi → Drømmen om det hvide slot → Los culpables → Le doulos → La notte dell'innominato → Giulio Cesare contro i pirati → Il commissario → Dwaj panowie 'N' → Totò e Peppino divisi a Berlino → Romanze in Venedig → Der 42. Himmel → The Loneliness of the Long Distance Runner → It's Trad, Dad! → Älä nuolase... → Reach for Glory → La lunga strada del ritorno → The Main Attraction → Il tiranno di Siracusa → Dvama pod nebeto → Gang War → Il fiore e la violenza → Tartarin de Tarascon → La guerre des boutons → Il medico delle donne → La croix et la bannière → Operasjon Løvsprett → Horace 62 → Girl on Approval → Le monte-charge → 10 canzoni d'amore da salvare → The Phantom of the Opera → Marcia o crepa → Gli italiani e le donne → Climats → Totò di notte n. 1 → Vulcano, figlio di Giove → La venganza de Don Mendo → Gli italiani e le vacanze → Il mondo sulle spiagge → Sønner av Norge kjøper bil → Pagida → Siska → Anno 79: La distruzione di Ercolano → Gaolbreak → Le gentleman d'Epsom → Detective con faldas → A hierro muere → Le bateau d'Émile → Yperohi optasia → Nudes of the World → Strongroom → Åsa-Nisse på Mallorca → Milagro a los cobardes → O antras tis gynaikas mou → Nerone '71 → La Fayette → A House of Sand → Un clair de lune à Maubeuge → Mondo cane → The Brain → Gli anni ruggenti → Det støver stadig → Strazile au amintiri → To pithari → La croix des vivants → Le 7 fatiche di Alì Babà → Crosstrap → Serena → Mix Me a Person → I motorizzati → Only Two Can Play → Le gorille a mordu l'archevêque → Nóz w wodzie → Lemmy pour les dames... → Le due leggi → L'isola di Arturo → Le massaggiatrici → La Gamberge → Julia, du bist zauberhaft → Anima nera → Ponzio Pilato → The Rise and Fall of Emily Sprod → Nomos 4000 → The L-Shaped Room → Um Dia de Vida → Un branco di vigliacchi → Az aranyember → À fleur de peau → La legge della tromba → Héroes de blanco → Le soupirant → Filles de fraudeurs → Nous irons à Deauville → Amours d'automne → Cartouche → The Painted Smile → Il figlio dello sceicco → Orfani se xena heria → Ilektra → Escuela de seductoras → Pinsiön parooni → Ti-Koyo e il suo pescecane → The Fur Collar → La venganza del Zorro → Ultimatum alla vita → Thriamvos → Danger by My Side → El hijo del capitán Blood → Hän varasti elämän → Le médecin malgré lui → Stork Talk → Llovidos del cielo → Il capitano di ferro → Aprendiendo a morir → Vivre sa vie: Film en douze tableaux → Los que no fuimos a la guerra → La cuccagna → De ordonnans → La salamandre d'or → La bella Lola → Despo → Canzoni a tempo di twist → Postman's Knock → Out of the Fog → Peccati d'estate → El hombre del expreso de Oriente → Los desamparados → Hochzeitsnacht im Paradies → Tierra de todos → Palmer ha muerto → Les Parisiennes → Das süsse Leben des Grafen Bobby → Los de la furia → Adorable menteuse → Ventolera → Le couteau dans la plaie → O Dimos apo ta Trikala → Emergency → Mystery Submarine → La steppa → Cléo de 5 à 7 → The Devil's Agent → Lasciapassare per il morto → La reina del Chantecler → Two Guys Abroad → Village of Daughters → Le scorpion → Procès de Jeanne d'Arc → Night Cargoes → Le fils de Tarass Boulba → El último verano → I tromboni di Fra Diavolo → Benito Mussolini → Dead Man's Evidence → Il putto → The Barber of Stamford Hill → Horror → Om Tilla → Wederzijds → Jason and the Argonauts → What a Crazy World → An Evening with the Royal Ballet → Les femmes d'abord → Duello nel Texas → Jak byc kochana → Judex → Ta paliopaida → O kos pterarhos → Villin Pohjolan salattu laakso → Sandokan, la tigre di Mompracem → Dronningens vagtmester → Heavens Above! → Il diavolo → Oi skandaliarides → Marisol rumbo a Río → Tres hombres buenos → Billy Liar → Gli italiani si divertono così → Dr. Syn, Alias the Scarecrow → Transit à Saïgon → Il terrorista → Blague dans le coin → OSS 117 se déchaîne → Maciste contro i Mongoli → Ophélia → Luonnon kätköissä → Ladies Who Do → Farewell Performance → Leven en dood op het land → Bomb in the High Street → José María → The Kiss of the Vampire → Méfiez-vous, mesdames! → Zorro contro Maciste → Il pirata del diavolo → La douceur du village → Inspektorat i noshtta → Noche de verano → La casta Susana → Mélodie en sous-sol → Sissit → La donna nel mondo → Ist Geraldine ein Engel? → Sexy magico → Isten öszi csillaga → The Running Man → Siege of the Saxons → Siralardaki heyecanlar → Turkasen tenava! → O diaititis → Horis taftotita → Stolen Hours → Tre piger i Paris → I 4 tassisti → Kazanovas → Pigen og pressefotografen → Nuevas amistades → Bitter Harvest → Le mani sulla città → Aliki My Love → Echo of Diana → Mare matto → Hvis lille pige er du? → Impact → Los derechos de la mujer → Kibarlar → Death Drums Along the River → Blaze of Glory → Prins hatt under jorden → Kesällä kello 5 → Han robado una estrella → Noches de Casablanca → Il segno del coyote → Gli imbroglioni → O trellaras → Godzina pasowej rózy → I mostri → Wounds of Hunger → A Stitch in Time → 7 meres psemata → Il mistero del tempio indiano → Bussen → Totosexy → Zerwany most → Piedra de toque → La baie des anges → The Keeler Affair → Párbeszéd → O adelfos Anna → La vergine di Norimberga → Il figlio del circo → Summer Holiday → To Have and to Hold → The World Ten Times Over → Einai skliros o horismos → Casablan → Misos → La batalla del domingo → Il mondo di notte numero 3 → Paranoiac → O adelfos mou... o trohonomos → Naprawde wczoraj → O Pseftothodoros → Le chemin de la mauvaise route → Amok → Questo mondo proibito → Foto Háber → Le finestre → Caterina di Russia → Shadow of Fear → The Rivals → Zileia → Symphonie pour un massacre → Il monaco di Monza → Mana, giati me gennises → Station Six-Sahara → Io Semiramide → I pseftra → Zorro e i tre moschettieri → Vino, whisky e acqua salata → En compagnie de Max Linder → Iligos → Confidencias de un marido → La ruta de los narcóticos → Tomorrow at Ten → A Matter of Choice → Kertes házak utcája → Du mouron pour les petits oiseaux → Min kära är en ros → El diablo también llora → Maciste contro i cacciatori di teste → L'honorable Stanislas, agent secret → Le motorizzate → I compagni → Vi har det jo dejligt → Gia tin agapi tou paidiou mou → Le gladiatrici → Le commissaire mène l'enquête → The Mouse on the Moon → Au coeur de la vie → Syd for Tana River → Den gula bilen → The Haunting → Gli onorevoli → Breath of Life → La prostitution → Athoa i enohi? → O anipsios mou, o Manolis → Le ore dell'amore → Et døgn uden løgn → I dieci gladiatori → Scandali nudi → Return to Sender → Paris erotika → Trampa mortal → Pligomenes kardies → I due colonnelli → To megalo mystiko → No temas a la ley → Hochzeit am Neusiedlersee → Les animaux → Les vierges → Ieri, oggi, domani → Stompa, selvfølgelig! → Kali Yug, la dea della vendetta → Take Off Your Clothes and Live → Los muertos no perdonan → Il magnifico avventuriero → Mesanyhta sti villa Nelli → Sekstet → Rozwodów nie bedzie → La rivolta dei sette → Les yeux cernés → Slottet → Mord for åbent tæppe → Los Palomos → Ha egyszer, húsz év múlva... → Angoroj → 002 agenti segretissimi → Cuatro balazos → O gyrismos tis manas → Dis diefthyntis → O aniforos → Das Haus auf dem Hügel → Cover Girls → La vendetta di Spartacus → La dérive → Piso de soltero → Klänningen → Belarmino → Il ribelle di Castelmonte → Noches del universo → Strictly for the Birds → El sexto sentido → Anthar l'invincibile → The Horror of It All → La Grande Magia → Pieciu → Premiere i helvede → Diogmos → L'ultima carica → Girl with Green Eyes → Il giovedì → Allos... gia to ekatommyrio! → Les amitiés particulières → Jim il primo → Los elegidos → La tour sans venin → Ubranie prawie nowe → Dwa zebra Adama → I due evasi di Sing Sing → Ercole contro i figli del sole → Dr. Strangelove or: How I Learned to Stop Worrying and Love the Bomb → Les Barbouzes → L'ultimo gladiatore → Laissez tirer les tireurs → Bianco, rosso, giallo, rosa → Exo ftoheia kai kali kardia → Il gaucho → Un monsieur de compagnie → Le belle famiglie → Tha se kano vasilissa → King and Country → Así es Galicia → Un drôle de caïd → Never Put It in Writing → Le voci bianche → Monsieur → Ring of Spies → Constance aux enfers → Becket → La patru pasi de infinit → Syghorese me, agapi mou → Le schiave esistono ancora → Per un pugno di dollari → We Shall See → Françoise ou La vie conjugale → Le repas des fauves → Il dominatore del deserto → Seance on a Wet Afternoon → La strada per Forte Alamo → Unsere tollen Tanten in der Südsee → Mille e una donna → The Train → Mas enonei o ponos → La jena di Londra → Night Train to Paris → Requiem pour un caïd → O eaftoulis mou → Paradis retur → Barwy walki → East of Sudan → It's All Over Town → Aftoi pou xehasan to Theo → Rattle of a Simple Man → Super rapina a Milano → Les pas perdus → Pão, Amor e... Totobola → Insistiamo → Harha-askel → Kur vjen nëntori → La femme spectacle → The Curse of the Mummy's Tomb → Prohibido soñar → Tre dollari di piombo → Naganiacz → Koniec naszego swiata → Les gros bras → Är du inte riktigt klok? → El salario del crimen → Zitianos mias agapis → Los siete bravísimos → Intrigo a Los Angeles → L'idea fissa → Victim Five → A pénzcsináló → Kati na kaii → Másfél millió → Controsesso → Se poion na po ton pono mou → Of Human Bondage → La serva padrona → Crimen → I due mafiosi → O thalassolykos! → Pourquoi Paris? → La bonne soupe → Only One New York → Il piacere e il mistero → Die große Kür → Przerwany lot → Astefanoti → Hochzeit am Schlern → The Gorgon → Négy lány egy udvarban → Relevo para un pistolero → Ton palio ekeino ton kairo → Blåjackor → El escándalo → Echo → La grande frousse → Notte su una minoranza → Strip-teaseuses ou ces femmes que l'on croit faciles → Äktenskapsbrottaren → I nuvoloni → Kungsleden → Älskling på vift → IX. Olympische Winterspiele Innsbruck 1964 → I giganti di Roma → Psychodrame d'un mariage → Just for You → Michelino Cucchiarella → Une ravissante idiote → La tía Tula → I soferina → Das Verrätertor → Sonría, por favor → The Long Ships → Le pistole non discutono → Nyáron egyszerü → The Chalk Garden → Dromos horis synora → Franco: ese hombre → La fleur de l'âge, ou Les adolescentes → Lucky Jo → Italia di notte n. 1 → Appuntamento a Dallas → Neos anendotos → Kathe kaimos kai dakry → Amore mio → La ronde → Agent Secret FX 18 → Jazz in Poland → La muerte silba un blues → Un mostro e mezzo → Neiata sto pezodromio → Les aventures de Salavin → Le gros coup → Il magnifico cornuto → Zulu → Where Has Poor Mickey Gone? → Hattyúdal → O Giannis takane thalassa → Deutschland - Terminus Ost → Prodosia → Le monocle rit jaune → To doloma → Onnelliset leikit → La Sfinge sorride prima di morire - Stop Londra → Cerrado por asesinato → Angélique, marquise des anges → Einai megalos o kaimos → Act of Murder → L'uomo mascherato contro i pirati → Nightmare → Zona dla Australijczyka → De l'assassinat considéré comme un des beaux-arts → Gunfighters of Casa Grande → Antes llega la muerte → Indios a Nord-Ovest → Búsqueme a esa chica → Fin de semana → Nyhtoperpatimata → Mort, où est ta victoire? → Young Sánchez → Amore in 4 dimensioni → Sette contro la morte → La decima vittima → Giati gennithika ftohi → O megalos orkos → Il morbidone → Up Jumped a Swagman → La vendetta di Lady Morgan → The Nanny → Do grada e blizo → La rivincita di Ivanhoe → La donna del lago → Landmandsliv → El puente de la ilusión → Who's Crazy? → ¡¡Arriba las mujeres!! → Une fille et des fusils → Prepei na zisis, agapi mou → Norden i flammer → San Ferry Ann → La famille Hernandez → Agente Z 55 missione disperata → Purvi balkanski filmov festival → Sands of the Kalahari → Me idrota kai dakrya → An der Donau, wenn der Wein blüht → Slå først Frede! → Viva Maria! → The Pleasure Girls → She → Ett sommaräventyr → Sparagmos → Il tesoro della foresta pietrificata → La 317ème section → La Colt è la mia legge → Equilibrium - Det er meg du skal elske → Neamul Soimarestilor → Les copains → Le vampire de Düsseldorf → Les tribulations d'un Chinois en Chine → Erik il vichingo → A Tenkes kapitánya → Currito de la Cruz → Devils of Darkness → Die oben ohne Story → Die letzten Drei der Albatros → Kärlek 65 → Ruf der Wälder → Le bestiaire d'amour → Operation Crossbow → Le gentleman de Cocody → Kindar, l'invulnerabile → Corrida pour un espion → Swieta wojna → Le bonheur → Coplan FX 18 casse tout → Playa de Formentor → Jensen længe leve → Tilos a szerelem → En dansk F.N.-indsats → Stompa forelsker seg → El alma de la copla → Goreshto pladne → Aventuras del Oeste → To nisi tis Afroditis → La violenza dei dannati → Giati m' egateleipses → Adistaktoi → L'antimiracolo → Campanadas a medianoche → Otan simanoun oi kabanes → La visita que no tocó el timbre → Whisky y vodka → The Party's Over → Passer passer piger → La bugiarda → L'arme à gauche → The High Bright Sun → Be My Guest → Mia gynaika horis dropi → Una bara per lo sceriffo → Con il cuore fermo, Sicilia → Io la conoscevo bene → Oggi, domani, dopodomani → Mission spéciale à Caracas → The Crooked Road → Spaceflight IC-1: An Adventure in Space → Merveilleuse Angélique → Zakochani sa miedzy nami → Tres gorriones y pico → La dama de Beirut → La vuelta → La sfida dei giganti → Una bella grinta → Smeden og bageren → Le spie uccidono a Beirut → Hit House → Här kommer bärsärkarna → Darling → Treis kardies, enas htypos → Zycie raz jeszcze → Cadavere a spasso → María Rosa → Durchs wilde Kurdistan → Ou klepseis → Ftohologia → Moro for mor - Husmorfilmen høsten 1965 → Nespokoen dom → Journal d'une femme en blanc → Il ritorno di Ringo → Oklahoma John → La otra orilla → O nikitis → Le soldatesse → Vula → To på topp → The Secret of My Success → Gaudeamus igitur → Los oficios de Cándido → I due parà → Tretya molodost → The Early Bird → China → Julieta engaña a Romeo → Furia à Bahia pour OSS 117 → Par un beau matin d'été → Un mari à prix fixe → Oi ehthroi → To fylahto tis manas → La violenza e l'amore → All'ombra di una colt → En ven i bolignøden → A 008 operazione sterminio → Mijn moedertaal → Una pistola per Ringo → Three Hats for Lisa → You Must Be Joking! → Agente 077 dall'oriente con furore → Der Fluch des schwarzen Rubin → Return from the Ashes → Peep Show → I tre volti → Skjær i sjøen → I predoni del Sahara → L'or du duc → The Heroes of Telemark → Thomas l'imposteur → Una ráfaga de plomo → Vaghe stelle dell'Orsa... → Dernier tiercé → Fanatic → Per qualche dollaro in più → Mitt hem är Copacabana → Viale della canzone → To teleftaio dakry → Xanagyrise konta mou → Giulietta degli spiriti → Oeste Nevada Joe → Le coup de grâce → The Skull → Una vergine per il principe → Berlino appuntamento per le spie (Operazione Polifemo) → Dis-moi qui tuer → El proscrito del río Colorado → Exileosi → Amartoles tis nyhtas → Borman → De dans van de reiger → Oi angeloi tis amartias → Chantaje a un asesino → I 5 della vendetta → Der Arzt stellt fest... → I gynaika mou trellathike → I Kleopatra itan Antonis → Secrets of a Windmill Girl → Per pochi dollari ancora → Anthropos gia oles tis douleies... → Spiaggia libera → El rojo → Flagermusen → El tesoro del castillo → To spiti ton anemon → Millipilleri → Deux heures à tuer → Angélique et le roy → The Blue Max → The Bible in the Beginning... → En Andalucía nació el amor → Texas, addio → Aranysárkány → Oi asyneiditoi → Miranda, agapi mou → Boadicea → Dos mil dólares por Coyote → ¿Por qué morir en Madrid? → Une balle au coeur → Pligoses tin agapi mou → Ringo del Nebraska → I criminali della galassia → Born Free → Soyas tagsten → The Texican → Un film cu o fata fermecatoare → Ritzar bez bronya → Koinonia, ora miden → Dio, come ti amo! → El primer cuartel → Happy End am Wolfgangsee → Le colt cantarono la morte e fu... tempo di massacro → I coltelli del vendicatore → Las viudas → Viaggio di nozze all'italiana → Via Macau → Der var engang → Runaway Railway → Mondo pazzo... gente matta! → MMM 83 - Missione Morte Molo 83 → Sklavoi tis moiras → Reisen til havet → Miqësi e madhe unitet luftarak → Daleks' Invasion Earth 2150 A.D. → La bourse et la vie → I due figli di Ringo → Kounia pou se kounage... → Før frostnettene → Broder Gabrielsen → Sjors en Sjimmie en de Gorilla → Barbárok → Le caïd de Champignol → Lasciapassare per l'inferno → O xypolytos pringips → Delitto quasi perfetto → L'uomo che ride → Le spie uccidono in silenzio → La curée → Tant qu'on a la santé → Per mille dollari al giorno → Insula sclavilor → Johan nyt on markkinat! → Una rete piena di sabbia → Ramon il Messicano → Erotas stin kafti ammo → Cuatro dólares de venganza → Stop the World: I Want to Get Off → Una vergine per un bastardo → A mosca cieca → Funeral in Berlin → La lama nel corpo → Il ladro della Gioconda → The Great St. Trinian's Train Robbery → Diplopennies → Le stagioni del nostro amore → Søskende → Procesul alb → Le deuxième souffle → Agente 3S3, massacro al sole → Los cuatro salvajes → 7 dollari sul rosso → Sky West and Crooked → Django spara per primo → Dakrya gia tin Ilektra → 7 magnifiche pistole → Ta skalopatia → Ta mystika tis amartolis Athinas → Madamigella di Maupin → Il grande colpo dei 7 uomini d'oro → Niekochana → Les malabars sont au parfum → Il buono, il brutto, il cattivo → Gern hab' ich die Frauen gekillt → ¡Es mi hombre! → Io, io, io.... e gli altri → Oute milaei, oute lalaei → Thunderbirds Are GO → La battaglia dei Mods → Hotel Paradiso → La vie normale → Fahrenheit 451 → Il Natale che quasi non fu → Invasion → El arte de casarse → El secreto del capitán O'Hara → À belles dents → Kapoia mana anastenazei → Persona → Clarines y campanas → Scusi, lei è favorevole o contrario? → Oi kyries tis avlis → O ponos tou bekri → The Frozen Dead → El precio de un hombre: The Bounty Killer → Operação Estupefacientes - Macau → Träfracken → El aventurero de Guaynas → Yankee → Katastrofa → L'homme de Marrakech → La grande notte di Ringo → La sentinelle endormie → Uccidi o muori → Sicario 77, vivo o morto → Ambush at Devil's Gap → Musica Popular Brasileira → 7 donne d'oro contro due 07 → Il grande colpo di Surcouf → Oj oj oj eller 'Sången om den eldröda hummern' → Poniros praktor Karagiozis → Le voyage du père → Se Deus Quiser → Het gangstermeisje → Una chica para dos → Dracula, Prince of Darkness → Syskonbädd 1782 → Sale temps pour les mouches → La ligne de démarcation → Dama spathi → Barreiros 66 → Perdono → Mestizo → Les Sultans → Upperseven, l'uomo da uccidere → Trans-Europ-Express → The Fighting Prince of Donegal → Kiss Kiss... Bang Bang → O babas mou, o teddyboys → El arte de no casarse → O fovos → Bel Ami 2000 oder Wie verführt man einen Playboy? → Baraka sur X 13 → 3 colpi di Winchester per Ringo → Adamsson i Sverige → Agapi pou den svynei o hronos → O parthenos → Kane ton pono mou hara → Le spie vengono dal semifreddo → O katatregmenos → O kabouris → Objectif: 500 millions → The Spy with a Cold Nose → Davey Jones' Locker → Khartoum → The Vulture → 2 once di piombo → Oi stigmatismenoi → L'homme de l'Interpol → The Boy Cried Murder → Le spie amano i fiori → Un uomo a metà → Mia gynaika katigoreitai → O papatrehas → 00/ciak operazione mondo → Fos... nero... tilefono, oikopeda me doseis → L'attentat → Return of the Seven → La strega in amore → Horismos → Paris brûle-t-il ? → Operazione Goldman → James Tont operazione D.U.E. → Chappaqua → Che notte ragazzi! → Los ojos perdidos → Atout coeur à Tokyo pour OSS 117 → Szegénylegények → Gavriela, i amartoli tis Athinas → I tabù n. 2 → Un gangster venuto da Brooklyn → Ska' ru' me' på fest? → Password: Uccidete agente Gordon → Kriminal → Rififí ad Amsterdam → Zampo y yo → Fény a redöny mögött → Stajnia na Salvatorze → The Naked Runner → The One Eyed Soldiers → Det blå billede → Fathom → Agria pathi → Operation Third Form → Addio mamma → El enigma del ataúd → Dante no es únicamente severo → 7 pistole per un massacro → Les risques du métier → The Fox → Syntrimia ta oneira mas → Qualcuno ha tradito → La blonde de Pékin → Jules Verne's Rocket to the Moon → Des garçons et des filles → Segretissimo → Polowanie → The Winter's Tale → L'affaire Sacco et Vanzetti → OK Connery → Hipnos follia di massacro → Adorable Capucine → Diaboliquement vôtre → Csillagosok, katonák → Un hombre y un colt → Adiki katara → Le canard en fer blanc → Las 4 bodas de Marisol → Vado... l'ammazzo e torno → Au pan coupé → Battle Beneath the Earth → Después del gran robo → O.K. Yevtushenko → Dluga noc → Lucky, el intrépido → Onkel Joakims hemmelighed → 7 winchester per un massacro → A koppányi aga testamentuma → El desperado → El último sábado → Un amico → The Day the Fish Came Out → Musikanter → Siko, horepse syrtaki → Jeu de massacre → Mocne uderzenie → Antio gia panta → Zitontas tin tyhi sta xena → Sciana czarownic → Une certaine Belgique → Odio per odio → Attentato ai tre grandi → La tía de Carlos en minifalda → Akros aporriton - Ypothesis Ermis → Kalos ilthe to dollario → Liv → Maiorul si moartea → Die Hölle von Macao → La spia che viene dal mare → The Vengeance of Fu Manchu → I koroidara → Geografi og olie → L'uomo dei cinque palloni → Cerul începe la etajul III → Soledad → Den røde kappe → 10,000 dollari per un massacro → Üzenet → Wallonie 1967: La sidérurgie → L'immorale → La peur et l'amour → Hugo och Josefin → Sikátor → Szevasz, Vera → The Bowler and the Bunnet → Faccia a faccia → Lapualaismorsian → La feldmarescialla → Dio non paga il sabato → John il bastardo → Elvira Madigan → Con la muerte a la espalda → The Benefit of the Doubt → Deadlier Than the Male → Indus Waters → L'homme qui valait des milliards → Das große Glück → Ta dollaria tis Aspasias → Seful sectorului suflete → 3 pistole contro Cesare → Horgászvizeken → Una ragazza tutta d'oro → La morte non conta i dollari → Casino Royale → ¿Qué hacemos con los hijos? → Un homme à abattre → Follow That Camel → The Violent Enemy → Harlekin és szerelmese → Les compagnons de la marguerite → I lunghi giorni della vendetta (Faccia d'angelo) → Marat/Sade → La grande sauterelle → Les aventuriers → A Witch Without a Broom → Racconti di giovani amori → Min kones ferie → Változó felhözet → 7 donne per i Mac Gregor → Arabella → Trio → Oi voskoi → The Mikado → La morte viene dal pianeta Aytin → Haido → Wanted → The Bobo → The Mummy's Shroud → Mini-fousta kai karate → ...Hogy szaladnak a fák! → Gia tin kardia tis oraias Elenis → Dio perdona... Io no! → Le temps des doryphores → The Christmas Kid → Accident → Kochajmy syrenki → Ngadhnjim mbi vdekjen → Pronto... c'è una certa Giuliana per te → Pecos è qui: prega e muori! → El padre Manolo → Feuer frei auf Frankie → Le fou du labo IV → Los chicos del Preu → Stranger in the House → Nyhta gamou → Operación cabaretera → Delitto a Posillipo - Londra chiama Napoli → Nato per uccidere → Pähkähullu Suomi → De cuerpo presente → Privilege → Peau d'espion → Half a Sixpence → Coplan ouvre le feu à Mexico → Tre mand frem for en trold → Työmiehen päiväkirja → Los guardiamarinas → Tofflan → Mig og min lillebror → Voitheia o Vengos, faneros praktor '000' → The Comedians → L'horizon → Dakrysmena matia → Le voleur → Le crime de David Levinstein → Astérix le Gaulois → La niña del patio → Pop' game → Subteranul → Sto katofli tis moiras → Batouk → O anakatosouras → La route de Corinthe → Diminetile unui baiat cuminte → Jowita → L'occhio selvaggio → Tou horismou to traino → The Night of the Generals → Cash? Cash! → Africa: Texas Style → Révolution d'octobre → Toutes folles de lui → A Ghentar si muore facile → Et år med Henry → El hombre del puño de oro → Westerplatte → Jeg - en marki → Sept hommes et une garce → El secreto de las esmeraldas → A Midsummer Night's Dream → Il suo nome gridava vendetta → T'ammazzo!... Raccomandati a Dio → Próféta voltál szívem → Enas ippotis gia ti Vasoula → The Blood Beast Terror → Più tardi Claire, più tardi... → Il medico della mutua → O gigas tis Kypselis → Mayerling → Tante Zita → Un diablo bajo la almohada → Odia il prossimo tuo → Horizonte të hapura → Les deux marseillaises → Wonderwall → Il pane amaro → Rose rosse per il führer → Sequestro di persona → Vyzantini rapsodia → Chiedi perdono a Dio... non a me → The Girl on a Motorcycle → I arhontisa ki o alitis → O Kitsos kai... t' adelfia tou → Giugno '44 - Sbarcheremo in Normandia → El marino de los puños de oro → Pozharat → A suon di lupara → I lygeri → Giarrettiera Colt → Vedove inconsolabili in cerca di... distrazioni → Wycieczka w nieznane → Dos hombres van a morir → Quatre d'entre elles → Teorema → Les teenagers → Salut Berthe! → Preparati la bara! → Il pistolero segnato da Dio → Diamonds for Breakfast → Corri uomo corri → Mr. Freedom → Il sole è di tutti → Carogne si nasce → Asfalttilampaat → Mia Italida ap' tin Kypseli → The Syndicate → La donna, il sesso e il superuomo → Comandamenti per un gangster → Macskakaland → The Great Pony Raid → Scacco internazionale → Rapporto Fuller, base Stoccolma → Franco, Ciccio e le vedove allegre → American Secret Service → Black Jack → Sådan er de alle → Miljoonaliiga → Un treno per Durango → L'écume des jours → Fedra West → El paseíllo → Vain neljä kertaa → Boom → I ziliara → Gia poion htypa i... koudouna → Gungala, la pantera nuda → Assignment K → Gorgopotamos → Freddy klarar biffen → Il mercenario → Caroline chérie → Les cracks → E per tetto un cielo di stelle → O bakalogatos → La più bella coppia del mondo → Hamisha Yamim B'Sinai → The Magus → Gibelta na Aleksander Veliki → Venus in Town → Il mio corpo per un poker → Capriccio all'italiana → Yellow Submarine → La grande lessive (!) → Columna → Je t'aime, je t'aime → Opasen polet → Long-Play → Sonora → Afti pou den lygise → Abel Gance: The Charm of Dynamite → La marca del Hombre Lobo → The Strange Affair → La fille d'en face → The Hand of Night → Operación Mata Hari → Poradnik matrymonialny → The Long Day's Dying → Bora Bora → Cruzada en la mar → L'homme qui ment → Fenomenal e il tesoro di Tutankamen → Uno straniero a Paso Bravo → O romios ehei filotimo → La concentration → Lo voglio morto → Tropici → La leçon particulière → España otra vez → Acid - Delirio dei sensi → Curse of the Crimson Altar → Gangsters '70 → Gioconda fara surîs → Zise gia tin agapi mas → L'étrangère → Commando suicida → Rapirea fecioarelor → Romeo and Juliet → La verità difficile → Tosa oneira stous dromous → Las noches del Hombre Lobo → Il marchio di Kriminal → Huyendo de sí mismo → Tha kano petra tin kardia mou → Tuset Street → Détruisez-vous → Satellite → Petulia → Egri csillagok → Due occhi per uccidere → Donne... botte e bersaglieri → Emma Peel: Meine tollsten Abenteuer mit John Steed → Nostra signora dei turchi → Astérix et Cléopâtre → Carmen → Faut pas prendre les enfants du bon Dieu pour des canards sauvages → La louve solitaire → Los flamencos → Crisantemi per un branco di carogne → Sarons ros och gubbarna i Knohult → Llaman de Jamaica, Mr. Ward → En mærkelig kærlighed → Duffy → Scusi, lei conosce il sesso? → La pecora nera → Separation → La ragazza con la pistola → Les neiges de Grenoble → Tanulmány a nökröl → Don't Raise the Bridge, Lower the River → Bamse → Hot Millions → Thyella sto spiti ton anemon → Ed ora... raccomanda l'anima a Dio! → Dio li crea... Io li ammazzo! → If.... → Mia kyria sta bouzoukia → Meddig él az ember? I-II → Uno a uno, sin piedad → Histoires extraordinaires → Comanche blanco → Ostatni po Bogu → I sette fratelli Cervi → To Grab the Ring → Enas ippotis me... tsarouhia → Tenderly → The Big Switch → Giurò... e li uccise ad uno ad uno... Piluk il timido → A Pál-utcai fiúk → Corruption → Spara, Gringo, spara → Det kære legetøj → Días de viejo color → El tesoro del capitán Tornado → The Wild Wild World of Jayne Mansfield → Caccia ai violenti → Kalitemi nepërmjet aksioneve → Cinegiornale del movimento studentesco n. 1 → ¿Quién grita venganza? → Keresztelö → Svarta palmkronor → O trellos tahei 400 → The Mercenaries → Sentenza di morte → L'été → Baisers volés → No le busques tres pies... → Um Campista em Apuros → La mariée était en noir → Pire o anemos ta oneira mou → Någon att älska → La esclava del paraíso → Meine konta mou, agapimene → I nipoti di Zorro → Katigoroumeni, apologisou → Italian Secret Service → El turismo es un gran invento → Ekeinoi pou xeroun n' agapoun → Matthew Hopkins: Witchfinder General → Prega Dio... e scavati la fossa! → Vendo cara la pelle → Il lungo giorno del massacro → Due volte Giuda → Sjov i gaden → La sua giornata di gloria → O anthropos tis karpazias → Quinto: non ammazzare → Le altre → L'hiver → Skok → Den vilda jakten på likbilen → À propos de la femme → La última aventura del Zorro → Drop-out → Ehi amico... c'è Sabata. Hai chiuso! → In Search of Gregory → Costa de la Luz → The File of the Golden Goose → Eva - Den utstötta → Här kommer Pippi Långstrump → Wild and Free Twice Daily → Nell'anno della luna → Can Heironymus Merkin Ever Forget Mercy Humppe and Find True Happiness? → L'arbre de Noël → Struktura krysztalu → A tanú → Una lunga fila di croci → L'arcangelo → Fovatai o Giannis to therio... → Vive la mort → Polowanie na muchy → Ruusujen aika → I arhontissa tis kouzinas → Ta dyo podia s' ena papoutsi → I diki enos athoou → Pecados conyugales → Puro siccome un angelo papà mi fece monaco... di Monza → The Game Is Sex → A Prince for Wales → Le sorelle → Os 5 Avisos de Satanás → Un detective → Senza sapere niente di lei → Trapianto, consunzione e morte di Franco Brocani → To anthropaki → Del amor y otras soledades → Beatrice Cenci → The Virgin Soldiers → Isabella, duchessa dei diavoli → Cînd barbatii devin soti → I leoforos tis prodosias → Des Christs par milliers → Makbet → Kommissar X - Drei goldene Schlangen → Ternos Caçadores → Svoboda ili smart → Sixtynine 69 → Adouloti ratsa → Kathe katergaris ston pago tou → Margarita y el lobo → Porcile → Brucia ragazzo, brucia → Laughter in the Dark → Olsenbanden - Operasjon Egon → Medea → La sirène du Mississipi → Inghilterra nuda → I megali anastasi → Amore mio aiutami → O prosfygas → Las trompetas del apocalipsis → Alfred the Great → Las Leandras → Scacco alla regina → O stratis parastratise → Delitto al circolo del tennis → Relaciones casi públicas → Kakos, psyhros ki anapodos → Ni ljuger → Quel giorno Dio non c'era (Il caso Defregger) → Yellow: le cugine → 36 ore all'inferno → Vedo nudo → Acéphale → De barro y oro → Le lit de la vierge → Ta koroida, i valitsa mou ki ego... → Xypna, Vasili! → Tango → Krasnaya palatka → Festival panafricain d'Alger → Santo frente a la muerte → Le dernier homme → Susana → Traquenards → Czerwone i zlote → Nell'anno del Signore → Paul → La notte dei serpenti → Que la bête meure → I orgi tou adikimenou → Vivi o preferibilmente morti → Ohi → Punatukka → Le témoin → Three → Le cinématographe → La bambola di Satana → Doppelgänger → Monte Carlo or Bust! → Vodkaa, komisario Palmu → Cuatro noches de boda → En passion → La Celestina → Mai 68, la belle ouvrage → Django il bastardo → Mille peccati... nessuna virtù → As me krinoun oi enorkoi → O Cangaceiro → Giovinezza giovinezza → Les indiens → Las crueles → The Magic Christian → La pomme → Le clan des Siciliens → Un esercito di 5 uomini → Faccia da schiaffi → Dakrya kai diplopennies → Kynigimeni prosfygopoula → Enas magas sta salonia → Paris top secret → El ángel → Nerosubianco → Asteria sto vourko tis akolasias → Pligomena neiata → Sette baschi rossi → Lo stato d'assedio → Fényes szelek → Kampf um Rom II - Der Verrat → La philosophie dans le boudoir → Vita selvaggia, selvaggia terra → Ta' lidt solskin → Baby Love → Brent jord → A Caçada do Malhadeiro → To... thyma → Himmel og helvete → Staircase → Cantando a la vida → O panikos → La poupée rouge → La piscine → Il seme dell'uomo → El Zorro justiciero → Miss and Mrs Sweden → Calcutta → La battaglia dell'ultimo panzer → Sonja - 16 år → Med krut i nävarna → Where's Jack? → Caldura → Twee jongens en een oude auto → La chasse royale → I thysia mias gynaikas → Las nenas del mini-mini → Küss mich, Monster → Juliette de Sade → Vendetta for the Saint → Mosquito Squadron → Images, rythmes et percussions → Frankenstein Must Be Destroyed → Historia de una chica sola → Gli Insaziabili → Le grand amour → I neraida kai to palikari → Alfa Romeó és Júlia → Night After Night After Night → Infanzia, vocazione e prime esperienze di Giacomo Casanova, veneziano → To teleftaio antio → Gospodin Nikoy → The Smashing Bird I Used to Know → L'invitata → The Southern Star → Johnny Ratón → Un adulterio decente → Il Prof. Dott. Guido Tersilli primario della Clinica Villa Celeste convenzionata con le mutue → Violenza al sole → Ena asyllipto koroido → Détruire dit-elle → Kafti ekdikisis → Agapisa enan prodoti → Osmiyat → Drapetes tou Boulkes → Sotto il segno dello scorpione → La que arman las mujeres → Malenka → Capricci → Czekam w Monte-Carlo → Ur kärlekens språk → Raptus → El mejor del mundo → Las panteras se comen a los ricos → All Neat in Black Stockings → Hamelín → Blonde Köder für den Mörder → Il dito nella piaga → O Agios Nektarios → Belle d'amore → Stavraetoi sta Meteora → Colpo rovente → OSS 117 prend des vacances → Prom → Tzitadelata otgovori → Andrea Doria -74 → Metamorfosis → Entertaining Mr Sloane → L'Héritage → Toomorrow → Lunga noapte de sase ani → Stille dage i Clichy → Mazurka på sengekanten → Bartleby → Bolidi sull'asfalto a tutta birra! → Città violenta → O trellos tis plateias Agamon → Amintiri bucurestene → Les cauchemars naissent la nuit → Skal vi leke gjemsel? → Oso yparhei erotas → Los hombres las prefieren viudas → Hornets' Nest → Giunse Ringo e... fu tempo di massacro → O Astrapogiannos → The Railway Children → Tell Me → Connecting Rooms → La liberté en croupe → Wanted Sabata → Le champignon → Soleil Ô → The Deserter → Les libertines → Ich - Ein Groupie → La tonta del bote → Nijinsky: Unfinished Project → Dal nostro inviato a Copenaghen → La rupture → Prawdzie w oczy → Kit → Egghead's Robot → Metello → Paragon, gola! → Presagio → Les dieux en colère → L'asino d'oro: processo per fatti strani contro Lucius Apuleius cittadino romano → La colera del viento → El dinero tiene miedo → Akseli ja Elina → The Executioner → Ego rezilepsa ton Hitler → Le regine → El jardín de las delicias → L'alliance → All the Right Noises → Trella koritsia, apithana agoria → I antarsia ton 10 → Il presidente del Borgorosso Football Club → Hello-Goodbye → Zitountai gabroi me proika → Sangen om den røde rubin → Enas trellos glentzes → Rötmånad → Clegg → Dele color al difunto → Eroii nu mor niciodata → La Lola, dicen que no vive sola → Las secretas intenciones → Overdrive → Il divorzio → Le distrait → Lyckliga skitar → Julius Caesar → Times For → Necropolis → Vamos a matar, compañeros → Ciao, Federico! → Simpaticul domn R → Champagne Rose är död → I Start Counting → Venga a prendere il caffè... da noi → Il tuo dolce corpo da uccidere → Le foto proibite di una signora per bene → The Rise and Rise of Michael Rimmer → Történelmi magánügyek → Dziura w ziemi → Fantasy in Fiction → Armida, il dramma di una sposa → Aftoi pou milisan me ton thanato → Ena asteio koritsi → Love Is a Splendid Illusion → Enseñar a un sinvergüenza → Freelance → Elle boit pas, elle fume pas, elle drague pas, mais... elle cause! → The Looking Glass War → På rymmen med Pippi Långstrump → Crepa padrone, crepa tranquillo → Bali → The Wife Swappers → Baltutlämningen → Le boucher → O Cerco → Le coeur fou → Empaine, Manolio! → Investigación criminal → Pourquoi l'Amérique → Anna → Anaparastasi → Gyula vitéz télen-nyáron → Szerelmi álmok - Liszt → O xerokefalos → Tristana → Salvador Dalí → Enas hippys me filotimo → Tamaout → Le bal du comte d'Orgel → Veinte pasos para la muerte → I 7 di Marsa Matruh → Claude et Greta → L'invasion → An Elephant Called Slowly → Le temps de mourir → Frau Wirtin bläst auch gern Trompete → La furia dei Khyber → La prima notte del Dottor Danieli, industriale, col complesso del... giocattolo → Django sfida Sartana → I sklava → Indio Black, sai che ti dico: Sei un gran figlio di... → Album polski → Principe coronato cercasi per ricca ereditiera → L'ardoise → Spring and Port Wine → Appuntamento col disonore → Se iketevo, agapi mou → L'enfant sauvage → 5 i 1/2 Bladego Józka → Inginocchiati straniero... I cadaveri non fanno ombra! → Maly → The Man Who Had Power Over Women → Les choses de la vie → 5 bambole per la luna d'agosto → O daskalakos itan leventia → L'Étrangleur → Matisse: Centennial at the Grand Palais → E Dio disse a Caino... → Quackser Fortune Has a Cousin in the Bronx → Ces messieurs de la gâchette → Country Dance → Una storia d'amore → L'oro dei bravados → La mujer celosa → I zougla ton poleon → Enas Germanos sta Kalavryta → Satiricosissimo → Take a Girl Like You → London Rock → B.D. în alerta - Profesorul de mimica → When Dinosaurs Ruled the Earth → Den yparhoun lipotaktes → Scars of Dracula → Dramma della gelosia (tutti i particolari in cronaca) → Peau d'âne → Le temps des loups → El relicario → Des vacances en or → Dipingi di giallo il tuo poliziotto → The Martlet's Tale → 1 Maj 1970 → Skulle det dukke opp flere lik er det bare å ringe..... → I theia mou, i hipissa → Kivételes idöszak → Después de los nueve meses → Romantyczni → Tristan & Iseult → Splendori e miserie di Madame Royale → Les enfants de Caïn → Otan imoun 16 hronon → Narrien illat → Les cousines → Ginebra en los infiernos → Nøglen til paradis → 10 ditë sulmi → Paddy → Ned Kelly → La sfida dei MacKenna → Cran d'arrêt → Bübájosok → Mia gynaika stin Antistasi → L'araignée d'eau → Chicas de club → Cerco de terror → Hej Stine! → To paidi tis mamas → El mesón del gitano → Lionheart → La diligencia de los condenados → Captain Apache → In nome del padre, del figlio e della Colt → Secret Rites → Games That Lovers Play → The Johnstown Monster → Stamping Ground → Nie lubie poniedzialku → Popsy Pop → El techo de cristal → ... continuavano a chiamarlo Trinità → Gumshoe → Traição Inverosímil → I efoplistina → B.D. în alertã → L'arciere di fuoco → Quel maledetto giorno della resa dei conti → Diamonds Are Forever → La primera entrega → Il corsaro nero → Great Expectations → Annio, i tseligopoula tis kataras → La noche de Walpurgis → Lockfågeln → Quelli belli... siamo noi → L'Albatros → La secte du diable → O agathiaris kai i atsida → Idiotiki mou zoi → Il ritorno del gladiatore più forte del mondo → Peggy Seeger: A Kind of Exile → The Boy Friend → Tara Pokì → La supertestimone → W Django! → Anilikes amartoles → A Severed Head → Un omicidio perfetto a termine di legge → La grande maffia... → The Beast in the Cellar → Necrophagus → Homo Eroticus → Tandlæge på sengekanten → Fright → N.P. il segreto → Du côté d'Orouët → La poudre d'escampette → Facerea lumii → Max et les ferrailleurs → Angola na Guerra e no Progresso → Neobhodimiyat greshnik → Quest for Love → La plus longue nuit du diable → Reménykedök → I kravgi tis alitheias → Arriva Durango... paga o muori → Pornografi - en musical → The Moon and the Sledgehammer → Bröder Carl → Przystan → Il suo nome era Pot → Le bateau sur l'herbe → Hembra → Raphaël ou le débauché → Oi amartoloi → Vilegiatura → Doucement les basses → Les lèvres rouges → L'occhio del ragno → La ville-bidon → La cavale → Ena agori... alloiotiko ap' t' alla → Vladimir et Rosa → Sur un arbre perché → Veruschka - poesia di una donna → Durante l'estate → Armiamoci e partite! → Staféta → Szerelem → Midsommardansen → Detenuto in attesa di giudizio → Akcja Brutus → Poludnik zero → La notte dei dannati → Una prostituta al servizio del pubblico ed in regola con le leggi dello Stato → Ciel bleu → Behind the Lines → Per amore o per forza → Numéro zéro → Mariage collectif → Mara, i tsigana → I haravgi tis nikis → Mais ne nous délivrez pas du mal → Voldtekt → Medicine Ball Caravan → Twarz aniola → Mio padre Monsignore → Un beau monstre → ¿Es usted mi padre? → Clinic Exclusive → Black story (La historia negra de Peter P. Peter) → Cometogether → Die Screaming Marianne → Uccidi Django... uccidi per primo!!! → O kaou-boys tou Metaxourgeiou!! → Exponerad → Ypovryhion: Papanikolis → El vampiro de la autopista → And Now for Something Completely Different → Una lucertola con la pelle di donna → Grazie zio, ci provo anch'io → The Night Digger → Klopotliwy gosc → La decente → El armario del tiempo → La vacanza → Chaleurs → Blind Terror → Fantasia chez les ploucs → Agapisa enan aliti → Papa les petits bateaux... → Mecanismo interior → Utvandrarna → Mais qui donc m'a fait ce bébé? → Ciento catorce goles → Las siete vidas del gato → Moçambique, Parada e Resposta → Et døgn med Ilse → Quatre nuits d'un rêveur → Én vagyok Jeromos → 3 → Marta → Horizont → Oi andres xeroun n' agapoun → I krevvatomourmoura → Les petites filles modèles → Blindman → Lucia di Lammermoor → La bataille des dix millions → Oi egoistes → Un colt por cuatro cirios → Morgane et ses nymphes → La última señora Anderson → Joe Hill → Los días de Cabirio → Su le mani, cadavere! Sei in arresto → Les yeux de maman sont des étoiles → L'uomo più velenoso del cobra → Iliogenniti → Kathe navagio, kai mia kolasi → UFO: Distruggete Base Luna → El vendedor de ilusiones → La famille → Bello onesto emigrato Australia sposerebbe compaesana illibata → I, Monster → Der Fall → Les félines → Born to Boogie → Drácula contra Frankenstein → Trop jolies pour être honnêtes → La michetonneuse → La furia del hombre lobo → Le château de Pointilly → S detza na more → L'odeur des fauves → Living Free → Le Banquet des savants → Cu mâinile curate → La morte scende leggera → Blinker's Spy-Spotter → Ettore lo fusto → Che c'entriamo noi con la rivoluzione? → Testa in giù, gambe in aria → The Ruling Class → Perché quelle strane gocce di sangue sul corpo di Jennifer? → Young Winston → Dans la poussière du soleil → Drum în penumbra → La prima notte di quiete → Rosina Fumo viene in città... per farsi il corredo → Valeria dentro e fuori → L'amoureuse → La guerre des espions → Umbracle → Hroniko - Sylloges apo to Theatro Tehnis → Il caso Mattei → Un animale chiamato uomo → El vikingo → Nobody Ordered Love → La cicatrice intérieure → Geneze → Nybyggarna → Something Wicked This Way Comes → Lo ammazzò come un cane... ma lui rideva ancora → Kolasmeni fysi → Un bounty killer a Trinità → The Assassination of Trotsky → The Massacre of Glencoe → L'assassino... è al telefono → D'amore si muore → Sleuth → Atunci i-am condamnat pe toti la moarte → La caza del oro → Pio trelloi ki ap' tous trellous → Out 1: Spectre → VD → La vallée → A kurtalábú pásztor → Trinità e Sartana figli di... → J'ai tout donné → L'amante del demonio → Adio, draga Nela! → Aera! Aera! Aera! → Far from Dallas → Il seme di Caino → Abort → Sette orchidee macchiate di rosso → Finalmente le mille e una notte → Les fous du stade → Arcana → Al tropico del cancro → Yperohes nyfes... koroida gabroi! → Un meurtre est un meurtre → Timanfaya (Amor prohibido) → Les singes font la grimace → The Loves of Cynthia → Sfînta Tereza si diavolii → Datoria → Il était une fois un flic... → Aventura en las islas Cíes → Meo Patacca → To xenodoheio ton dieftharmenon → What a Flash! → Coartada en disco rojo → Tarzán y el arco iris → Il tuo vizio è una stanza chiusa e solo io ne ho la chiave → Diario di un italiano → Anazitisis... → La chambre rouge → Jack el destripador de Londres → Felix si Otilia → Treta sled slantzeto → Estratto dagli archivi segreti della polizia di una capitale europea → La guerre d'Algérie → Sex-shop → Douliko amesou draseos → Piso kai sas fagame → Les années Lumière → La noche del terror ciego → Tutti i colori del buio → The Erotic Adventures of Zorro → Le petit poucet → Raising the Roof → Non si sevizia un paperino → Situation → Hai sbagliato... dovevi uccidermi subito! → Anche se volessi lavorare, che faccio? → Typseis syneidiseos → Las piernas de la serpiente → The Fiend → Sex Charade → La liga no es cosa de hombres → I Aliki diktator → Tout le monde il est beau, tout le monde il est gentil → Volt egyszer egy család → Condenados a vivir → Lejos de los árboles → Decameron n° 2 - Le altre novelle del Boccaccio → The Amazing Mr. Blunden → Un verano para matar → Jeux pour couples infidèles → The Happiness Cage → Pio thermi kai ap' ton ilio → Antony and Cleopatra → Il sindacalista → La banda J. & S. - Cronaca criminale del Far West → La cosa buffa → Dr. Phibes Rises Again → Escalofrío diabólico → Les intrus → Zestrea → O monahogios mou, o... agathiaris → Louisa, een woord van liefde → Yv!... Yv!... → Le mille e una notte all'italiana → O agnostos ekeinis tis nyhtas → Alleluja e Sartana figli di... Dio → To kryfo spiti tis Angelas → L'attentat → The Triple Echo → Time for Loving → Die Mädchenhändler → La duda → Nai men, alla... → Ragazza tutta nuda assassinata nel parco → Pervertissima → Los crímenes de Petiot → Il sorriso della iena → Tales from the Crypt → Haiti 1971 → Le charme discret de la bourgeoisie → Nyulak a ruhatárban → O Pouskas ton Petralonon → Così sia → Byleth (Il demone dell'incesto) → Rivelazioni di un maniaco sessuale al capo della squadra mobile → Glutnitzata → Georgia, Georgia → Manden på Svanegården → Agapi mou, paliogria → Chut! → La casa sin fronteras → Endless Night → Klara Lust → Il decamerone nero → Don Camillo e i giovani d'oggi → Che? → Young Playthings → La casa de las muertas vivientes → The Trouble with 2B → A.A.A. Massaggiatrice bella presenza offresi... → Maschi e femmine → La casa de las palomas → Ten okrutny, nikczemny chlopak → Epafi No 2 → Cristiana monaca indemoniata → Fratello homo sorella bona → Blood Story → ¡Qué noche de bodas, chicas! → Alta tensión → I Am a Dancer → Un homme est mort → The Train → The Love Pill → Les feux de la chandeleur → Aihmalotoi tis idonis → San Michele aveva un gallo → L'homme au cerveau greffé → Il generale dorme in piedi → Scansati... a Trinità arriva Eldorado → Straight on Till Morning → I bandoleros della dodicesima ora → Sigui 1972 - les pagnes de Yamé → Karzan, il favoloso uomo della jungla → Mahmudia → Colpo grosso... grossissimo... anzi probabile → Die liebestollen Apothekerstöchter → Les baiseuses → Death Line → Brylanty pani Zuzy → Pancho Villa → La mano lunga del padrino → Madame Sin → Byalata odiseya → Anton → Vaudou → Mig og mafiaen → Crescete e moltiplicatevi → Mágica aventura → Not Now Darling → Dio, sei proprio un padreterno! → Furto di sera bel colpo si spera → Le solitaire → El espíritu de la colmena → Ku Fu? Dalla Sicilia con furore → La vedova inconsolabile ringrazia quanti la consolarono → I Wish You Love → Csínom Palkó → Milano rovente → Las flores del miedo → Scream... and Die! → Jeunes filles impudiques → Donne e magia con satanasso in compagnia → Patroclooo!... e il soldato Camillone, grande grosso e frescone → Sei bounty killers per una strage → Poil de carotte → Storia de fratelli e de cortelli → Contes immoraux → Metamorfoseis → Goya → El niño es nuestro → Ebon Lundin → Il consigliori → El retorno de Walpurgis → La nuit américaine → Malachi's Cove → The Runaway Sisters → Bisturi, la mafia bianca → To fluer i ett smekk → Mean Mother → Oi prostates → Biancaneve e i sette nani → Giordano Bruno → Le serpent → Io credo → Otrante → Skorpion, panna i lucznik → Ultimo tango a Zagarol → Elle court, elle court la banlieue → Hubal → One Way → Z tamtej strony teczy → Tecnica di un amore → Lo chiamavano Tresette... giocava sempre col morto → Ancora una volta prima di lasciarci → Hitler: The Last Ten Days → Adolf Hitler: My Part in His Downfall → Dentro la casa della vecchia signora → ...e continuavano a mettere lo diavolo ne lo inferno → I Jomfruens tegn → La dialectique peut-elle casser des briques? → England Made Me → J'irai comme un cheval fou → Un Amleto di meno → Rivelazioni di uno psichiatra sul mondo perverso del sesso → Die besten Jahre → La curiosa → O tsarlatanos → Fætrene på Torndal → Sekret → The Creeping Flesh → Le monache di Sant'Arcangelo → Pigalle carrefour des illusions → Le train → Het dwaallicht → Film d'amore e d'anarchia, ovvero 'stamattina alle 10 in via dei Fiori nella nota casa di tolleranza...' → George qui? → På tisdag vaknar vi upp till framtiden → Primo tango a Roma - Storia d'amore e d'alchimia → 4 caporali e 1/2 e un colonnello tutto d'un pezzo → Le fils de Marie → L'ultima neve di primavera → W pustyni i w puszczy → Ci risiamo, vero Provvidenza? → Projection privée → Veronica se întoarce → Prebroyavane na divite zaytzi → Les granges brûlées → L'an 01 → La brigade en folie → Le gang des otages → I gynaikokratia → Valdez il mezzosangue → Mordi e fuggi → La notte dell'ultimo giorno → Night Watch → Detza igrayat van → Habla, mudita → O kyklos tis amartias → Il sesso della strega → För var och en ni dömer kommer tio till → Daimones tis vias kai tou sex → Pénélope, folle de son corps → Amore mio, uccidimi! → Dik Trom en zijn dorpsgenoten → La comtesse noire → Le banquet → To bouzouki → Orgia se timi efkairias → La redada → Daddy → Don Juan ou Si Don Juan était une femme... → La mano spietata della legge → Moi y'en a vouloir des sous → Vogliamo i colonnelli → Les tentations de Marianne → Ártatlan gyilkosok → Kincskeresö kisködmön → Joë petit boum-boum → 1 Maj 1973 → L'événement le plus important depuis que l'homme a marché sur la Lune → Contratto carnale → The Quail Hunt → Lyubomir Pipkov → La rebelión de las muertas → Matushka → Pugni, pirati e karatè → A magyar ugaron → La nuit des étoiles filantes → Les aventures de Rabbi Jacob → Canterbury n° 2 - Nuove storie d'amore del '300 → De blinde fotograaf → Olsen-banden og Dynamitt-Harry går amok → Anche in quei giorni! → Maa on syntinen laulu → Tony Arzenta (Big Guns) → La guerre de pacification en Amazonie → Gennithikan kolasmenes → Je prends la chose... du bon côté! → S' eho anagi apopse poly → Zanna Bianca → La grande bouffe → Vlamingen in de wereld → Un amore così fragile, così violento → Voices → Le concierge → Li chiamavano i tre moschettieri... invece erano quattro → Sageata capitanului Ion → Una vita lunga un giorno → White Cargo → Szabad lélegzet → Rappresaglia → Polvere di stelle → Les infidèles → Cari genitori → Rangi's Catch → Rugantino → Sgarro alla camorra → Egy srác fehér lovon → I racconti romani di una ex novizia → Golf Etiquette → Parasutistii → Si può essere più bastardi dell'ispettore Cliff? → C'era una volta questo pazzo, pazzo, pazzo West → Giovannona Coscialunga disonorata con onore → Campa carogna... la taglia cresce → La vita in gioco → L'altra faccia del padrino → Kanarifuglen → Nincs idö → Proprietarii → Le guerriere dal seno nudo → Il delitto Matteotti → Buleczka → La leyenda del alcalde de Zalamea → I Maria tis siopis → Sedici anni → Kid il monello del west → No encontré rosas para mi madre → Charlie et ses deux nénettes → Romantik på sengekanten → Frank en Eva → Le mariage à la mode → La campana del infierno → Mia moglie, un corpo per l'amore → Troppo rischio per un uomo solo → Mistress Pamela → Lila akác → Explozia → The London Rock and Roll Show → La guerrilla → Tango 2001 → Cuore → El gran amor del conde Drácula → Il mio nome è Nessuno → La femme en bleu → Enas trellos, trellos aeropeiratis → Sessomatto → Thriller - En grym film → Professore venga accompagnato dai suoi genitori → La sculacciata → Professor Popper's Problems → Den kyske levemand → London Conspiracy → Un nuage entre les dents → Di mamma non ce n'è una sola → Farfallon → La pazienza ha un limite... noi no! → Swallows and Amazons → The God King → Duhul aurului → The Land That Time Forgot → Innocenza e turbamento → Vera, un cuento cruel → Travolti da un insolito destino nell'azzurro mare d'agosto → Nie bede cie kochac → Madeleine, anatomia di un incubo → Il figlio della sepolta viva → Konfrontation → Des filles expertes en jeux clandestins → Vase de noces → Nøddebo præstegård → UFO: Contatto radar - Stanno atterrando → Il sorriso del grande tentatore → Perversión → Vampira → Spomen → Tocata y fuga de Lolita → El padrino y sus ahijadas → Peccato veniale → Le saigneur est avec nous → Cebo para una adolescente → L'uomo senza memoria → Muntele ascuns → Darvo bez koren → Dunderklumpen! → La cameriera → La profanazione → Milano: il clan dei Calabresi → Chilling → Idegen arcok → Histoires d'A → Les seins de glace → Cinco almohadas para una noche → El karate el Colt y el impostor → On s'est trompé d'histoire d'amour → La merveilleuse visite → France société anonyme → Cuando los niños vienen de Marsella → Les petites saintes y touchent → La maison des filles perdues → Naughty! → Uma Família Alentejana → Psyhi kai sarka → Mi hijo no es lo que parece → Les violons du bal → L'escapade → La muerte llama a las 10 → Callan → Una pareja... distinta → Doctor, me gustan las mujeres, ¿es grave? → Kimen → Edo Polytehneio → Godzina szczytu → Partheniki sarka → Invasion: UFO → En handfull kärlek → El mariscal del infierno → Le cri du coeur → E cominciò il viaggio nella vertigine → Hold-Up, instantánea de una corrupción → Simona → Las obsesiones de Armando → La governante → Oi kolasmenoi tou sex → Maciste contre la reine des Amazones → Grote Klaas en kleine Klaas → Potop → Una mujer prohibida → Hay que matar a B. → Nøglehullet → Rory Gallagher: Irish Tour '74 → Paranoma zevgaria → House of Whipcord → Bástyasétány hetvennégy → Il profumo della signora in nero → 5 donne per l'assassino → Il saprofita → Señora doctor → Mädchen, die sich hocharbeiten → Une baleine qui avait mal aux dents → L'ombre d'une chance → Una donna per 7 bastardi → Romanzo popolare → Ordine firmato in bianco → Sams → Posledno lyato → Gruppo di famiglia in un interno → To gymno kormi tis gia doloma → El último proceso en París → L'albero dalle foglie rosa → Pavlos Melas → Abbasso tutti, viva noi → The Beast Must Die → Ciemna rzeka → La noche de la furia → La polizia chiede aiuto → French Blue → Scusi si potrebbe evitare il servizio militare? ...No! → No es nada, mamá, sólo un juego → Hommes de joie pour femmes vicieuses → Bashta mi boyadzhiyata → La vita nova → Emma, puertas oscuras → Milarepa → Erotismos kai pathos → Trudna lyubov → Anno uno → Les hautes solitudes → Zaczarowane podwórko → Alithini idoni → Pane e cioccolata → BlueBlood → Phase IV → Le rallye des joyeuses → Il domestico → Giuda uccide il venerdì → La diosa salvaje → The Rehearsal → Los mil ojos del asesino → Le retour du grand blond → Donna è bello → Piaf → Il mio nome è Scopone e faccio sempre cappotto → Diastrofes → Bobbys krig → Gniazdo → Ransom → Les maîtresses de vacances → Ghost in the Noonday Sun → La noche de los brujos → Vermisat → Fatti di gente perbene → Il ritorno di Zanna Bianca → Squadra volante → Les bidasses s'en vont en guerre → Les Charlots en folie: À nous quatre Cardinal! → Oom Ferdinand en de toverdrank → Femmes au soleil → Una chica y un señor → Q → La femme de Jean → Siete chacales → The Best of Benny Hill → What Next? → Femmes femmes → Céline et Julie vont en bateau: Phantom Ladies Over Paris → El pez de los ojos de oro → La madrastra → Världens bästa Karlsson → Pena de muerte → Steppenwolf → El sopar → Un comisar acuzã → La course en tête → Pourvu qu'on ait l'ivresse → The Internecine Project → Arrivano Joe e Margherito → Per amare Ofelia → Pigen og drømmeslottet → Paul and Michelle → The ODESSA File → Quelli che contano → Les trois mousquetaires → Un hombre como los demás → Proceso a Jesús → Fischia il sesso → Vild på sex → Pójdziesz ponad sadem → Big Truck and Sister Clare → Sistemo l'America e torno → Little Malcolm and His Struggle Against the Eunuchs → El encanto del amor prohibido → Vetchni vremena → Lily, aime-moi → Tamara ou Comment j'ai enterré ma vie de jeune fille → Bienvenido, Mister Krif → Hu-Man → La bête → Three for All → La maldición de la bestia → En kille och en tjej → I quattro dell'Apocalisse → Une cité pas comme les autres → Le pied!.. → O katadikos → Metralleta 'Stein' → Monty Python and the Holy Grail → Check-up érotique → Vromikes kyries → Il lupo dei mari → ¿No oyes ladrar los perros? → Il faut vivre dangereusement → La soupe froide → Una libélula para cada muerto → Bons baisers de Hong-Kong → Scusi eminenza... posso sposarmi? → La supplente → The Adventure of Sherlock Holmes' Smarter Brother → La polizia brancola nel buio → Les nuits brûlantes de Linda → Children of Rage → L'Italia vista dal cielo: Lazio → Cursa → La polizia ha le mani legate → Royal Flash → Russian Roulette → Di che segno sei? → The Ghoul → Attenti... arrivano le collegiali! → La prima volta, sull'erba → Les deux gouines → Macchie solari → El extraño amor de los vampiros → Daguerréotypes → Breaking Point → Peccati di gioventù → Il caso Raoul → Barry Lyndon → Hustruer → Histoire d'aller plus loin → Furia nera → Les prisons aussi... → Metoikos → Lottando la vita - Lavoratori italiani a Berlino → To kormi sou... sto kormi mou → Le futur aux trousses → Filip cel Bun → Magia nuda → Attilas '74 → The Nightcleaners → Cipolla Colt → Sporting Chance → Fratello mare → Adieu poulet → The Maids → Sangue + fango = Logos passione → 24 Iouli '74 → L'ammazzatina → Elixirul tineretii → L'agression → La nuora giovane → Nude per l'assassino → Il padrone e l'operaio → La collegiale → Véronique ou L'été de mes 13 ans → Philback Oil Furnace Process → Knots → Grazie... nonna → Il gatto mammone → Les chevaliers de la croupe → Lo stallone → 7 morts sur ordonnance → I Eva amartise apo ta 15 tis → Ett litet land i Skandinavien → Todos los gritos del silencio → Dehors-dedans → Vergine, e di nome Maria → Au-delà de la peur → Gente di rispetto → Faneflukt → As Armas e o Povo → Rooie Sien → La chatte sans pudeur → Matti da slegare → Legend of the Werewolf → ""Giliap"" → Confessions of a Pop Performer → Yuppi du → Los casados y la menor → Le sexe à la barre → The Hostages → Juego sucio en Panamá → L'éventreur de Notre-Dame → La polizia interviene: ordine di uccidere! → Hard Core Story → Sensations → Closed Up-Tight → La fille du garde-barrière → Conduct Unbecoming → Salvo D'Acquisto → The Ups and Downs of a Handyman → À bout de sexe → Tres suecas para tres Rodríguez → Le vieux fusil → Olvida los tambores → L'ambizioso → ...a tutte le auto della polizia... → Satan's Castle → Vieni, vieni amore mio → Frankenstein all'italiana → Rrugicat që kërkonin diell → Amici miei → Novios de la muerte → Les tripoteuses → Tommy → Como matar a papá... sin hacerle daño → Der Kleine Schwarze mit dem roten Hut → Violer er blå → La adúltera → Doktor Judym → Bezoek uw moedertaal → Elle en veut → De profesión: polígamo → A Procissão dos Bêbados → Peiramatozoo → La bolognese → Lebanon in a Whirlwind → Cousin cousine → Pasqualino Settebellezze → La città dell'ultima paura → Beni ecën vetë → Les innocents aux mains sales → El asesino no está solo → La villa → Sta dihtya tou tromou → Het jaar van de kreeft → La noche de las gaviotas → L'ingenua → Sérieux comme le plaisir → Linia → The Man Who Would Be King → La venganza de la momia → Anthologie des scènes interdites érotiques et pornographiques de José Bénazéraf → Die Bauern von Mahembe → Pri nikogo → Pe aici nu se trece → Pas de problème! → The Sexplorer → Hard Love → Várakozók → ¡Ya soy mujer! → Le faux-cul → Soldat Duroc, ça va être ta fête! → L'assassino è costretto ad uccidere ancora → Piedone a Hong Kong → Simone e Matteo: Un gioco da ragazzi → Les liaisons perverses → Robin Hood Junior → Emmanuelle: L'antivierge → Fru Inger til Østråt → Bedtime with Rosie → La cognatina → Lo sgarbo → Vous ne l'emporterez pas au paradis → Benilde ou a Virgem Mãe → ¡Jo, papá! → El colegio de la muerte → Wieczne pretensje → Amartolo trio → Oi rizes tou topou mas → Erotic Inferno → País S.A. → La cage → Anna → Bejleren - en jydsk røverhistorie → Aspects of Kirkwall 4: The Ba → Meli to kormi tis → C'est pas parce qu'on n'a rien à dire qu'il faut fermer sa gueule... → Tragoudia tis fotias → Penelope Pulls It Off → Faccia di spia → Le jardin des Hespérides → Oranje licht → Giochi erotici di una famiglia per bene → The Romantic Englishwoman → Vromiki parthena → Largo retorno → Inside Out → Kun sandheden → La planque 2 → Il fratello → De dwaze lotgevallen van Sherlock Jones → La polizia accusa: il servizio segreto uccide → Vi er både rigtig og kloge → Ondata di piacere → La mazurka del barone, della santa e del fico fiorone → Las flores del vicio → La chatte sur un doigt brûlant → Professione: reporter → Les noces de porcelaine → El poder del deseo → Mais où sont passées les jeunes filles en fleurs → Strip-tease a la inglesa → Juego de amor prohibido → Emanuelle nera → La cameriera nera → I padroni della città → Il demonio nel cervello → Poliziotti violenti → Marie-poupée → Et si tu n'en veux pas → I spilia tis amartias → It's Me → La legge violenta della squadra anticrimine → La principessa nuda → Sexuella → La tribu des Asmat → Dulscy → Secrets of a Superstud → La comtesse Ixe → La nipote del prete → Cuginetta, amore mio! → Apostolite → The Eagle Has Landed → Duelle (une quarantaine) → Két pont között a legrövidebb görbe → Fantaisies pour couples → Nel cerchio → News from Home → Le juge et l'assassin → Cetati si biserici fortificate in Transilvania → Le bouche-trou → Débordements de plaisir → Une femme fatale → Libertad provisional → Obrazki z zycia → Il soldato di ventura → Die Sklavinnen → Un rêve plus long que la nuit → I Løvens tegn → La polizia ordina: sparate a vista → Den sommeren jeg fylte 15 → La dottoressa del distretto militare → Emanuelle nera n° 2 → Deseo → Hic Digitur Dei → Måske ku' vi → La grande récré → Krótkie zycie → Koningspaar te Gent → Ultima noapte a singuratatii → À propos de vous → Ellas los prefieren... locas → Rekviem za edna mrasnitza → Roscovanul → The Copter Kids → Taxi Love - Servizio per signora → La grande culbute → Lettomania → Una vita venduta → L'aile ou la cuisse → Fantasia, ma non troppo, per violino → Un día con Sergio → To koritsi vomva → Perché si uccidono (La merde) → Amour → Il signor Rossi cerca la felicità → Brunet wieczorowa pora → ¿Quién puede matar a un niño? → La casa dalle finestre che ridono → El calor de la llama → Le trouble-fesses → Más allá del deseo → Come una rosa al naso → Excès → Amore all'arrabbiata → Queen Kong → Andréa → Frittata all'italiana → Nigdy nie zagasnie → El secreto inconfesable de un chico bien → Cuore di cane → Storia di arcieri, pugni e occhi neri → La ragazza alla pari → Alcalde por elección → Perversions → Oss → Antti Puuhaara → Mädchen die am Wege liegen → Lottovoittaja UKK Turhapuro → Spogliamoci così, senza pudor... → Egyszerü történet → Eva nera → The Waxing Moon → Todo modo → Exi diestrammenes zitoun dolofono → The Seven-Per-Cent Solution → Olsen-banden ser rødt → Vuelve, querida Nati → Volvoreta → Son nom de Venise dans Calcutta désert → La muerte del escorpión → Il Casanova di Federico Fellini → Erotika zevgaria → Un type comme moi ne devrait jamais mourir → Guerreras verdes → Mandinga → Don Milani → Vicieuse Amandine → Savana violenta → Una bella governante di colore → Ansikte mot ansikte → It Happened Here Again → Natale in casa d'appuntamento → Förvandlingen → The House of Bernarda Alba → Maria R. e gli angeli di Trastevere → Roxani, i odysseia tou sex → Les emmerdeuses → Moi, Pierre Rivière, ayant égorgé ma mère, ma soeur et mon frère... → Sin aliento, sin respiro, sin vergüenza → Porn's Girls → Johan → La fine dell'innocenza → Sfida sul fondo → Snaha → Corps à corps → Le voyage de noces → Tam Tam → Vizi privati, pubbliche virtù → Stangata in famiglia → Le graphique de Boscop → Acids of Virgin Music → Bomber & Paganini → Doverie → La zorrita en bikini → The Man Who Fell to Earth → Police Python 357 → Oh, Serafina! → L'Agnese va a morire → Montreal... een zilveren zomer 76 → It Could Happen to You → Último deseo → L'infermiera... di mio padre → Velluto nero → Vårnatt → Le seminariste → La nueva Marilyn → Les mal partis → La ragazza dalla pelle di corallo → El hombre perseguido por un O.V.N.I. → La sposina → Bugsy Malone → Fenomenat → La segretaria privata di mio padre → Fortini/Cani → Desnuda inquietud → To agistri → I Diadikasia → Érections → Carry on England → Ilegalët → Les enfants des autres → Las delicias de los verdes años → Secuestro → Sømænd på sengekanten → Un toro da monta → Le silence des organes → Os Demónios de Alcácer-Kibir → Che dottoressa ragazzi! → Oskar Kokoschka → Än susar skogen → Oh, mia bella matrigna → Suce-moi vampire → Intimate Games → L'ordinateur des pompes funèbres → El desencanto → Mondo porno oggi → Liebes Lager → Salomé → Je suis Pierre Rivière → L'inconveniente → L'alpagueur → Escape from the Dark → Salon Kitty → Gramma sto Nazim Hikmet → Lager SSadis Kastrat Kommandantur → L'éducation amoureuse de Valentin → Le berceau de cristal → Ballagó idö → La grande baise → Le jardin des supplices → Un éléphant ça trompe énormément → Lumière → Lucecita → Drömmen om Amerika → Le diable au coeur → Keoma → Celedonio y yo somos así → Le jour de gloire → L'argent de poche → El segundo poder → Protect and Survive → Inna → La dottoressa sotto il lenzuolo → Morir... dormir... tal vez soñar → I lust och nöd → I ragazzi della Roma violenta → Ta paidiá tou Diavólou → El alijo → Docteur Françoise Gailland → Lantul neglijentelor → Once Upon Time → La perversa caricia de Satán → Katina → Lezioni di violoncello con toccata e fuga → Donna... cosa si fa per te → Samodivsko horo → H.M.P. → Comment ça va? → Otalia de Bahia → Chi dice donna dice donna → Feelings → Guerre du Peuple en Angola → Central Bazaar → La casa → Du bout des lèvres → Doubles pénétrations → Per amore di Poppea → La Gioconda está triste → Victor Frankenstein → Cani → Boy posleden → La loterie de la vie → Bluff Stop → L'animal → Brigade call-girls → Vous n'aurez pas l'Alsace et la Lorraine → No alla violenza → Hempas bar → Fango → La banda del trucido → Një udhëtim i vështirë → Eva, limpia como los chorros del oro → La grande frime → Twenty Five Years → Carnet rose d'un homosexuel → The Battle of Billy's Pond → Il signor Ministro li pretese tutti e subito → C'est la fête à mon cul → What's Up Nurse! → I due superpiedi quasi piatti → Berlinguer ti voglio bene → Lâche-moi les valseuses!... → Providence → Los días del pasado → Une fille cousue de fil blanc → Suprêmes jouissances → Les obsédées → Je suis avide d'hommes → La rage du sexe → Asignatura pendiente → Sinbad and the Eye of the Tiger → Aïda → Les fougères bleues → Ena-ena-tessera → Repérages → A Portrait of the Artist as a Young Man → The Queen's Garden → To retire tis Tzouly → Come Play with Me → À pleine bouche → Accident → Le mille-pattes fait des claquettes → Doña Perfecta → Plus ça va, moins ça va → Sexy... amor y fantasía → Wielka podróz Bolka i Lolka → Esmeralda → Check-up à la suédoise → La viuda andaluza → Taxi Girl → El francotirador → Dagny → Tanczacy jastrzab → La bidonata → Zvezdi v kosite, salzi v ochite → L'imprécateur → The Glitterball → De dans van de reiger → Sette note in nero → Soumissions perverses → Zadacha s mnogo neizvestni → Niñas... al salón → Las marginadas → La face cachée d'Hitler → I nuovi mostri → Terror → Torino violenta → Tío, ¿de verdad vienen de París? → Striptease → Operazione Kappa: sparate a vista → Pecado mortal → Cuibul salamandrelor → Mogliamante → Karjolsteinen → Dis bonjour à la dame!.. → Una giornata particolare → L'occhio dietro la parete → The People That Time Forgot → Kung-fu wu-su → Die teuflischen Schwestern → Le fond de l'air est rouge → Le dernier baiser → L'uomo di Corleone → D'hommes à hommes → El espiritista → Ultimo mondo cannibale → La oscura historia de la prima Montse → Erotiki teleti → Déculottez-vous, les starlettes → La grande débauche → El perro → Arrête, tu me déchires → La 7ème compagnie au clair de lune → Cathy, fille soumise → Le sexe des anges → L'aigle et la colombe → Vibrations Sexuelles → Familien Gyldenkål vinder valget → Messalina, Messalina! → La compagna di banco → Cross of Iron → Kochaj albo rzuc → Dominations profondes → Cari mostri del mare → La violación → Uppdraget → ¡Bruja, más que bruja! → L'appuntamento → Le gang → Sweeney! → Una spirale di nebbia → KZ9 - Lager di sterminio → Belgische atleten te Montreal → Le pays bleu → Mais qu'est ce qu'elles veulent → The Butterfly Ball → No. 1 of the Secret Service → El ladrido → Comme sur des roulettes → Esclaves Sexuelles Sur Catalogue → Häpy endkö? Eli kuinka Uuno Turhapuro sai niin kauniin ja rikkaan vaimon → Mala, amore e morte → Les petites galères → La svastica nel ventre → Raffinement de luxure → Tre tigri contro tre tigri → The Road to Kathmandu → Anima persa → Le Musée → Mi hija Hildegart → March or Die → Délectations → El bengador Gusticiero y su pastelera madre → Pornographie secrète → The Brute → El mirón → Rubens, schilder en diplomaat → Blind Man's Bluff → Sámán → Kosmetikkrevolusjonen → La nuit des X → Regasirea → Canne mozze → To vary... peponi → Les collégiennes → Czlowiek z marmuru → Pubertad, adolescencia, la edad difícil → Gusanos de seda → Delirio d'amore → Al fin solos, pero... → Black Joy → Oedipus orca → The Bruce McMouse Show → Fais-moi tout → La Bible → Amori morbosi di una contessina → Las alegres chicas de 'El Molino' → L'exercice du pouvoir → Tutti defunti... tranne i morti → Sreshtu vyatara → Blindgangers → La vie parisienne → Anno zero - Guerra nello spazio → Le juge Fayard dit Le Shériff → Stella → Lúdas Matyi → Un amour de sable → Donne ta langue au chat → Le jour de noces → Tengamos la guerra en paz → Nie wiem → White Rock → Mia zoi se thymamai na fevgeis → Rembrandt fecit 1669 → Bröderna Lejonhjärta → Hemåt i natten → Informe general sobre unas cuestiones de interés para una proyección pública → Marche pas sur mes lacets → S comme sperme → Een stille liefde → Vicieuses et insatisfaites → La nymphomane perverse → Egy erkölcsös éjszaka → Il mondo dei sensi di Emy Wong → Cuisse me → Voto di castità → Le coeur froid → The Disappearance → Equus → Nel più alto dei cieli → Capricorn One → El apolítico → La rue de l'enfer → El diputado → White Line Fever → Jubilee → Je suis avide d'hommes → Confessions très intimes d'une petite fille → Excitation au soleil → Jill → Bomsalva → Così come sei → Fella → Pensione paura → Tomorrow Never Comes → Ring → Les raisins de la mort → Veuves en chaleur → Golemiyat tovar → Les grandes salopes → BUÉK! → Ishyri dosi... sex → Egefalika epeisodia → ¡Vaya par de gemelos! → O Rei das Berlengas → Zaproszenie do wnetrza → Piccole labbra → Les Zizis en folie → Sale rêveur → Viol, la grande peur → Initiation à la suédoise → Le braghe del padrone → Ils sont fous ces sorciers → Absolution → L'insegnante viene a casa → El terrorista → Les enfants de l'oubli → Occhi dalle stelle → Przemyslowy Instytut Elektroniki '78 → The Cat and the Canary → Il vangelo secondo San Frediano → Las locuras de Jane → Violette Nozière → What's Up Superdoc! → Klubben - en film om ungdom i vinter-Norge → Tod im November → Le dernier chant d'amour de Marilyn → Ondées brûlantes → Attention, les enfants regardent → Piedone l'africano → Incontri molto... ravvicinati del quarto tipo → The Silent Witness → One, Two, Two: 122, rue de Provence → Pour mémoire → Terror → Oh, les petites starlettes! → The Joy of Fooling Around → Europe After the Rain → Grimpe-moi dessus... et fais-moi mal → Co mi zrobisz jak mnie zlapiesz → Koncert në vitin 1936 → L'horoscope → Fevereiro na Beira Transmontana → Rostros → El asesino de Pedralbes → Frauen für Zellenblock 9 → Tout à la fois → La montagna del dio cannibale → Jouissances très spéciales → Inainte de tacere → Primo amore → Entrechattes → Meneer Klomp → Siirtolaiskulttuuria → Remplissez-moi... les 3 trous → Clément Moreau, Gebrauchsgrafiker → La raison d'État → Rekolekcje → Lahti MM -78 → Il Suicidio di Elsa → Monique, mein heißer Schoß → Prends-moi de force → La vitrine du plaisir → Femmes complices → 1922 → En l'autre bord → Petites pensionnaires impudiques → Folle... folle... fólleme Tim! → Cette salope d'Amanda → Hallo Szpicbródka, czyli ostatni wystep króla kasiarzy → Argentina Campeones: 1978 FIFA World Cup Official Film → Die Schweizermacher → Lèvres entrouvertes → A Rapariga dos Fósforos → Dokter Vlimmen → Cannes la drague → La mort du grand-père ou le sommeil du juste → Indians → Il grande attacco → Les grandes jouisseuses → Touchez pas au zizi → La settima donna → Force 10 from Navarone → Ecce bombo → Me aformi mia parastasi → Karlsvik - en by som Gud har glömt → Nero veneziano → Écoute voir... → Killer's Moon → Rends-moi folle → Tiempos de constitución → Koko, le gorille qui parle → Hans Staub, Fotoreporter → Le sexe qui parle 2 → L'hypothèse du tableau volé → I gabbiani volano basso → Collectives pénétrations → La carapate → Geile Nichten → The Stud → Wsród nocnej ciszy → Lamento → Dragues → My Way Home → Emanuelle e Lolita → Mon parrain, mon amour → I kangeloporta → Non sparate sui bambini → Vicieuses pour hommes seuls → Do krwi ostatniej → Rautakauppias Uuno Turhapuro, presidentin vävy → Les grands moments du 'Mundial' 78 → La mujer de la tierra caliente → Vinterbørn → La vieja memoria → O Meu Nome É... → The Odd Man → La clé sur la porte → L'immoralità → Bez znieczulenia → Secrétaires très spéciales → Cuissardes → Alzire oder der neue Kontinent → Gymno fotomodelo → I figli non si toccano! → K.O. → Tobi → Passe montagne → Caresses infernales → Vivir en Sevilla → Drága kisfiam! → Jeunes filles pour partouzes → Pari e dispari → Pøbel → Mädchen nach Mitternacht → Disco Sex → Les partouzes de Madame Paule → Milano... difendersi o morire → Jouissances garanties → L'affaire Suisse → Professor Kranz tedesco di Germania → Raoni → Il commissario di ferro → La torna → Scorticateli vivi → Pile ou face → Laverna → Nude Odeon → Fesses en feu → Billy Turf het dikste studentje ter wereld → Molière → I valitsa tou papa → Le bijou d'amour → Papaya dei Caraibi → Triple P... → Nacht zonder zegen → Cabo de vara → Je suis une monteuse → La tortue sur le dos → El asalto al castillo de la Moncloa → Exit 7 → Tire pas sur mon collant → Wszyscy i nikt → Suggestionata → Pepito piscina → Män kan inte våldtas → Las eróticas vacaciones de Stela → Les petites vicieuses → Ne pleure pas → Le evase - Storie di sesso e di violenze → Réquiem por un empleado → Deseo carnal → Prends-moi tout → La voix de son maître → Geppo il folle → L'argent des autres → Formula 1 - Febbre della velocità → Per vivere meglio, divertitevi con noi → Un second souffle → Langues cochonnes → Carne apaleada → Peter Martins, en danser → Stevie → L'osceno desiderio → L'ultimo guappo → Watership Down → 7 ragazze di classe → Un si joli village... → La luna → Charles et Lucie → Radiostacioni → Prane vatrave, parve zemrave → Corps à coeur → Zoo zéro → Wimbledon Official Film 1979 → Le bleu des origines → Exoristos stin kentriki leoforo → F.E.N. → Why Not Stay for Breakfast? → Hanover Street → La insólita y gloriosa hazaña del cipote de Archidona → Retour à la bien-aimée → Entrez vite... vite, je mouille! → Hôtesses en chaleur → Io sto con gli ippopotami → Almost a Movie → The Lady Vanishes → Bastien, Bastienne → Skal vi danse først? → Dominique → Les petites fugues → Gamines en chaleur → John Travolto... da un insolito destino → I viaggiatori della sera → Rosszemberek → Grijpstra & De Gier → Companys, procés a Catalunya → Os Filhos da Noite → La Chambre des phantasmes → Behind the Rent Strike → Making Solprene Rubber → Kalule → Femeia la volan → Polvos mágicos → Duri a morire → Johnny Larsen → Ihmemies → Milo-Milo → Chiedo asilo → Convoi de filles → Anna cuisses entrouvertes → Singur printre prieteni → Una mujer y un cobarde → Dottor Jekyll e gentile signora → Ta kourelia tragoudane akoma... → Sexual Aberration (Sesso perverso) → La ville à prendre → Gamines expertes → Avalanche Express → Le point douloureux → Confidences d'une jeune mariée → La dérobade → Dossche Veevoeders → La guerre des polices → King Solomon's Treasure → Bilet powrotny → Il cacciatore di squali → Insieme → Tiro → Las verdes praderas → Le mani di una donna sola → Malabimba → Dracula → 'Så fruktansvärt onödigt' - känslor och tankar kring barn och olyckor → Le mors aux dents → Barnförbjudet → Plurielles → Je brûle de partout → Mi adúltero esposo ('In Situ') → O asymvivastos → Black Jack → Les pipeuses → Linus eller Tegelhusets hemlighet → Correction, Please or How We Got Into Pictures → Rand rover → Róg Brzeskiej i Capri → Kainuu 39 → The World Is Full of Married Men → Flashing Lights → Il mondo porno di due sorelle → Soumission → Morte no Tejo → La nymphomane lubrique → Somewhere, Sometime → Mes débuts à Paris → Hôtel de passe → El buscón → Nous maigrirons ensemble → Lady Football → Liri a vdekje → La larga noche de los bastones blancos → Juventud sin freno → Auto-stoppeuses en chaleur → Amor de Perdição → I contrabbandieri di Santa Lucia → Këshilltarët → Fatalnata zapetaya → Csillag a máglyán → Ciocolata cu alune → Lenko → FA Cup Final: 1979 - Arsenal Vs Manchester United → Chattes enragées → L'anno dei gatti → Viens faire l'amour Charlotte → Ballë për ballë → Cicciolina amore mio → Historias de amor y masacre → Estivantes pour homme seul → Jeux → Jouissances profondes → The Riddle of the Sands → Buffet froid → Gros câlin → Al patrulea stol → O palavos kosmos tou Thanasi → Perros callejeros II → Porridge → Tendrement vache → Kjærleikens ferjereiser → Symphonie partouzarde → Prends-moi comme une bête → Bouches lascives et pornos → Barierata → Cette malicieuse Martine → Student → De platte jungle → Bratele Afroditei → Monique et Julie, deux collégiennes en partouze → Refais-moi tout → Rockerfilmen → Tess → Magyar rapszódia → Brillantina Rock → Queen of the Blues → I guappi non si toccano → Mes Films commencent au moment où les autres se terminent (Conversation avec Teo Hernandez I) (Carnet Filmé: 13 novembre 1979) → Rouges Silences → Sette uomini d'oro nello spazio → Caresses inavouables → Les Nouvelles Performances de Queue de Béton → Les suceuses → Cirkusrevyen 1979 → Caniche → Porno erotico western → Le cavaleur → Voi juku - mikä lauantai → Les jours et les nuits d'Eva Blue → Een vrouw tussen hond en wolf → Nadia la jouisseuse → De plaats van de vreemdeling → Letti selvaggi → Le temps des vacances → À nous deux → Családi tüzfészek → Umarli rzucaja cien → Vlad Tepes → Un uomo in ginocchio → Squadra antigangsters → Dalla nube alla resistenza → The Saint and the Brave Goose → Mamá cumple 100 años → Le chouchou de l'asile → Rallarblod → Last Ring → Upprättelsen → Confidences très intimes → Barmaids à jouir → Arabian Adventure → Een pak slaag → Nous étions un seul homme → La supplente va in città → Rotzetter Is Ready → Pielgrzym → A Question of Faith → Dolly il sesso biondo → Un om în loden → Too Good to Be True? → Sodomisation → Improvviso → Senza buccia → Gegè Bellavita → Je suis une petite cochonne → Tzak, o kavallaris → Il corpo della ragassa → Il mammasantissima → A kis Valentinó → Le chaînon manquant → La ragazza del vagone letto → Blue Suede Shoes → Tendres cousines → Arrivano i gatti → ...Y al tercer año, resucitó → Barna från Blåsjöfjället → The Shining → Champagne... e fagioli → Në çdo stinë → Patrick vive ancora → Maîtresse pour couple → Vierges et débauchées → Hard Sensation → La bestia nello spazio → Cuentos eróticos → De witte → Charlie Bravo → Alien 2: sulla Terra → Duios Anastasia trecea → Semilla de muerte → Sverige åt svenskarna → Théâtre → Antropophagus → Comment passer son permis de conduire → Los cántabros → Bash maystorat na ekskurziya → Lyubovta na Miron → Salopes en puissance → There Goes the Bride → Orgasmo nero → Thanasi, sfixe ki allo to zonari → Mondo cannibale → L'ebreo fascista → Madicken på Junibacken → O Kotsos stin E.O.K. → Quello strano desiderio → The Awakening → Le journal d'un dragueur → Pochti lyubovna istoriya → Terror en el tren de medianoche → Il medium → L'avare → Sketerre 43 → En mil pedazos → Super Climax → Les Défonceuses → Arrivano i bersaglieri → Fuerza mortal → Greta, Monica, Suzel... → Rocío → Masoch → Întoarcerea lui Voda Lapusneanu → Mia moglie è una strega → Manhã Submersa → Sir Henry at Rawlinson End → Die Nichten der Frau Oberst → Das gefrorene Herz → Belønningen → Jalea real → Tendre et voyou → Ópalo de fuego: Mercaderes del sexo → Trællenes børn → Bez milosci → Contamination → Gefsi apo... Ellada! → Uomini e no → Yumrutzi v prastta → Flygnivå 450 → Armonica a bocca → High Rise Donkey → Zappatore → Gregory's Girl → La via del silenzio → I mavri Emmanouella → Sono fotogenico → Cameriera senza... malizia → Crónicas del bromuro → La casa sperduta nel parco → Chicano → Land og synir → Cumpana → A Nightingale Sang in Berkeley Square → Noshtnite bdeniya na pop Vecherko → Une si jolie petite fille → Le porno killers → Le borgne → Gabriel Fauré → Lumina palida a durerii → Slaves of Desire → Le guignolo → Criminal Conversation → The Battle of Jerusalem → Trop au lit pour être honnête → La terrazza → La dottoressa ci sta col colonnello → Karnavalet → The Restless Eye: Eugène Delacroix → L'immorale → Mon oncle d'Amérique → L'ultimo cacciatore → Doppio sogno dei Sigg. X → Sechs Schwedinnen von der Tankstelle → Mafia, una legge che non perdona → Mamito → Rencontres au masculin → Élve vagy halva → Petites filles au bordel → Lämna mej inte ensam → Razza selvaggia → La locandiera → Third World → Burebista → Paul McCartney & Wings - Rockshow → Ragazzi di stadio → La pension des fesses nues → La verdad sobre el caso Savolta → Eroina → La bande du Rex → Két történet a félmúltból → Rag. Arturo De Fanti bancario-precario → Fabel → Le soleil en face → Un amour d'emmerdeuse → Il cappotto di Astrakan → The Great Rock 'n' Roll Swindle → Le voyage en douce → Attentat → Journal d'une maison de correction → Paradiso Blu → Une merveilleuse journée → Christa, folle de son sexe → Fuori stagione → Inferno → Veronica, adolescente aux goûts pervers → Örökség → Kojak Budapesten → 3 hommes à abattre → Na wlasna prosbe → Quando l'amore è oscenità → Le roi et l'oiseau → Cuisses ouvertes → Drumul oaselor → Retour en force → También encontré mariquitas felices → Rena... na i efkairia → Prostitute → Vasárnapi szülök → Vrijdag → Bello di mamma → Exchange and Divide → Podróz do Arabii → Les séducteurs → Kai xana pros ti doxa trava → Séduisante otage → Artista, dolarii si Ardelenii → It's Handy When People Don't Die → Het teken van het beest → Breaking Glass → Le Sexe à travers le monde → The Sea Wolves → Stele de iarna → Grzeszny zywot Franciszka Buly → The Long Good Friday → Dedicatoria → La mondana nuda → Sesso profondo → La amante ingenua → Le diabolique docteur Flak → Babylon → Encore plus avec Mélissa → Kamionat → Parties carrées campagnardes → Donna: vrouwen in verzet → Uoni → Cma → Afternoon of War → L'initiation porno de Virginie → Ciao marziano → Temporale Rosy → Hussy → La locanda della maladolescenza → Il giorno del Cobra → Dolce... calda Lisa → Les petites garces → Vînatoarea de vulpi → Tendres souvenirs (d'une bouche gourmande) → La femme intégrale → 5% de risque → Blue Erotic Climax → Dami kanyat → Reteaua 'S' → Le rôle effacé de Marie → La tua vita per mio figlio → Korpinpolska → The Sleep of Death → Silver Dream Racer → Poniro thilyko... katergara gynaika! → Pensieri morbosi → Cocktail Molotov → McVicar → Jane Austen in Manhattan → Orvos vagyok → La banquière → I ungdommens makt → Der Erfinder → Ladies Deluxe → Une étrange affaire → L'homme atlantique → Les hommes préfèrent les grosses → The Monster Club → Juliette du côté des hommes → Comin' at Ya! → Cherchez le nurse → Ciosy → Les fruits de la passion → El retorno del hombre lobo → I carabbimatti → Alo, aterizeaza strabunica! → Possession → Eaux profondes → Le sang du flamboyant → Ta' mej doktorn → Julia Julia → A szeleburdi család → Une belle carrosserie → Seuls → Saltimbancii → La caliente niña Julietta → Forfølgelsen → The Territory → Chanel Solitaire → Mi penetrati! → Köszönöm, megvagyunk → Zeppelin → Edward Hopper → Mera spored mera → Në prag të lirisë → Tündér Lala → El vicari d'Olot → Dom za nezhni dushi → Adaptatziya → Le professeur d'amour → Je fais où on me dit → Pour la peau d'un flic → La tragedia di un uomo ridicolo → Polites B' katigorias → Pohishteniye v zhalto → Das Boot ist voll → Sophie, secrétaire experte en langues → Signé Furax → Le grand paysage d'Alexis Droeven → Les petites dévergondées → Kiljusen herrasväki → Vi anklager → Polonia restituta → Rence do góry → The Nightingale → Una vacanza del cactus → Point final à la ligne → Asalto al casino → Si gjithë të tjerët → Sound Business → Fantasma d'amore → El fontanero, su mujer, y otras cosas de meter... → O lume fara cer → Dos y dos, cinco → Ad ovest di Paperino → Stefan Luchian → Clipperton: The Island Time Forgot → Charlotte, mouille ta culotte → Ideiglenes paradicsom → Demasiado para Gálvez → Green Ice → Looks and Smiles → Les Uns dans les autres → Prishestvie → Reporters → Anna → Blanche Fesse et les sept mains → Belles, blondes et bronzées → Dos pillos y pico → Le bahut va craquer → Apaga... y vámonos → Pusztai emberek → Het meisje met het rode haar → Le notti del terrore → Les babas cool → Manolesta → Dur, dur → Gyllene Tider - Parkliv → Per favore, occupati di Amelia → Kataskopos Nelli → Urgh! A Music War → Virginités à prendre → Olsenbanden gir seg aldri! → Blind Life, Blind Death → Koha e Partise → Carcerato → Baisez les otages → Les petits slips se déchaînent → Chiamate 6969: taxi per signora → Vonatút → Brugge, die stille → Labbra vogliose → Los violadores → Sex with the Stars → Ein wenig sterben → Incest - The Movie → La nuit ensoleillée → Vierges en chaleur → Wielka majówka → Club porno pour chattes enragées → Intendenti → La femme de l'aviateur → La moglie in bianco... l'amante al pepe → Les filles de Copacabana → Asso → Sois belle et tais-toi! → Castelul din Carpati → Neumonía erótica y pasota → Les surdoués de la première compagnie → L'hôtesse voyage sans slip → Höjdhoppar'n → Caligula et Messaline → Parano → Ça frime chez les minettes → Garsoniera gia deka → Syöksykierre → Kassettenliebe → La maison Tellier → Porno lui erotica lei → Diva → Peccato originale → Death in the Family → To ergostasio → Patricia, petite fille mouillée → Cuentos para una escapada → Slingrevalsen → Une robe noire pour un tueur → Sølvmunn → For Your Eyes Only → Sesso allegro → La segunda guerra de los niños → Inseminoid → Natali → Décharge encore → Horoi tou Digeni → Gjurmë në kaltërsi → L'ultimo harem → O Kotsos exo apo to N.A.T.O. → Pierino contro tutti → Próba materii → La chèvre → Parties très spéciales → The Comoedia → Misterio en la isla de los monstruos → La pension des surdoués → East 103rd Street → Cannibal ferox → La storia vera della signora dalle camelie → La guerre d'un seul homme → Est-ce bien raisonnable? → Tendres souvenirs d'une belle salope → Quartet → The Salamander → Tarnovskata tzaritza → Puente aéreo → Enas kontos tha mas sosei! → Brujas mágicas → Nelly → To megalo routhouni → L'amante tutta da scoprire → Crema, cioccolata e pa... prika → Ta tsakalia: Ena koinoniko provlima → Trop tôt/Trop tard → Les petites nymphettes → Voglia di sesso → Les filles de Grenoble → Le cantique des créature: Pablo Picasso pintor → La fille mal gardée → Szabadgyalog → Kniven i hjertet → La maestra di sci → Le port du sexe → 681 - Velichieto na hana → Dreszcze → La saga de Madiana → Bocca golosa → Prin apo tin parastasi → La poliziotta a New York → Lea → An American Werewolf in London → Jeunes filles au pair → Sechs Schwedinnen auf Ibiza → Top Man → Kratka avtobiografiya → Het einde van de reis → Verde Vinho → Les années lumière → Inghititorul de sabii → Stin anapaftiki meria → Dance Craze → Les bas de soie noire → Az ne zhiveya edin zhivot → Pasiones desenfrenadas → Psahnontas gia tin Pinelopi → Garce de brune, salope de blonde → Hotel of the Stars → Aimer et vivre libre → Habibi, amor mío → Pierino il fichissimo → Porno Holocaust → L'ultimo squalo → Cornetti alla crema → Beau-père → Super Hard Love → Kabala → T'es folle ou quoi? → The Dark Crystal → Jane, mi pequeña salvaje → Hungermarschen → For Tors skyld → La villa delle anime maledette → Krab i Joanna → Le llamaban J.R. → Kai o protos matakias → Pestañas postizas → Sal Santen rebel → Bello mio bellezza mia → Plus beau que moi, tu meurs → N'oublie pas ton père au vestiaire... → Fanny och Alexander → Ehrengard → Karatzova → Remembrance → Sophie's Choice → De smaak van water → Les misérables → Nutcracker → Kuningas jolla ei ollut sydäntä → The Plague Dogs → Blood Tide → Il buon soldato → Den Tüchtigen gehört die Welt → Cristóbal Colón, de oficio... descubridor → Guy de Maupassant → Volver a empezar → Kommandos kai manoulia → Ta sainia → Satanades sta sholeia → En septiembre → Deux heures moins le quart avant Jésus-Christ → Loca por el circo → Sable → Hablamos esta noche → Olsenbandens aller siste kupp → Derrière le miroir sans tain → Le rose et le blanc → Vörös föld → Mélodie pour Manuella → Drôle de show → Sti zougla tis Athinas → Litan → Poste restante → Living Apart Together → El regreso de Eva Man → Attenti a quei P2 → La plaça del Diamant → Znachor → Ça va faire mal → La belva dalla calda pelle → Xueiv → Paradis pour tous → Aspern → Le Second Voyage de noces → Kidnapning → Vieni avanti cretino → Bacanales romanas → Manhattan Baby → El primer divorcio → Mi conejo es el mejor → Bakterion → Il sommergibile più pazzo del mondo → Allagi... kai to louri tis manas → 1990: I guerrieri del Bronx → Sfîrsitul noptii → Grand Hotel Excelsior → La canción de los niños → Parfum d'une petite culotte → Viens jouir avec moi, Caroline → Escrito en la niebla → Le quart d'heure américain → Le Jardin des âges → Le gendarme et les gendarmettes → È forte un casino! → Las aventuras de Zipi y Zape → Heavenly Nurse → Mezczyzna niepotrzebny! → Regreso del más allá → Charmeuse Adeline → Konopielka → Al sur del edén → Elle voit des nains partout! → Le retour de Martin Guerre → Ciao nemico → El viatge a l'ultima estació → Jeunes filles à vendre → Déjà le sang de mai ensemençait novembre → Jugando con la muerte → Tzarska piesa → Patricia, Valérie, Anna et les autres → Orgasmo esotico → Angelina superporno → Pat una donna particolare → Golyamata lyubov na D. Lukov → La vendedora de ropa interior → La guérilléra → Un matin rouge → An Unsuitable Job for a Woman → Hero → O zigolo tis Athinas → Even... Unknown Terror → Piernas arriba → Ein lasterhafter Sommer → Les bachelières en chaleur → Secte pornographique → Pierino la peste alla riscossa → Suçomania → Interdit aux moins de 13 ans → De camisa vieja a chaqueta nueva → Les pipes de Madame Saint-Claude → La morte vivante → Toute une nuit → Sreshta na silite → Scratch → Biancaneve & Co... → Vierge... façon de parler → Dyavolskoto orazhie → Oltre la porta → Todos al suelo → Maman que man → Gian Burrasca → To eftyhismeno prosopo tis Leonoras → La voce → La côte d'amour → Pater Gomenios → Balamos → Night Crossing → On s'en fout... nous on s'aime → Boulevard des assassins → Matad al buitre → Ricchi, ricchissimi... praticamente in mutande → Die schöne Gefangene → Io so che tu sai che io so → Edo kai tora... aggouria!!! 'Posa fagate simera?' → Boldyn → I vizietto della vieina → Femmes prêtes à tout → The Sender → El ser → To soutien tou... baba mou → Amnestia → The Year of the Bodyguard → Ma femme s'appelle reviens → Vado a vivere da solo → O aftakias → Aberraciones sexuales de un diputado → On n'est pas sorti de l'auberge → Erotico 2000 → Edna zhena na trideset i tri → Te marre pas... c'est pour rire! → Vacances à Ibiza → Zozzerie di una moglie in calore → Malamore → Le cadeau → Les petites sauvages → Rêves de sexes → Esenno slantze → El orgasmo y el éxtasis → Espion, lève-toi → Testa o croce → Pinkel → Caligola: La storia mai raccontata → Tha se klepso, m' akous? → Retourne-moi, c'est meilleur → Le lit → Wierne blizny → L'ave Maria (L'artista) → Les quarantièmes rugissants → Întunericul alb → The Emperor of Peru → La casa stregata → Melodii la Costinesti → Bourgeoise et... pute! → Ator l'invincibile → Sins of the Fathers → Heiße Höschen → Les caprices d'une souris → Le père Noël est une ordure → Qu'est-ce qui fait craquer les filles... → Captain Stirrick → Brel → Scusa se è poco → La truite → O Agios Prevezis → Mon curé chez les nudistes → La colmena → Le grand frère → L'étoile du Nord → Io con te non ci sto più → Indiya, moya lyubov → Le Naufragé et le Prisonnier (Carnet Filmé: 24 mai 1983 - 26 juin 1983) → The Wicked Lady → Sinat na Maria → Délibábok országa → O haraktis A. Tassos → Al bar dello sport → Flics de choc → Kamera går! → Framed Youth: The Revenge of the Teenage Perverts → On the Third Day → Irma la masseuse → Facciamolo in tre → La Revanche des humanoïdes → Ardeurs perverses → Attracta → Acapulco, prima spiaggia... a sinistra → Screamtime → La tragédie de Carmen → Elveszett illúziók → Mai 1968, quinze ans après → Tanto calore → Bearn o la sala de las muñecas → Singur de cart → De tijd → La mort de Mario Ricci → Otto er et næsehorn → Local Hero → Pauline à la plage → Haroumenos efialtis → Revenge in the House of Usher → Andra dansen → Klejnot wolnego sumienia → L'africain → Sadetanssi → Credo → Zaman → Il giustiziere della strada → Przekleta ziemia → J.R. contraataca → Biddy → El fascista, doña Pura y el follón de la escultura → Talpra, Gyözö! → Rikos ja rangaistus → Inseminación artificial → Arhaia metalleia tis Lavreotikis → O lebada, iarna → Två killar och en tjej → Lock → Occhio, malocchio, prezzemolo e finocchio → Sogno di una notte d'estate → La casa de las mujeres perdidas → Favoriti e vincenti → The Gold Diggers → Orisiya → La ingenua, la lesbiana y el travesti → Un'età da sballo → Jogo de Mão → Il generale dell'armata morta → Gurët e shtëpisë sime → De Kick → El sur → Le retour de Christophe Colon → Piratene → Istoria tis trypas → Uma Viagem na Nossa Terra → Fuori dal giorno → La tua prima volta → Os Abismos da Meia-Noite → Les années 80 → Chambres d'amis très particulières → Baisers exotiques → Les voleurs de la nuit → Carmen → Al patriei erou intre eroi → Altri desideri particolari → Un ragazzo come tanti → Billie Turf kontra Kwel → Révolution → Jesli sie odnajdziemy → Eureka → Claire → Hetaste liggen → Questo e quello → Scherzo del destino in agguato dietro l'angolo come un brigante da strada → Il diavolo e l'acquasanta → Haltéroflic → Co dzien blizej nieba → La voisine est à dépuceler → Salopes demandent partenaires pour s'éclater par-devant et par-derrière → Le grain de sable → Parchís entra en acción → Adamo ed Eva: la prima storia d'amore → Una vergine per l'Impero Romano → O Drakoulas ton Exarheion → Skønheden og udyret → A Swarm in May → Misterele Bucurestilor → Anomaloi erotes sti Santorini → Phantasmes interdits → Loose Connections → Papadistiki kompania... → Glykia symmoria → Tightrope to Terror → Guapparia → Prends ton passe-montagne, on va à la plage → Klakier → Die schwarze Spinne → Ars amandi → Roxy Music: The High Road → Yellowbeard → Femmes par derrière → Corpi nudi → Întoarcerea Vlasinilor → Tu mi turbi → La guerra del ferro: Ironmaster → Un saltimbanc la Polul Nord → Truden izbor → Bourre-moi le cul → Curse of the Pink Panther → Forever Young → G.B.H. → Le Monde Impatient (Carnet Filmé: 1er novembre 1983 - 31 décembre 1983) → Un foro nel parabrezza → Sem Sombra de Pecado → La petite bande → Mon ami, mon amour → Détournement de mineur → Laura... a 16 anni mi dicesti sì → Udenrigskorrespondenten → Margot, la pupa della villa accanto → Fanny Hill → El currante → Animales racionales → Triple pénétration → Los nuevos extraterrestres → Vieni, vieni da me amore mio → Ako te ima → Escape from El Diablo → La fiancée qui venait du froid → Cap Canaille → Jacob smitaren → Allô Sodo 69-69 → To psonio → Help, ik zie → Un rolls para Hipólito → I predatori di Atlantide → Noé bárkái → Le retour des bidasses en folie → Via degli specchi → Agítese antes de usarla → Annita, to koritsi tou erota → Archipel des amours → Jeunes bourgeoises folles de leurs corps → La Dernière des putes → I paladini - Storia d'armi e d'amori → Esquisses Helléniques pour A propos de la Grèce (Carnet Filmé: 10 août 1983 - 14 septembre 1983) → O viasmos mias monahis → Daliás idök → I parexigisi → Ator 2: L'invincibile Orion → Sahara → Hercules → La discoteca → Planeta krawiec → Jeune femme à sa fenêtre lisant une lettre → La lune dans le caniveau → L'été meurtrier → Karambolage → O drakos, to prosopo tis imeras → Si elle dit oui... je ne dis pas non → Les muses sataniques → Les Gretchen sodomisées → La loca historia de los tres mosqueteros → Enver Hoxha, tungjatjeta → El tesoro de la diosa blanca → 'Super-Nana' Agent Secret → Le démon dans l'île → Erotica mon amour → La casa del tappeto giallo → Thunder → Love in Hong Kong → Ermoupoli, i proti poli tou Aigaiou diigeitai → House of the Long Shadows → Arrivano i miei → Principe di Homburg → Az utolsó futam → The Last Night → Teddy Bär → Huhtikuu on kuukausista julmin → Conquest → Hundra → Un povero ricco → Wimbledon Official Film 1983 → Pôr do Sol no Areeiro → Skilaboð til Söndru → Une pierre dans la bouche → Kutya éji dala → Vroeger kon je lachen → Le bourreau des coeurs → Odwet → Femmes → Las viciosas y la menor → Colegialas lesbianas y el placer de pervertir → Circus Logic I-IV → L'été de nos quinze ans → Idones sto Aigaio → Petits Derrières très accueillants → Mi manda Picone → Liberate Emanuela → Parker → Sensual Progression → Boszorkányszombat → Detenute violente → Laisse béton → O erotas tou Odyssea → Christina y la reconversión sexual → La maison des milles et un plaisirs → Uuno Turhapuro armeijan leivissä → An itan to violi pouli... → Overvallers in de dierentuin → Champions → Bakom jalusin → Salutari de la Agigea → A tu per tu → Busters verden → Papirfuglen → Geheimcode Wildgänse → Cuori nella tormenta → The Young Visiters → La présence réelle → White Elephant → Les sexologues en chaleur → Ordeal by Innocence → El último penalty → Sosesc pasarile calatoare → Jag skall aldrig mer dricka öl → Souvenirs souvenirs → The Hotel New Hampshire → Where the Boys Are → Der Rekord → Les nuages américains → Le petit prince → Héctor, el estigma del miedo → Le fou du roi → Cicciolina honorable putain → Bastille → Winter Flight → La France interdite → Das französische Frühstück → Nineteen Eighty-Four → Roda, tsanta & kopana no 3 → Kun Hunttalan Matti Suomen osti → Dark Enemy → To tylko rock → Amurgul fantanilor → Jean Sibelius: The Early Years → ¿Cuánto cobra un espía? → L'addition → Sodomise-moi encore → Los santos inocentes → Edo einai Valkania! → Zelenite polya → Las fantasías de Cuny → Ricordi → Slagskämpen → Un tenero tramonto → Ta katharmata → Sole nudo → Immigration: Amiens → Drengen der forsvandt → Fapt divers → Sex-appeal sur tapis vert → Lalakis, o eisagomenos → Thilyko thiriotrofeio → Le Léopard → Chutes de Maya → Frankenstein 90 → Mantepse ti kano... ta vradya → De l'autre côté de l'image → Bianca → Victòria! 3: El seny i la rauxa → Jojami → Sabatoventiquattromarzo → Petits trous vierges à explorer → Makedonia → Madam DeSade's Castle of Pleasure → Wimbledon Official Film 1984 → Midt om natten → Reflections → Les besoins de la chair → Jus d'amour → De Stille Oceaan → Marche à l'ombre → De witte waan → Comfort and Joy → Partouze collective pour sonophanes → El asesino llevaba medias negras → Una rajita para dos → Man in de war → Auto-stoppeuses à sodomiser → Which Side Are You On? → Les cavaliers de l'orage → Razza violenta → Mama lustig...? → Guerra sucia → Yo amo la danza → Miss Trouduc → Casa Botta → La couleur des mots → Les 7 Pécheresses → Secrets sadiques → Lingeries fines et perverses → Il ragazzo di Ebalus → I ragazzi della periferia sud → Lady Libertine → À pleins sexes → Le voyage → Militanti → Heaven Earth Man → Anne Devlin → Das Schlangenfischkanu - Eine Flußreise in Amazonien → Sodomanie → Cenerentola '80 → I timi tis agapis → Hrafninn flýgur → Liberté, la nuit → Soból i panna → Partouzes spéciales pour lesbiennes → Rage - Fuoco incrociato → Los motivos de Berta → Almonds and Raisins → Felhöjáték → Les Grandes Sodomisées vont s'éclater → Le matelot 512 → Bankok Bahrain → The Hit → El último kamikaze → Boy Meets Girl → Endërr për një karrigë → Fejesa e Blertës → Az óriás → Pa d'àngel → Fantasmes pour sodomisations et soumission indécente → Il peccato di Lola → Live → Comment draguer tous les mecs → Mitsos... o rezilis → Hanna D. - La ragazza del Vondel Park → Rouge midi → Not a War Film → Ringul → Rats - Notte di terrore → Karkalou → Frankenstein's Great Aunt Tillie → Un día en el triángulo → Jeux très spéciaux pour lycéennes gourmandes → L'addio a Enrico Berlinguer → Las alegres chicas de Colsada → Eszkimó asszony fázik → Una donna allo specchio → Thriller → Bragas húmedas → ¿Qué he hecho YO para merecer esto!! → To psema paei synnefo → Thais → Sköna juveler → Cicciolina il giorno dopo - Orgia nucleare → Ela na... gymnothoume, darling → Bis später, ich muss mich erschiessen → Sömnen → Otages séquestrées et violées → Sinais de Vida → Blind Date → Tuareg - Il guerriero del deserto → The Panther Squad → Introductions anales et gorges voraces → Roma. L'antica chiave dei sensi → La jonque chinoise → Notre histoire → Where Is Parsifal? → Vacanze in America → Les aventures de Monsieur DEMO → Delitto al Blue Gay → Bourgeoises obscènes → Viva la vie → Magiczne ognie → Åke och hans värld → The Terminator → Un ragazzo e una ragazza → Rok spokojnego slonca → Sti Glyfada, ena krevvati gia 5 → Gritos de ansiedad → Vacances spéciales pour sodomisées → Dyane → Canicule → Das seltsame Haus → Horea → Par où t'es rentré? On t'a pas vu sortir → Sabesednik po zhelanie → O adexios erastis → Oxford Blues → Property Rites → Samuel Beckett: Silence to Silence → De schorpioen → Goma-2 → Une rébellion à Romans → Ave Maria → La triche → Kello → Du foutre plein le cul → 7, Hyden Park: La casa maledetta → To theatro sto vouno → Olynka, grande prêtresse de l'amour → El donante → Jestem przeciw → Hors-la-loi → La baston → L'amour propre ne le reste jamais très longtemps → L'éveillé du pont de l'Alma → Suuri illusioni → Orions belte → Palace → Les rois du gag → Souper lykeio: Akros koufo & palavo → Trous de mémoire → Ni avec toi ni sans toi → Sper sa ne mai vedem → Petits Trous déchirés, salopes par-derrière → French initiation dans un petit cul de pucelle → Ubåt! En till sannolikhet gränsande visshet → Oi panks ta kanoun ola → Colpo di fulmine → L'été prochain → Tex e il signore degli abissi → La cage aux folles III: 'Elles' se marient → I soliti ignoti vent'anni dopo → Ne prends pas les poulets pour des pigeons → I cinque del Condor → Le due... bocche di Marina → Jeunes bourgeoises branchées sodomie → Impariamo ad amarci: guida all'educazione sessuale → Elsa, Elsa! → Gyerekrablás a Palánk utcában → Le mariage du siècle → Le due vite di Mattia Pascal → Pánico en el distrito 18 → Mezzo destro mezzo sinistro - 2 calciatori senza pallone → Tappavat sekunnit → Nuits Transparentes (Carnet Filmé: 1er janvier 1985 - 31 décembre 1985) → Réquiem por un campesino español → Il mondo dell'orrore di Dario Argento → L'amour braque → Killer contro killers → Ramasagul → È arrivato mio fratello → Le pactole → Châteaubriant, mémoire vivante → P.R.O.F.S. → Lélegzetvisszafojtva → Morbosamente vostra → Saudades para Dona Genciana → Le voyage sans fin → Ofelia kommer til byen → Ballets roses pour couples vicieux → Pas în doi → Signé Charlotte → El lío de papá → A vörös grófnö → De ijssalon → Turtle Diary → Alithini idoni → Flesh+Blood → Le cowboy → Brennende blomster → Przeznaczenie → 1985 - Vad hände katten i råttans år? → Moi vouloir toi → Pismak → Le yacht des partouzes → Shadey → Fetysz → Shooting from the Heart → The Shooting Party → La vaquilla → De deur van het huis → Sodomisations explosives → Subway → Poulet au vinaigre → Étudiantes à sodomiser sans limites → Tuntematon sotilas → Little Karim → Le voyage à Paimpol → O ippotis tis lakouvas → Vjeshte e nxhete e '41 → Murder Elite → Hot Target → Sogni erotici di Cleopatra → Álmodik az állatkert → Stin Ellada... spaei karydia → Le feu sous la peau → Själen är större än världen → 1985 Fa Cup Final - Manchester United V Everton → Luces de bohemia → Tendre adolescente → L'été provisoire → Le meilleur de la vie → Détective → Blanche et Marie → Egy kicsit én, egy kicsit te → L'araignée de satin → Sac de noeuds → Le thé au harem d'Archimède → Colpi di luce → L'effrontée → La hora bruja → Tristesse et beauté → Don Cipote de la Manga → Billy Ze Kick → Water → To psonistiri tis Omonoias → Otra vuelta de tuerca → Une fille ça va, trois, attention les dégâts! → She'll Be Wearing Pink Pyjamas → Du sel sur la peau → Steaming → Drôle de samedi → To xeftilisma → Johannes' hemmelighed → Defence of the Realm → O Vestido Cor de Fogo → Höhenfeuer → Station → El filandón → Tazi hubava zryala vazrast → Emeis oi vlahoi, opos lahei! → Taulanti kërkon një motër → De tripas corazón → Restless Natives → Daleki Dystans → Pervola, sporen in de sneeuw → The Return of Ruben Blades → Christmas Present → À nous les garçons → Konzert für Alice → Karnabal → O agalitsas: Ena exagomeno koroido → Fantasmes pornos d'une novice en chaleur → Commando Mengele → À propos de... l'autre détail → Parking → Soft and Hard → Hierro dulce → Kobieta w kapeluszu → Mystère Alexina → Giannis Ritsos - Eikones → A Strange Love Affair → L'ultimo giorno → Signé Renart → E... gia lesa ola mesa! → Plaisirs sodomites pour salopes inassouvies → Amour, fantasmes et fantaisies... → No comments → Jos tahtoo... → Cien juz niedaleko → Gaza Ghetto → Impiegati → Cuatro mujeres y un lío → Marbella, un golpe de cinco estrellas → The Two Rivers → Couple pervers demande débutante → Porwanie → The Lion's Share → La leggenda del rubino malese → Hei kliffaa hei → Topos → Wild Geese II → Bábolna → Une femme en Afrique → Smartta mozhe da pochaka → Kim jest ten czlowiek? → Boris I → A tanítványok → De aanslag → Plastposen → Comrades → La femme de ma vie → Zloty pociag → Maskes sto arhaio drama → The Mission → Ping Pong → Makaroni Blues → Il burbero → Linna → Az elvarázsolt dollár → Ex Voto → Eins og skepnan deyr → La gran comedia → James Bande contre O.S.Sex 69 → 64 Day Hero → Tenue de soirée → Egészséges erotika → Cucoana Chirita → Grandi mostre: futurismo e futuristi → Pulsions inavouables → Varázslat - A Queen Budapesten → Den stängda dalen: Valchiusella → Kleftroni kai gentleman → La puritaine → Otello → Wohin und zurück - Teil 3: Welcome in Vienna → Le retour de Marilyn → Ton ithele poly, olo kai pio mesa! → Una tenera follia → Gardien de la nuit → Les matics → Una storia ambigua → Le môme → Lypisou me, ponao → La femme secrète → Meglio baciare un cobra → Le miniere del Kilimangiaro (Afrikanter) → Désordre → Italian Fast Food → Bros gremos kai piso rema → Heidenlöcher → Werther → Gros dégueulasse → Troppo forte → Coulottes erotiche → Astérix chez les Bretons → Double messieurs → Mr. Love → Más allá de la muerte → Gröna gubbar från Y.R. → Los presuntos → Havre → L'état de grâce → Mona Lisa → L'età di Angela → États d'âme → Tri ditë nga një jetë → Scuola di ladri → Al patrulea gard, langa debarcader → Polvos bélicos → '38 → Sadiyata → The Fantasist → Sida, la peste del siglo XX → Jubiabá → Para las nenas, leche calentita → Sensi → Die Nachtmeerfahrt → Mama is boos! → Een gevoel van meer → Paulette, la pauvre petite milliardaire → Amo Roma → Colierul de turcoaze → 3 Supermen a Santo Domingo → Foxtrap → Hystéries collectives → Dráma a vadászaton → Douce France → L'ogre → Enigma → Stepni hora → Päivä kodissa vai Päiväkodissa → Trzy stopy nad ziemia → Marina e il suo cinema → Poniros o vlahos! → Näkemiin, hyvästi → Thérèse → L'amant magnifique → Zone rouge → Superfantagenio → Voyage au bout du vice → Fais-m'en plus par-derrière → Falfúró → Szerelem elsö vérig → Witchboard → O kavalaris ton maneken → Miljardi vuotta ennen maailmanloppua → The American Way → Podróze pana Kleksa → Ethelousia exodos → Agapisa enan Pontio → La rossa del bar → Tato, nie bój sie dentysty! → Mia zia... 077 → Elämän vonkamies → Il Bi e il Ba → Liceenii → To dendro pou pligoname → Senza vergogna → Faubourg St Martin → Der schwarze Tanner → Un ponte per l'inferno → The Sexy Secrets of the Kiss-o-gram Girls → Styl → Love in Paradise → Bröderna Mozart → Kucheto i vlyubenite → Uuno Turhapuro muuttaa maalle → La dernière image → Nägel mit Köpfen → Slaughter High → Speriamo che sia femmina → Stravers → Intunecare → Il sapore del grano → Justice de flic → Råttis → Rajska jablon → Me hace falta un bigote → Una spina nel cuore → Exigences très spéciales → Sceny dzieciece z zycia prowincji → Castaway → Dolce pelle di Angela → Orgasmo perverso → L'iniziazione → Les amazones du temple d'or → Storia d'amore → I lagens namn → Tata mía → La vita di scorta → Cat's → Marina, i desideri di una nobildonna → Les yeux brûlés → Salomé → Chasing a Rainbow: The Life of Josephine Baker → Le paltoquet → Les trottoirs de Saturne → Take It Easy → Stella í orlofi → Bien au chaud entre deux petites fesses → Sid and Nancy → El año de las luces → Idö van → I nyhta me ti Silena → Cours privé → L'exécutrice → Liian iso keikka → Aliens → Quartiere → Epidemic → A fior di pelle → L'arbre mort → Si le soleil ne revenait pas → La brute → Flag → 4 aventures de Reinette et Mirabelle → Travelling avant → Terminus → Rrethi i kujtesës → Punct si de la capat → Personal Services → Châteauroux district → Poule et frites → Non tutto rosa → Ena hreos palio → Jane and the Lost City → Telefoni i një mëngjesi → It Was 20 Years Ago Today → Doxobus → Këmishët me dyllë → Portraits, 10 artistes suisses aujourd'hui → Is-slottet → Divinas palabras → Chi c'è c'è → Black and White Pirate Show → Siesta → Padureanca → Urban Warriors → El misterio Eva Perón → Poker di donne → Agent trouble → The Secret Policeman's Third Ball → Keresztúton → La trasgressione → Kapetan Meitanos → Une journée d'Andrei Arsenevitch → Luk Erosa → Peter von Scholten → Die Grube → Strike Commando → Botë e padukshme → Bintley's Mozart → Attention fillettes... → Adolescentes voyeuses violées et sodomisées → Iron Warrior → Magnat → La vie platinée → La senyora → W zawieszeniu → Slips fendus et porte-jarretelles → Patris, listeia, oikogeneia → Los invitados → Amantide - Scirocco → L'attrazione → D'Annunzio → Ne se motay v krakata mi → Ofelas → Sent om hösten - En dag i Sverige → 84 Charing Cross Road → Dirigenterna → The Last of England → Renegade → Personaggi e interpreti → Érzékeny búcsú a fejedelemtöl → El pecador impecable → Niste baieti grozavi → Ramba sfida la bestia → El amor de ahora → O Desejado → Born of Fire → Aniol w szafie → Eja! → I diasosi tou mnimeiou → Dani, Michi, Renato & Max → Il lupo di mare → Mascara → Ternosecco → Le moine et la sorcière → Hells Angels MC Denmark → The Devil in Mr. Holmes → Orgia libera → The Girl → Septième ciel → Ansigt til ansigt → Tzvetove v tamninata → En film om kärlek → Full Metal Jacket → I picari → High Season → Falsch → Le jupon rouge → La chouette aveugle → The Belly of an Architect → Le cri du hibou → Ta paidia tis Helidonas → Wish You Were Here → O rany, nic sie nie stalo → Last Song → Relação Fiel e Verdadeira → Tropic of Ice - Jään kääntöpiiri → Profumo → Le retour de Jean-Maurice → Il giorno prima → It Couldn't Happen Here → A Doua varianta → L'ami de mon amie → Punitions anales pour adolescentes soumises → Poussière d'ange → Iera Moni Sina → Roba da ricchi → Apousies → Les nouveaux tricheurs → Aenigma → Zoeken naar Eileen → L'homme voilé → Waka-Waka → Nothing Wrong → Hamlet → Tracking → Tilinteko → Duminica în familie → Esto sí se hace → Fakta homma → Sodopunition pour dépravées sexuelles → Përralle Nga e Kaluara → The Hunting of the Snark → Prizemyavane → Masques → Bianco Apache → Veredicto implacable → War Dog → O antreiomenos tis lefterias: Nikos Kazantzakis → Faces Nord → Morometii → Some Protection → Maramao → Der traurige Vampir → Scuola di ladri - Parte seconda → Marina, un vulcano di piacere → Enigmele se explica in zori → Kataskopoi tis symforas → Pierre et Djemila → Empire State → Zabraneno za vuzrastni → La gentilezza del tocco → Made in Greece → Trilogie pour un homme seul → Django 2 - Il grande ritorno → Stanislaw i Anna → Venise sauvée → Czarne stopy → Queen: Magic Years, Volume Two - A Visual Anthology → Comédie! → François Villon - Poetul vagabond → Proini peripolos → Eroi dell'inferno → Helsinki Napoli All Night Long → Initiation d'une jeune marquise → Secondo Ponzio Pilato → Italiani a Rio → Robot Holocaust → Iratan e Iracema → Inna wyspa → Blonde Dolly → L'été en pente douce → Tiszta Amerika → Andy Warhol → Deliria → I miei primi 40 anni → Mon bel amour, ma déchirure → Urs al-jalil → Sodomies brûlantes → O Paradeisos anoigei me antikleidi → Promised Land → ¡No, hija, no! → Tango blu → On se calme et on boit frais à Saint-Tropez → La casa 3 → Sanguines → Quella villa in fondo al parco → Brun bitter → Der Fluch → Topo Galileo → Dance Academy → Drowning by Numbers → Fiori di zucca → Little Sweetheart → La doctoresse a des gros seins → Zabij mnie glino → Maîtresses... folles du cul → Mon ami le traître → Babai i studentit → Ne réveillez pas un flic qui dort → To elliniko thavma → Una ragazza molto viziosa → Krótki film o milosci → Bye Bye Baby → Il vizio preferito di mia moglie → Malaventura → Under the Bed → Unter Freunden → Computron 22 → Supysaua → Some Girls → Quelques jours avec moi → Chicho Krastnik → Dream Demon → Tüske a köröm alatt → Kolory kochania → A Bartos család → Rage - Furia primitiva → Girl from the South → Vargens tid → Xenodoheio Kastri → Baby Blues → Il ragazzo dal kimono d'oro 2 → Une affaire de femmes → I giorni del commissario Ambrosio → Birthplace unknown → Track 29 → K (Film a prostituáltakról - Rákóczi tér) → L'ours → Une nuit à l'Assemblée Nationale → Eldorádó → Bersaglio sull'autostrada → Mia moglie è una bestia → Una moglie molto infedele → Frustrazione → Crusoe → L'autre nuit → Lyato v byalo → Salome's Last Dance → Hawks → Kamilla og tyven → Katy, Kiki y Koko → Ti presento un'amica → Kirjeitä Ruotsista → Black mic-mac 2 → Soltana → Koniec sezonu na lody → Arnold Böcklin 1827-1901 → Joyriders → Enas alla... leon → Juillet en septembre → High Hopes → Nowy Jork, czwarta rano → Hanussen → Före detta livstidsfången 1724 Tore Kratz → Rimini Rimini - Un anno dopo → En toute innocence → Lauran huone → Remando al viento → Hukassa → Les saisons du plaisir → I ragazzi di via Panisperna → Kowloon - The Walled City → Trappola diabolica → Dandin → Os Emissários de Khalôm → Enas erodios gia ti Germania → Fermata → Sex Change: Shock! Horror! Probe! → Suéltate el pelo → Na srebrnym globie → Le prime foglie d'autunno → Angel Hill: l'ultima missione → Die Wahrheit über die Schweizer Epidemie → Quem Foste, Alvarez? → A másik ember → La maison de Jeanne → Tabu → Rødtotterne og Tyrannos → Uimataidoton → Killing Birds → A Mulher do Próximo → Irakleio → Kult Orgien → Once More → Strul → Apartment Zero → Bachi da seta → Delitti e profumi → La source → Boulevards d'Afrique → Az erdö kapitánya → Du är en människa → Un amore di donna → Garces en uniformes → ...lipotaktis → Nelu → Le palanquin des larmes → La deuda interna → Rockfogyatkozás → Commander → Miss Caribe → Kuutamosonaatti → Les mémés cannibales → Doc's Kingdom → Cobra Mission 2 → Kai deilos kai tolmiros → Guldregn → Un petit monastère en Toscane → Faludy György, költö → Victim of the Brain → The Deceivers → Besökarna → The Dawning → On the Black Hill → Top Line → The Fruit Machine → Madame Sousatzka → Roselyne et les lions → Burning Secret → T4 - Hartheim 1 - Sterben und Leben im Schloß → In fiecare zi mi-e dor de tine → Tous les nuages sont des horloges → Paradiso infernale → La Bohème → Soldadito español → Sogno proibito → Screwball Hotel → Dirty Love → Fengslende dager for Christina Berg → Tsibiste mas ki afiste mas → Femmine → Intimità bestiali di mia moglie → La petite voleuse → Il y a maldonne → Grandi cacciatori → Pigmalione 88 → Schlaflose Nächte → El aire de un crimen → Klatwa doliny wezy → Flacari pe comori → Les p'tits schtroumpfs → Escuadrón → Ei → Tillbaka till Ararat → Les pyramides bleues → In from the cold? A portrait of Richard Burton → Fesses offertes pour sexes baladeurs → Dziewczynka z hotelu Excelsior → Kárhozat → The Unholy → Folie ordinaire d'une fille de Cham → Le diable rose → La lectrice → Nosferatu a Venezia → És quan dormo que hi veig clar → Luces y sombras → La via della droga → Întâmplãri cu Alexandra → Obsession - una storia di straordinaria follia → Die Farben der Vögel → The BFG → Demasiado viejo para morir joven → In the Footsteps of Ambedkar → Nato per combattere → Sophisticated Lady → Fatal Secret → Estación Central → Notater om kærligheden → Killing Dad or How to Love Your Mother → 1939 → La storia di Lady Chatterley → A proposito di quella strana ragazza → Bankomatt → Coupe-franche → Man No Run → Les enfants du désordre → Maria si marea → Pilkarski poker → Al Andalus → Casablanca Express → Lungo il fiume → El equipo Aahhgg → Miami Cops → Tolérance → 3615 code Père Noël → De falschen hond → Forced March → Thank You Satan → Christian → Tank Malling → O Mistério da Boca do Inferno → The Kon-Tiki Man - Reeds in the Wind → Az én XX. századom → Mielött befejezi röptét a denevér → Chimère → Kristnihald undir jökli → Maria si Mirabella in Tranzistoria → Black Rainbow → Lady Emanuelle → Ruuvit löysällä → Oppressions → L'invité surprise → Les cinéphiles 2 - Eric a disparu → El anticristo 2 (Magic London) → La vie et rien d'autre → Amori in corso → Dykket → Un tour de manège → Förbanna inte mörkret → Montoyas y Tarantos → Intimo profondo → Dreptatea - Momentul adevarului → Anni tahtoo äidin → La señora del Oriente Express → Testigo azul → The Rachel Papers → Asterix, Operation Hinkelstein → Sabato sera e... poi! → Die falschen Fiddler → The Angry Earth → Torrents of Spring → The World at War - The Making of the Series → Meskie sprawy → I Want to Go Home → Casa di piacere → Bez draskotina → Tåg till himlen → Mes meilleurs copains → Polish Requiem → My Left Foot: The Story of Christy Brown → Bueno y tierno como un ángel → Århus by night → Derrière le mur → La mina → Les bois noirs → Kotia päin → Le champignon des Carpathes → War Requiem → Curse II: The Bite → Mutator → Slipstream → Je suis le seigneur du château → Après la pluie → Diamond Skulls → La chiesa → Erik the Viking → Brachni shegi → Byagashti kucheta → Czarny wawóz → Schlaf → Luisa, Carla, Lorenza e... le affettuose lontananze → Leningrad Cowboys Go America → Fallgropen → Indio → Pleure pas my love → Ekzitus → Dansen med Regitze → Boris Godounov → Radio Corbeau → Sangue negli abissi → Desene pe asfalt → La casa 4 (Witchcraft) → Guendalina → Gioco al massacro → Shirley Valentine → Splendor → 300 mil do nieba → Les baisers de secours → Mery per sempre → Desperacja → Melancholia → Luna di sangue → Oro Fino → Continental → Rosa de Areia → Scugnizzi → Bryllupsfesten → Ad un passo dall'aurora → Leviathan → Peaux de vaches → American risciò → Doombeach → Jan Rap en z'n maat → Le bon chien → To teleftaio stoihima → Und Morgen bin ich tot → La Chute des Aigles → Monsieur Hergé → Zelazna reka → Az grafinyata → Bille en tête → J'aurais jamais dû croiser son regard... → Boerenpsalm → Voglia di fragola → Perdues dans New York → Krieg in Wien → La morte è di moda → La donna dell'isola → Passion and Paradise → Buon Natale... Buon anno → Konsul → Fratelli d'Italia → Desire → L'autel de l'amitié → Force majeure → Esquilache → De kassière → Rose ou l'ivraie en famille → Street of No Return → Try This One for Size → Ho vinto la lotteria di Capodanno → Voglia di rock → Illalla klo 10 → Átame! → Rochia alba de dantela → Schacko Klak → Eravamo così → Palombella rossa → Eine Frau namens Harry → Pasport → Atto di dolore → Kramarz → Sapore di donna → Magyar rekviem → Torment → Midnight Breaks → Flaggstölden → Atlantic Rhapsody - 52 myndir úr Tórshavn → Reise der Hoffnung → Bal na dworcu w Koluszkach → Korczak → Delbanco → Qualcosa in più → Rosencrantz & Guildenstern Are Dead → Turné → Le petit criminel → Sanda → Mirakel → Le silence d'ailleurs → La cruz de Iberia → Josefine Mutzenbacher → I taràssachi → Après après-demain → Tatie Danielle → Goda människor → Pummarò → Attrazione selvaggia → Dolce e perversa → Il maestro → Kaj's fødselsdag → Benvenuti in casa Gori → The Rift → Hot Experiences → To epomeno thyma → Land in Sicht → La fille des collines → Smykketyven → Deadly Manor → Die Aids-Trilogie: Schweigen = Tod - Künstler in New York kämpfen gegen AIDS → Vitet e pritjes → Miss Missouri → God afton, herr Wallenberg → A halálraítélt → Jungfrau am Abgrund → The Road to God Knows Where → Il male oscuro → Tolgo il disturbo → Les enfants sur la nuque → Swinka → Köbánya-blues → Kiljusen herrasväen uudet seikkailut → Un jour comme un autre → Mio caro dottor Gräsler → La campagne de Cicéron → Chicago Joe and the Showgirl → Bingo → Disparate nacional → La cosa → Cold Dog Soup → De gulle minnaar → Les chevaliers de la table ronde → Sofiyska istoriya → Jean Galmot, aventurier → Pogrzeb kartofla → Non aprite quella porta 3 → The Krays → Han de Wit → Ra: Path of the Sun God → Metamorphosis → Hjälten → Trois années → Mado, poste restante → Andy Sheppard - Soft on the Inside → Kracht → Worthy Women → Las edades de Lulú → Blankt vapen → Il ritorno del grande amico → Juvenile Liaison 2 → Yksinteoin → The Neverending Story II: The Next Chapter → Niezalezny → The Missing Reel → Nuns on the Run → Despertaferro → La messe en si mineur → Bienvenue à bord! → Ripoux contre ripoux → Bound Beauties 2 → Sabato, domenica e lunedì → Der grüne Berg → La ville Louvre → Coroana de foc → Superagentes en Mallorca → Zaklad → An American Destiny - The Artist Jeff Koons → Sulle tracce del condor → Ferdinando, uomo d'amore → Truly Madly Deeply → Affengeil → Europa Europa → Das deutsche Kettensägen Massaker → Kys mor, skat! → Les patients → Contra el viento → Manden der ville være skyldig → Viotehnia oneiron → Uma História Imortal → Napló apámnak, anyámnak → Vincent & Theo → Echos aus einem düsteren Reich → Gorzka milosc → Gouddorst → Puja Puja → Dancin' Thru the Dark → Cop Target → The Fool → Stanno tutti bene → Zeit der Rache → Po upadku → Het nadeel van de twijfel → Promotion canapé → Romeo → Through the Wire → It's a Blue World → Good News: Von Kolporteuren, toten Hunden und anderen Wienern → Welcome Home, Roxy Carmichael → Mów mi Rockefeller → Contretemps → Tussen eten en de afwas → Tutte le provocazioni di Moana → The Field → The Big Man → Aquí huele a muerto... (¡pues yo no he sido!) → Los ángeles → Dagens Donna → Feu sur le candidat → Macken - Roy's & Roger's Bilservice → Il sole buio → Gioco di seduzione → Virginia → Fuglekrigen i Kanøfleskoven → Ti, koyto si na nebeto → Silent Scream → Una vita scellerata → Werther → Pierino torna a scuola → Strike It Rich → Wahre Liebe → Plemennikat chuzhdenetz → Der Berg → Marcowe migdaly → Amor und Psyche → Des Fächers Schneide → Te még élsz? → Équipe de nuit → De nacht van de wilde ezels → Gavre Princip - Himmel unter Steinen → La fille du magicien → Találkozások (Wallenberg) → C'era un Castello con Quaranta Cani → Zabic na koncu → Pink Palace, Paradise Beach → Filha da Mãe → La sposa di San Paolo → Conte de printemps → Rus → Desideri → I kokkini margarita → Gâteries anales pour croupes voraces → Living Doll → Ngjyrat e moshës → L'avaro → Powrót wilczycy → La gloire de mon père → Le dénommé (Oublie que tu es un homme) → Potyautasok → No me compliques la vida → Gluchy telefon → Innocents Abroad → Barton Fink → Der König von Kreuzberg → Zwischen Pankow und Zehlendorf → Skarga → Kabuto → Buddy's Song → Annabelle partagée → Panga → Night on Earth → Cage/Cunningham → Els peixos argentats a la peixera → Ultrà → Miliardi → Abbronzatissimi → L'opération Corned Beef → Bashtata na yaytzeto → Rien que des mensonges → El amor sí tiene cura → Ciudad Baja (Downtown Heat) → I Was on Mars → Johnny Suede → Un nos ola' leuad → Les clés du paradis → IDn4 → Zombie '90: Extreme Pestilence → Hvor mindets blomster gror → Vääpeli Körmy ja vetenalaiset vehkeet → L'inchiesta → Turbulence → La neige et le feu → Nuvem → Sperrmüll → Just Desserts → Zemes Keleiviai → Ei rakkautta kiitos → Les fleurs du mal → Bar des rails → Seszele → Le depravazioni di Eva → Wolfgang A. Mozart → Barocco → Hinter verschlossenen Türen → Diably, diably → Atlantis → Just Visiting This Planet → Amo tu cama rica → Les secrets professionnels du Docteur Apfelgluck → Sans un cri → Què t'hi jugues, Mari Pili? → J'embrasse pas → Superstau → Wheels & Deals → Venere paura → La tribu → Ta korakia i to parapono tou nekrothaftou → Stolz und schwul → I Ellada tou Eleftheriou Venizelou → Beyond Justice → Dyo ilioi ston ourano → Der andere Blick → Dieu vomit les tièdes → Cena alle nove → Buck ai confini del cielo → Jet Marbella Set → La ballade du serpent → Mixed Feelings → Elke und Amerika → Hannis → The Magic Fiddle → The Princess and the Goblin → Els papers d'Aspern → Parathyro sti thalassa → Wir waren in Tschernobyl → Karspel 2 → Drop Dead Fred → Money → Maîtresse → Igor Stravinsky: The Final Chorale → T. Sventon och fallet Isabella → Living with Technology: A Foundation Course - Patterns in the Dust → Le doppie bocche di Luana → Stinsen brinner ...filmen alltså → De zee in een fles → Gefangene des Meeres → Retrato de Família → Solitud → Kanalia → Le Silence Du Fleuve → Alleen oud → Veljet → Srcna dama → Pirtua pirtua → Mysterion → Riff-Raff → La bocca → L'homme qui a perdu son ombre → Rockin Ramona → La contre-allée → Tous les matins du monde → Lucky Luke → Der Tangospieler → Das Heimweh des Walerjan Wróbel → L'home de neó → Moveable Feast → Isten hátrafelé megy → L'entraînement du champion avant la course → Prica iz Hrvatske → Tottenham Hotspur V Nottingham Forrest - 1991 FA Cup Final → La dernière saison → Dove comincia la notte → Paris s'éveille → Buicken - store gutter gråter ikke → The Doors → Hamis a baba → El sueño de Tánger → La viuda del capitán Estrada → Under Suspicion → Salmonberries → Pensavo fosse amore... invece era un calesse → Muuttolinnun aika → La cattedra → Sale comme un ange → Una donna da guardare → Bronsteins Kinder → Highlander II: The Quickening → Le Nouvel Hiver (Carnet Filmé: 1er janvier 1989 - 31 décembre 1991) → Gawin → Djembefola → Intensive Care → Enigma → En dag i oktober → Esto es un atraco → Krummerne → Oostende → L'ultima meta → Director: Alan Clarke → Punainen huone → Fuera de juego → La reine blanche → Go Trabi Go → Sisi und der Kaiserkuß → Lo más natural → Cambodia, entre guerre et paix → Uuno Turhapuro herra Helsingin herra → The Bridge → Hay que zurrar a los pobres → Urga → Per sempre → Amelia → Sushi Sushi → Mes lieux d'habitation → Manta - Der Film → Netchaïev est de retour → Agnes Cecilia - En sällsam historia → JFK → Krhotine → Chasing Shadows → Passion's Flower → Ho sap el ministre? → Amantes → Berlin, Bahnhof Friedrichstraße, 1990 → Lola Zipper → Thank You and Good Night → Cattiva → Byttinger → American Friends → In naam der wet → Rock-A-Doodle → La condanna → Linda → The Invited → Ptak → Baby la figlia libidinosa → Max Ernst: Mein Vagabundieren - Meine Unruhe → Notti di paura → L'homme au masque d'or → Valo varjon takana → Marcellino → Afraid of the Dark → Blonde Fist → The Ballad of the Sad Cafe → Csapd le csacsi! → The Object of Beauty → A három növér → O neoellinikos diafotismos kai to evropaiko pnevma → How's Business → Metti un diavolo a cena → La domenica specialmente → Prizori sa Virovitickog bojista → Zombie ja Kummitusjuna → Il portaborse → Restlessness → Aujourd'hui peut-être... → Loving the Dead → Wax, or the Discovery of Television Among the Bees → Apfelbäume → Ringside → Deutschfieber → Yo me bajo en la próxima, ¿y usted? → Koskenkorva Cowboys → Russian Pizza Blues → Travelling → Flaming Ears → Min store tjocke far → Kuka on Joe Louis? → Der Papagei → Twin Peaks: Fire Walk with Me → Memoirs of an Invisible Man → Elämän rajavartija → Das Fest des Huhnes → Les eaux dormantes → L'affût → Vaterland → Videogramme einer Revolution → Spiando Marina → Our Hollywood Education → Koniec gry → Buffalo, USA → Luka → Voyage à Rome → Postikortti ja peili → Hornsby e Rodriguez - Sfida criminale → La gamine → Sale temps pour un voyou → Deep Blues → Nordexpressen → Wszystko, co najwazniejsze... → El beso del sueño → Der Störenfried - Ermittlungen zu Oskar Brüsewitz → Les années campagne → O Último Mergulho → Nessuno → Indochine → Angst - Tor zur Freiheit → En el trastero → Rekviem za ty, kteri prezili → Saint Tropez, Saint Tropez → Un paraguas para tres → Premonition of Absurd Perversion in Sexual Personae, Part I → Anni 90 → Spanking Academy of Dr Blunt → Au pays des Juliets → Nel continente nero → Beck - De gesloten kamer → Neoszarvasbika → The Art of Merry-Go-Round → Listopad → Daam autos → La peste → Alexandra David-Néel → De galna mammorna → Der nächtliche Besucher → Morte di un matematico napoletano → Celibidache → Vincennes Neuilly → L'Atlantide → Comme les oiseaux → Carl-Gustaf Lilius - vimma ja väsymys → Nach Patagonien → Infelici e contenti → Veturimiehet heiluttaa → Viimeinen kesä → Vinaya → La marrana → Rosa Negra → Le voyage étranger → IP5: L'île aux pachydermes → Damage → Legion der Perversen → Chroniques hongroises → Lakki → Traberg → Wielka wsypa → Damned in the U.S.A. → Holtak szabadsága → Nie wieder schlafen → Lebenslinie → La sévillane → Prova di memoria → The Shattered Mirror → Gypsy Eyes → Maidens in Uniform → Mamma ci penso io → En sparv i tranedans → The Runner → Face of Our Fear → Noorelt õpitud → Siki → Tusea si junghiul → To simantikotero paihnidi → A nagy postarablás → Rebecca's Daughters → Strejferen II → Symphony for the Spire → Il ventre di Maria → Peter's Friends → Confortorio → Narcos → Bob Roberts → Das war der wilde Osten → La nuit de l'océan → Otto - Der Liebesfilm → Les jardinets dionysiens → Fatalità → Undine → De force avec d'autres → Was Sie nie über Frauen wissen wollten → Olivier, Olivier → El juego de los mensajes invisibles → L'angelo con la pistola → Stilles Land → Female Misbehavior → Una mujer bajo la lluvia → Le mirage → Gli assassini vanno in coppia → Soft Top Hard Shoulder → Hors saison → Les variacions Gould → Shooting Elizabeth → Die Wahrheit über die Stasi → Quando eravamo repressi → Holozän → Wild Attraction → Daens → Once Upon a Crime... → Die Antigone des Sophokles nach der Hölderlinschen Übertragung für die Bühne bearbeitet von Brecht 1948 (Suhrkamp Verlag) → Basic Instinct → Sergiu Celibidache: The Triumphant Return → Pride and Joy: The Story of Alligator Records → Chasse gardée → City of Joy → La reina anónima → Tre blink mod vest → Bram Stoker's Dracula → Bassi istinti → Sevilla Connection → La noche del ejecutor → I maneggi di una porno cameriera → 17 → Le cahier volé → Am Rande der Welt → Lungo il fiume → Magyar nök a Gulágon → Made in Bulgaria → De-as fi Peter Pan → Un sogno perso → Jesus vender tilbage → As You Like It → In camera mia → Prague → Valentina Valentina → Acoustic Routes → Sublet → Der sechste Kontinent → Krummerne 2: Stakkels Krumme → Rhythmus des Lebens → Les Gants d'Or d'Akka → Sofie → Adeus Princesa → Maledetto il giorno che t'ho incontrato → Kisneviy golod → Vovai pigai, lalon ydor → Der Landvermesser → The Crying Game → Dragoste si apa calda → Nero → Svart Lucia → Allullo drom → Los gusanos no llevan bufanda → Ett rättfärdigt krig? → Füürland 2 → Det var en gång... en liten flicka → À demain → Blue Ice → El marido perfecto → Warszawa. Année 5703 → Goulili, dis-moi ma soeur → Boven de bergen → Sam suffit → Immaculate Conception → Crescendo - hitaasti kasvaen → Gangsters → Stinging Tails → Work in Progress → La crise → Le amiche del cuore → Sódóma Reykjavík → The Ballad of Kid Divine: The Cockney Cowboy → Est di notte → Le pays des sourds → Le moulin de Daudet → The Hummingbird Tree → Die letzten freien Menschen → Rome Roméo → Bringing a Blush to the Cheeks → Shadow of the Wolf → Provocazione fatale → Per amore, solo per amore → More Abba Gold - More Abba Hits → Amami → Kriegsende → Pétain → Ce que femme veut... → Il giorno di San Sebastiano → Tala! Det är så mörkt → Greshnitsa v maske → Much Ado About Nothing → La naissance de l'amour → Amadeu, Amadeu! → Wir können auch anders... → La donna è mobile → Vision 2000 → Tout ça... pour ça! → Vsetko co mam rad → Rajaton maisema → Il guardaspalle → Das Ei ist eine geschissene Gottesgabe → Les enfants jouent à la Russie → Confusus → Die tödliche Maria → Je pense à vous → To teihos mas → Czlowiek z... → The Hollow Men → Le chewing-gum, cet inconnu → The House of the Spirits → Le tronc → I'll Never Get Out of This World Alive → 24 Hour Psycho → Marie → Zhrebiyat → The Hour of the Pig → De tussentijd → Zoi harisameni → Isä meidän → Son of the Pink Panther → Drömmen om Rita → Nepabeigta filma → Graffiante desiderio → Le mari de Léon → Det sociala arvet → Friends → Abbronzatissimi 2 - Un anno dopo → La nage indienne → Le nombril du monde → De bende van rouch → Bergmann Borsig Vormals VEB → Drosme nogalinat → Sista dansen → Cakstes koks → Sombras en una batalla → Free Willy → Cobra → Smukke dreng → Une nouvelle vie → Onnen maa → Airstream → Hooked on Queen → Kalyi - Zeit der Finsternis → Alto rischio → Yön sudet → Hookers Hustlers Pimps and Their Johns → Aqui na Terra → Backdoor Adventures of Hanzel and Gretal → Don Quijote z Krivian → Libera me → Dag Jan → Hetmanski kleinody → Secondløitnanten → Perlasca → Les demoiselles ont eu 25 ans → In a Moment of Passion → Rutt Deen → Kölcsönkapott idö → Night Train to Venice → La petite apocalypse → Verdenshistorien 1. del: En plads på jorden → Fuchzhou → Gynaikes dilitirio → L'Huma, la lutte, l'Huma, la fête → Lefteris Dimakopoulos → Una tenera storia → Attendre le navire → Romanovin kivet → O Fio do Horizonte → Seven Songs for Malcolm X → Mario, Maria e Mario → Belle → Trahir → Feed Them to the Cannibals! → Die Bettkönigin → Je m'appelle Victor → Stéphane et Paulo, séropositifs → Contes et comptes de la cour → La bionda → Donne in un giorno di festa → Angie → Kärlekens himmelska helvete → Lykkelige Jim → La Lola se va a los puertos → Tou thrylou kai tis paralogis → Jacek i Placek → Chopin - Bilder einer Trennung → Lza ksiecia ciemnosci → House of Cards → Condannato a nozze → Younger and Younger → Pekko Aikamiespojan poikamiesaika → Dove siete? Io sono qui → Ta paidia tou oneirou → Bonus malus → Tres palabras → Justinien Trouvé, ou le bâtard de Dieu → Snake Eyes → The Spanking Game → En compagnie d'Antonin Artaud → The Who's Tommy, the Amazing Journey → The Mystery of Edwin Drood → Rosenemil → Portagli i miei saluti... avanzi di galera → Killing Zoe → Ordonka → Anni 90 - Parte II → Kragovrat → Rasoi → Tombés du ciel → Navodneniye → Matkalla Toven kanssa → Tishina v Kambodzha → Enak → Dirty Weekend → Sudden Death → Lotta 2 - Lotta flyttar hemifrån → The Three Musketeers → Part Time God → E.T.A. Hoffmanns Der Sandmann → Universe Global Dance Party → Appunti per un film → Do You Come Here Often → Madame L'Eau → Just Friends → Emmanuelle au 7ème ciel → Harjunpää ja kiusantekijät → Putiat kum hrama → Virtaset ja Kekkonen → Taxi de nuit → Environnement et métiers de l'audiovisuel 2: La course au numérique, conséquences sur les métiers → Inge, April und Mai → Tallinn pimeduses → Die Risikogesellschaft → Three Shake-a-Leg Steps to Heaven → Curious: The Velvet Underground in Europe → In Paradisum → El muro y el mural de México → Fatalna nezhnost → Madame Bäurin → Hélas pour moi → Amateurs Attract → On ne vit qu'une fois → Merlin → I epohi ton dolofonon → Onnen pyörät → La soif de l'or → Sedmero krkavcu → Ik hou van lawaai → Drug-Taking and the Arts → Zwischen Kino und Konzert - Der Komponist Nino Rota → Two Small Bodies → Indien → In the Name of the Father → De natuurlijke ruimte → Jungledyret → Un, deux, trois, soleil → La madre muerta → Bewogen koper → Latcho Drom → Body of Evidence → Le tre porcelline → Heaven & Earth → I avli me ta skoupidia → Kronika powstania w getcie warszawskim wg Marka Edelmana → Il grande cocomero → Woyzeck → Bad Behaviour → The Cure Show → Big Bang → Cominciò tutto per caso → ¡¡Semos peligrosos!! (uséase Makinavaja 2) → Supernova → In weiter Ferne, so nah! → Der Elfenbeinturm → Navigatori dello spazio → Jardines colgantes → Voll normaaal → Lisbon Story → Zabraneniat plod → Carlo & Ester → A Pin for the Butterfly → Sarahsarà → Brave → La nuit des 10 ans de Canal+ → Jaguar und Regen → Cijena zivota → Anni ribelli → Oloi emeis → Il silenzio dei prosciutti → To Die For → Beg! → L'École de Nice au carnaval → Troppo sole → Joint Venture → Der Diplomat → Die verlorene Sonnenwende → Italia Village → La via del cibo → Einfach nur Liebe → Desvío al paraíso → Metaihmio → Home Suite → Vekslák aneb Staré zlaté casy → Stockholm Marathon → Oczy niebieskie → Rote Nelke → Les porte-jarretelles de Sophie → Dead Can Dance: Toward the Within → Lucebert, tijd en afscheid → Sunny Side Up → Cómo ser infeliz y disfrutarlo → Tracking Down Maggie: The Unofficial Biography of Margaret Thatcher → Fea → Tissit & Tango → Les enfants illégitimes d'Anton Webern → Thalassa, Thalassa → Bryllupsfotografen → Post Cards from America → No Escape → Sandra Bernhard: Confessions of a Pretty Lady → Neînvinsa-i dragostea → White Magic → Profession enculeur → Four Weddings and a Funeral → Uma Vida Normal → Le mangeur de lune → Le colonel Chabert → Ladybird Ladybird → Bleiben Sie dran! → Marquis de Sade → Des feux mal éteints → Szülöföldem, Pápa → L'homme des casernes → Second Best → Lisboa No Cinema, Um Ponto De Vista → Tsahal → Etwas am Herzen → Al otro lado del túnel → Der König von Dulsberg → Belle pazze scatenate - Le ragazze pon pon → ¡Por fin solos! → Rosita, please! → Padre e figlio → The Fantastic Four → El camino de las hormigas → Bíódagar → La notte americana del dr. Lucio Fulci → Der Reichseinsatz - Zwangsarbeiter in Deutschland → Genesi: La creazione e il diluvio → Pekko ja poika → Starting Place/Point de départ → Betonikohtu → Der König der Tiere → Pourquoi maman est dans mon lit? → Tschäss → Anime fiammeggianti → Les braqueuses → Le fusil de bois → Dentro il vulcano → Tsvety provintsii → Le sourire → Jaar 1: Alan Reeve na dertig jaar opsluiting → Nostradamus → Carences → Radio Nord - piraten på Östersjön → L'ange noir → To mand i en sofa → Paradjanov: A Requiem → Laura → Il sogno della farfalla → Lyubovni sanishta → The Last Seduction → Suite 16 → Stein & stjerner → Historias de la puta mili → Rosa Was Here → La ragazza di Cortina → Wachtmeister Zumbühl → Sixten → Heller Tag → Weltmeister → Hotýlek v srdci Evropy → Lust → The Kingdom of Zydeco → Täyden palvelun talo → Oleanna → Kaikki pelissä → Vásnivy polibek → Du fond du coeur → Joel-Peter Witkin - L'image indélébile → Balagan → Jahre der Kälte → Aapo → I mitici - Colpo gobbo a Milano → Montand → I pavoni → Inkarnace → Venti dal Sud → Le parfum d'Yvonne → Enciende mi pasión → A Luz Incerta → Sogno d'amore → Omelette → Halál sekély vízben → Moondance → Deckname: Rosa → Köd → Cautivos de la sombra → The Madness of King George → Panna z mokra glowa → Kövek üzenete - Budapest → Peter Przygodda, Schnittmeister → L'affaire → Chasing the Deer → Abschied von Agnes → La verità di Silvia → Pevnost → Trop de bonheur → Karaganda → To Be or to Have → Sex gun's → Captives → Morana → L'irrésolu → Babylon: la paura è la migliore amica dell'uomo → Ekmek Parasi - Geld fürs Brot → Geraubte Kindheit - und damit leben lernen → Mona Must Die → Elles ne pensent qu'à ça... → The Night and the Moment → Loin des barbares → Hasenjagd → Na krásnom modrom Dunaji → T' Aves Bachtalo → Jeanne la Pucelle I - Les batailles → A Business Affair → Pred dozhdot → Volt egyszer egy egyetem → Lato milosci → Remembrance of Things Fast: True Stories Visual Lies → Iagouaros → O drapetis tou feggariou → De tunnel → Zalazak stoljeca (Testament L.Z.) → There's No Business → L'ours en peluche → La leyenda de la doncella → Händerna → Förräderi → Schlesien - Slask → Smierc jak kromka chleba → Il labirinto dei sensi → London → Les roseaux sauvages → Widows' Peak → Honey Sweet Love → Blood Circle → Prince of Jutland → Szívben még megvan... → Felidae → The Spanking Game 2 → Wildgroei → Giorgino → Du bringst mich noch um → Un giorno per caso → Gut drauf, schlecht dran → Briganti: Amore e libertà → Nastazja → Drømspel → La vera vita di Antonio H. → Ma soeur chinoise → Crucea de piatra → Leningrad Cowboys Meet Moses → O korinthiakos apoihos enos palaiou skopou tis Mikrasias → Pas très catholique → Sister My Sister → Former East/Former West → Sentimental journey → Motion → Três Palmeiras → Taxandria → Continuum → Elles n'oublient jamais → Passagem por Lisboa → Dracula → Verhängnis → Tato → Yao a yao, yao dao wai po qiao → The Rite of Spring → I.D. → I zoi enamisy hiliariko → Branwen → Tharzan - La vera storia del figlio della giungla → Mondo → Neurosia - 50 Jahre pervers → La cité des enfants perdus → Confesiune → The Young Poisoner's Handbook → La haine → A Kid in King Arthur's Court → Die Mediocren → Zadoc et le bonheur → Internationale Zone → Douce France → Linda Flickebarn → Isanga → Cirkus Ildebrand → Paradise Framed → The Pompatus of Love → Le nouveau monde → Antonia → Rome désolée → Senatorul melcilor → At the Orient's Gate → Un grande amore → Forbidden Marriages in the Holy Land → O Convento → Daleko od siebie → Le Monde et les ondes de Pierre Schaeffer → Poussières de vie → Der Kampf um den heiligen Baum → Haut bas fragile → Dans la cour des grands → Brothers in Trouble → The Painted Boy → Stracheni svitanki → La légende de l'Ankou → Trinità & Bambino... e adesso tocca a noi! → Haiti. Uden titel → Älskar älskar inte → Elateia → Cash Express → Sostiene Pereira → Goldland - Abenteuer unter brasilianischen Goldsuchern → Die Schelme von Schelm → Wimbledon Official Film 1995 → Pulkownik Kwiatkowski → Das Erbe → L'école de la Camorra → Der Totmacher → Sense and Sensibility → Beyond Rangoon → True Believers: The Musical Family of Rounder Records → Der Schatten des Schreibers → Le maître des éléphants → Rennschwein Rudi Rüssel → Adultère (mode d'emploi) → Cuernos de mujer → Einkalíf → White Man's Burden → Encounters with Kieslowski → Uomini uomini uomini → L'intesa → Butterfly Kiss → Po zwyciestwie 1989-1995 → Dis-moi oui... → To vlemma tou Odyssea → Das Erbe der Bilder → Anita salope d'un jour → Gentleman → A részleg → Sinais de Fogo → Le voyage de Baba → Záhrada → Filmpje! → Aletta Jacobs, het hoogste streven → Sommaren → Les Milles → Circle of Friends → Nadie hablará de nosotras cuando hayamos muerto → Tabee toean → The Hurting → Les mystères du premier film → Les misérables → La scuola → Guérir la Terre → Le gros trou de la baronne → Party Extreme → Les chambres d'ami(e)s → Kamien na kamieniu → Lagodna → Broken Silence → Flodder 3 → The Pillow Book → Cutthroat Island → Historias del Kronen → Coûte que coûte → I Love Ornella Muti → La Tribu du tunnel → Walhalla → Wrzeciono czasu → Stannar du så springer jag → Showgirls → Für mich soll's rote Rosen regnen → Zum Glück gibt's meine Frau → Eleftheri katadysi → Free Willy 2: The Adventure Home → Salto al vacío → Jak si zaslouzit princeznu → The Turner Revelation → Nothing Personal → Antoni Athanas → Paul Bowles - Halbmond → État des lieux → Carogne → Corrupt Secrets → El perquè de tot plegat → Glenti genethlion i Mia vouvi valkaniki istoria → Oi ores: Mia tetragoni tainia → Suolaista ja makeaa → Sans queue ni tête → Isät ja pojat → Homo Economics → I zoi pou tha 'theles → Esti Kornél csodálatos utazása → Stuart Saves His Family → Jeden 3. Sonntag → Demonsoul → Ainsi soient-elles → Undercurrent → Panther → Lumière et compagnie → Viaggi di nozze → La seconda volta → Halali oder Der Schuß ins Brötchen → Der Kopf des Mohren → Dracula: Dead and Loving It → Two Deaths → Élisa → Adão e Eva → Les anges gardiens → Deborah → Devils Don't Dream! → Between the Devil and the Deep Blue Sea → All Men Are Mortal → Terente - regele baltilor → Glastonbury the Movie → Ma je pomsta → Land and Freedom → Cantagalo. Der Hügel zum singenden Hahn → Signers Koffer - Unterwegs mit Roman Signer → Vampira → Nelly & Monsieur Arnaud → Carrington → Der Leihmann → La voix de l'araignée → Djävligt jagad → Lotat → A Gyár → A hetedik szoba → L'homme noir → Japaner sind die besseren Liebhaber → Palla di neve → Farlig farvann → Visões! Equações! Radiações! → Kalte Heimat → Just One Day → À cran → Peggio di così si muore → Pandora → Greetings from the Gutter → Kjære kamera(t) → Dead Man → Colpo di luna → Ucitel tance → Georgia → Moulinsart-Hollywood: Quand Tintin fait son cinéma... → Csókkal és körömmel → Jibby Beane: The Art Scene Queen → Stadtgespräch → Magic Matterhorn → Rai → Der Fall Cap Arcona → Der Weg nach Eden → Marie-Louise ou la permission → Les Mauvaises Graines → Dead Man Walking → Stora och små män → Morirás en Chafarinas → The Snow Queen → Les cent et une nuits de Simon Cinéma → Alois im Glück → A vörös bestia → Dusha moya, Mariya → A Comédia de Deus → Auf Teufel komm raus → Désiré → Carl Th. Dreyer: Min metier → The Wind in the Willows → A Question of Identity: Berlin and Berliners → Celluloide → Le violon de Rothschild → Hamsun → Sono pazzo di Iris Blond → Une Cérémonie Secrète (Carnet Filmé: 22 septembre 1996) → The Secret Agent → Me ton Orfea ton Avgousto → Pekko ja muukalainen → Katzendiebe → Libertarias → Souvenir → Female Perversions → Das Mädchen Olivia → Pourvu que ça dure → This Is Not a Hotel → Wintergasten → Domburg → Carla's Song → Ridicule → Memory of the Unknown → Achtung Staatsgrenze → Izgubljeno blago → Ellinors bröllop → Pessoa → Bernie → Peanuts - Die Bank zahlt alles → Tar → Krystalbarnet → Uncle Frank → Thangam → Les 2 papas et la maman → Des nouvelles du bon Dieu → Isänmaan vangit → Small Time → Punctul zero → Lisa → Przygody Joanny → The Snow Queen's Revenge → Intime Bekenntnisse zweier Underground-Stars → Oltre la quarta dimensione → Synden är lömsk och listig → Müde Weggefährten → Out of the Present → Pianese Nunzio, 14 anni a maggio → The Rolling Stones Rock and Roll Circus → Csajok → Jack Frusciante è uscito dal gruppo → Un air de famille → Priyatelite na Emiliya → Ili pukovnik ili pokojnik → Bilkriget → Superstars → Il mondo alla rovescia → Herbsten → Autsch!!! → Dentro il cuore → Ponette → Tero Sandin elämä → Zapomenuté svetlo → Bengbulan → El tren de las ocho → Larry Mahoney → Love, etc. → Mademoiselle Personne → Un automne en Pologne → Bongo Beat → Yehudi Menuhin: The Violin of the Century → Les menteurs → Die Geschichte einer Vertreibung → La belle verte → Darklands → Cosas que nunca te dije → Nino Cerruti → Operatsyya 'Kontrakt' → Amores que matan → Best Seller (El Premio) → Les sables mouvants → Calor... y celos → Fargo → Capitaine au long cours → Malena es un nombre de tango → Das Erbe des Försters → Co delat? → 'El Chicko' - der Verdacht → Hotel paura → Aquí llega Condemor, el pecador de la pradera → La lengua asesina → Szeressük egymást, gyerekek! → Fallait pas!... → Rodem Warszawianin → Isältä pojalle → Va' dove ti porta il cuore → Tales of Erotica → Fjordfiskerne → Mor, vida meva → Camping Cosmos → Kreuz und quer → El ángel de la guarda → Getting Away with Murder → Utbor-opprøret → Blanco perfecto → The Proprietor → Corsarios del chip → Invasion of Privacy → Le jaguar → Irány Kalifornia! → Capitaine Conan → A Midsummer Night's Dream → Markus og Diana → Broken Hearts → Chamane → I Shot Andy Warhol → Reading FC vs Manchester United → I fungo e il fiorellino (una gag esilarante) → Goblet of Gore → Passage à l'acte → Beziehungskiste - Der Computer und sein Mensch → Memory of the Soil → Asche → Jenseits des Krieges → Interview with the Beast → Die Putzfraueninsel → Un paradiso di bugie → Za co? → Le bel été 1914 → Kako je poceo rat na mom otoku → Se le movió el piso: un retrato de Managua → A Tickle in the Heart → Walk the Walk → Crimetime → Tesis → The Disappearance of Garcia Lorca → Zaibo nusviesti → Fourbi → Die Sache mit Danielle → La sal de la vida → Esercizi di stile → Evina klasa → ...Rodem Warszawianin... → Afriques: Comment ça va avec la douleur? → Chiavi in mano → Echte Kerle → La donna orientale → Baby Trouble Hole → Le cri de la soie → África → La chica → Adis → Haggyállógva Vászka → Sombras y luces: Cien años de cine español → Dromoi kai portokalia → Szabla od komendanta → De jongen die niet meer praatte → Nur aus Liebe → Conversation with the Beast → My Friend Joe → Virtual Terror → Schwarze Tage → O varonos → Immagini dal Chiapas → Les frères Gravet → Susanna → Les rues de Liège 1956-1996 → When Saturday Comes → Saint-Ex → Les caprices d'un fleuve → Conte d'été → Morocco → L'homme qui marche → A rossz orvos → Barnen från Jordbro → Hollow Reed → Fetishes → Escenes d'una orgia a Formentera → I stället för ett äventyr → Janine Anquetil la dame blonde (Carnet Filmé: 10 juillet 1996) → True Blue → O orgasmos tis ageladas → Heaven's Prisoners → Fremde Ufer → Shelma → Tempo → Tríptico elemental de España → Der Unhold → The Leading Man → Pastoraali → La lupa → Dnevnikat na edin lud → De zeemeerman → Golden Boy → Les victimes → Telo bez duse → Ancestors in the Americas: Coolies, Sailors, Settlers → Egy nehéz ember Kaliforniában → Party → Beim nächsten Kuß knall ich ihn nieder → Más allá del jardín → La passione → Les enfants de l'automne → Waltz D8 → Le ore rubate → Méfie-toi de l'eau qui dort → Pédale douce → Lejos de África → Huntress: Spirit of the Night → Fatal Reaction: Singapore → I rollerna tre → Vite strozzate → Comedian Harmonists → Kabel und Liebe → Austin Powers: International Man of Mystery → La classe non è acqua → Zdivocelá zeme → I segreti del confessionale → Airbag → Diese Tage in Terezin → Fierce Creatures → A Life Less Ordinary → Nach Saison → Kini & Adams → The James Gang → Alliance cherche doigt → Selma & Johanna - En roadmovie → Addo' sta Rossellini? → Joseph Morder filme le défilé du premier mai (Carnet Filmé: 1er mai 1997) → Die Regierung → Mørkets øy → Bienvenido espirito santo → ...und plötzlich sahen wir den Himmel → Flammen im Paradies → Volt egyszer egy villamos → Für immer und immer → Historie milosne → Welcome to Sarajevo → Fools and Heroes → Artemisia → Mauvais genre → Demain et encore demain, journal 1995 → Der Unfisch → Vedenalainen Islanti → Pont Neuf → Kiler → Het omgekeerde perspectief → Up on the Roof → Marius et Jeannette → Altri uomini → Metroland → A miniszter félrelép → Rotta per il Pilastro → La tregua → Propellerblume → Juhannustarinoita → Clandestins → Clancy's Kitchen → Kleines Arschloch → Wittstock, Wittstock → Level Five → Paranormal → Sudden Fury → Inês de Portugal → Sorrisi asmatici - Fiori del destino → Davids bog → Porzûs → Gueules d'amour → Perlur og svín → Tupamaros → Abre los ojos → La femme de chambre du Titanic → L'altro mare → 'Man Who Couldn't Feel' and Other Tales → Stroh zu Gold → Under New York → Têtes aux murs → Lucie Aubrac → Haapa ja bambu → I Thessaloniki ston 20o aiona → La terza luna → Preku ezeroto → Blutrausch → The End of Violence → Rosas danst rosas → Hannibal & Jerry → La vérité si je mens! → Last Chance Love → Hacks → Ken Russell: In Search of the English Folk Song → Der Traum der bleibt → Spice World → The Ugly Duckling → Criminal Affairs → Ms. Bear → Bent → Gypsy Magic → Cinque giorni di tempesta → Unterwegs als sicherer Ort → Kon-Tiki: Over tidens hav → Det store flip → Mrs Dalloway → Le Ciel écarlate (Carnet Filmé: 8 novembre 1995 - 22 septembre 1996) → Verrückt bleiben - verliebt bleiben → For My Baby → Sloneczny zegar → Halvveis til Haugesund → Obsession → The Children of Captain Grant → Sul 45° parallelo → Oranges et pamplemousses → Carreteras secundarias → Null Sonne No Point → Balkan Island: The Last Story of the Century → The Designated Mourner → Regeneration → The Winter Guest → Valades ousitanes → Les couleurs du diable → Village Voices → Land am Rand → La bruttina stagionata → Zuckerstücke → Luchando frijoles - Cuba de un día a otro → Still Movin' → Chevrolet → D'ici là → Marion → Der Drehorgelbauer vom Zacherlhof → Héroïnes → Lolita → El porvenir de una ilusión → Les marches du palais → Låt dom knarka - om narkomani, drogpolitik och legalisering → Sara → Katharina & Witt, Fiction & Reality → Jäänmurtaja → The Final Insult → La medaglia → Esta É a Minha Casa → Violetta la reine de la moto → Franciska vasárnapjai → Can't U Hear Me Singin' → Rika barn leka bäst → Cinema Português? → Lost Highway → Vive la République! → Sagojoga Minister → O Testamento do Senhor Napumoceno → Les randonneurs → Kamia sympatheia gia ton Diavolo → Die rote Waschmaschine → Todo está oscuro → Uomo d'acqua dolce → La buena estrella → Sekten → Hemmeligheder → Wilde → Quadrille → Mémoires d'une princesse des Indes → La hermana → Slutspel → East Side Story → Lunastus → En frusen dröm → Gli inaffidabili → Djævelens jernbane → La biochimie du coup de foudre → Salige er de som tørster → Geschwister - Kardesler → Nonnebørn → RPM → Le mani forti → Il tocco - La sfida → Quando l'Italia non era un paese povero → Jmeno kodu: Rubin → Dans la rue → Garden Tool Massacre → The Eliminator → Et hjørne af paradis → Marie Baie des Anges → Il carniere → Mayday - Flug in den Tod → L'homme idéal → Grüningers Fall → Les sanguinaires → Cuba libre - Velocipedi ai tropici → Harvest Emergency → Auf der Kippe → Same Old Story → Memorias del ángel caído → Ginsberg - Egy költö a Lower East Side-ról → The Road to Glory → Il dolce corpo della vendetta → Liefdesgasten → I vesuviani → La croisette s'amuse → Die Feuertaufe → Hyvän tekijät → Franco a-t-il sauvé des Juifs? → Rusko meso → Varian Fry: The Artists' Schindler → I Think I Cannes → Ogifta par ...en film som skiljer sig → Twin Town → Zona przychodzi noca → Daily Chicken → Barluschke → Avrio tha xeroume - Dharma Blue Bums → Herkules → Isa, poeg ja püha Toorum → Un amour de sorcière → Made in Hong Kong → Boy Hero 001 → Songs from the Golden City → TwentyFourSeven → Nil by Mouth → Valse de route → The Usual Children → Marthas Garten → La moindre des choses → Les deux orphelines vampires → Exil Shanghai → Macbeth → The Ice Storm → Csinibaba → Le grand récit → A Secret Simmetry → Dinner → La ballade de Titus → Le cri du Cameleon → Anna → Evgenios... agnoston loipon stoiheion → Das erste Semester → Saraka bô → Femeia în rosu → Bájecná léta pod psa → Kroniki domowe → En kvinnas huvud → Romantico → Smilla's Sense of Snow → K → 8mm → Dumm gelaufen → Skouriasmenes eikones → Saïd → Der letzte Venezianer → Onorevoli detenuti → I brännpunktens skugga → Sweet Nightmare → Teatro di guerra → Hanuman → Blue Eyes → Una questione privata. Vita di Beppe Fenoglio → Odi et amo → Plus qu'hier, moins que demain → Read Only Memory → Nos traces silencieuses → Left Luggage → The Revengers' Comedies → Solo tu → Idioterne → Viimeiset karjalaiset → Münchner Freiheit → Hamilton → U Pana Boga za piecem → The Book of Life → Blådårar - Om kärleken till ett fotbollslag → Divorcing Jack → The Scarlet Tunic → Siberia → Ivoren wachters → Regrets → Tu ridi → Cellofan - med døden til følge → Razor Blade Smile → Don Juan → Bertolt Brecht - Liebe, Revolution und andere gefährliche Sachen → Still Crazy → The General → ...Comme elle respire → Vision from the Edge: Breyten Breytenbach Painting the Lines → Los amantes del Círculo Polar → Három dátum → Louise (Take 2) → Préférence → Meeting People Is Easy → Abschied von der Gasse → Schwarze Sonne → Velvet Goldmine → J'aimerais pas crever un dimanche → Le serpent a mangé la grenouille → Blazen tot honderd → O Anjo da Guarda → Kurt & Courtney → Beyond Ultra Violence: Uneasy Listening by Merzbow → Ronin → Johannes' hjerte → Fuck You, Fuck You Very Much → Tráfico → Par coeur → Die Blume der Hausfrau → Uitgang → Twijfel aan Europa → Classe d'accueil → Urban Ghost Story → 12 Days in July → Georgica → Three Below Zero → Black → Silent Noise → Everybody Loves Sunshine → La moglie bugiarda → Il macellaio → Bokken en Geiten → Aprile → Unser fremdes Kind → I briganti di Zabut → Récréations → Incontri proibiti → Pecata minuta → Les corps ouverts → Céu Aberto → Transport de pianos → Kad mrtvi zapjevaju → Oi arithmimenoi → Radiofreccia → A Very Unlucky Leprechaun → Drop Out - Nippelsuse schlägt zurück → La vida es filmar → La mirada del otro → C.P. Research Institute → Der Eisbär → L'anniversario → I volontari → Wagner → La hora de los valientes → Titanic Town → 118 dní v zajatí ladu → To ainigma → Le comptoir → Ich bieg' dir 'n Regenbogen - Rio Reiser Rockpoet → Fast Food → Plätze in Städten → Jochen Gerz - Your.Art → Hotel Room → Crush Proof → Dormez, je le veux! → Tøser + Drengerøve → Pièces et main-d'oeuvre → El grito en el cielo → Flaneur 3: Benjamins Skygge → Night Train → Alger 40-45, la ville de tous les complots → Dei mjuke hendene → Solo für Klarinette → Minulost → La puttana dello spazio → L'amitié → Vollmond → Voleur de vie → Zbogum na dvaesetiot vek → Os Mutantes → To hrima - Mia mythologia tou Skotous → Mátame mucho → Made in Sweden → Petits désordres amoureux → Mon beau petit cul → The Stringer → All the Little Animals → Solas en la Tierra → Illuminata → The Man with Rain in His Shoes → Le bal masqué → Inger Christensen - Cikaderne findes → Das Siegel → Hela härligheten → Välkommen till Rågsved → Duke Ellington's Sacred Concerts → 23 - Nichts ist so wie es scheint → Chabouka! → Thranes metode → Blues za Saro → Sentimental Education → What Rats Won't Do → Popp í Reykjavík → Fin août, début septembre → Een gelukkige tijd - het verhaal van de Barneveldjoden → Den blå munk → Driven → The Real Howard Spitz → Je treba zabít Sekala → Spanish Fly → Hasards ou coïncidences → I Have a Dream → Ça ne se refuse pas → O Primeiro Dia → Pelym → La primera noche de mi vida → A Simple Plan → Hard Rain → Charité biz'ness → Veranda för en tenor → Zloto dezerterów → Orphans → Arizona → Stuj, nebo se netrefím → A rózsa vére → Motello → Gallo cedrone → Dieu seul me voit → Gengszterfilm → Les cachetonneurs → Mararía → Lithivm → Karmapa - matka maailman katolla → Lock, Stock and Two Smoking Barrels → Bimboland → Achmed und Julia → Comédia Infantil → Navigatori in affari → Pápa Piquillo → L'onzième commandement → Jilting Joe → The Hi-Lo Country → Following → Ciemna strona Wenus → Helden und andere Feiglinge → Dolce far niente → Sporlaust → S. → Get Real → Säädyllinen murhenäytelmä → Tigerstreifenbaby wartet auf Tarzan → La revanche de Lucy → Frisky Summer 3 → Frontera Sur → Guru in Seven → Il delitto di Via Monte Parioli → Bauernkrieg → Water en vuur, roerige geschiedenis van Marinus van der Lubbe (1909-1934) → Figli di Annibale → A Sombra dos Abutres → Der strand von Trouville → La niña de tus ojos → Subjúdice → I Want You → Cuando el mundo se acabe te seguiré amando → Tango → Terminus paradis → Widows - Erst die Ehe, dann das Vergnügen → The Wisdom of Crocodiles → Slidin' - Alles bunt und wunderbar → Felice... Felice... → Internet Love → Bin ich schön? → Het instrumentenhuis → Przystan → En attendant la neige → The Wolves of Kromer → Sled kraja na sveta → This Is My Father → Poika ja ilves → Die kaukasische Nacht → (G)rève party → A Thousand Clouds → Los años bárbaros → Crossmaheart → Amok → Monella → Jezerní královna → Lichter aus dem Hintergrund → Candy → Dis-moi que je rêve → À la recherche de Kundun avec Martin Scorsese → Quelque chose d'organique → Colors of Schweiz → Un affare trasversale → Schöne Erde Mutterland → Fragmentos de Sal → Inquietude → L.A. Without a Map → Valkoinen taivas → Annarè → Who Dreamt and Made Incarnate Gaps in Time & Space Through Images Juxtaposed → Det sjunde skottet → Berlin Tango → Tulennielijä → Das Mambospiel → Déjà mort → Requiem → Coppia omicida → Cha-cha-chá → L'arrière pays → Nic → Crazy → Guest House Paradiso → Ein flüchtiger Zug nach dem Orient → Swing → Schlagen und abtun → O anthos tis limnis → I diakritiki goiteia ton arsenikon → Straydogs → 1999 Madeleine → Sicilia! → Mickey Blue Eyes → Nous retournerons un jour → Besat → Panni sporchi → Rakkaudella, Maire → Sukkien euroelämää → Astérix & Obélix contre César → Ogniem i mieczem → Passione per il limite - Reinhold Messner (part 1) → Une journée de merde! → Three Windows → Fuks → Die Jungfrau → Down to the Bedrock → Królowa aniolów → Nachtgestalten → Simon mágus → An Amsterdam Tale → Appunti per un film sul Jazz → Non Cannibal Disco Killer Carnage'O'rama → Simply Irresistible → Miss Julie → The Criminal → Shacky Carmine → Los lobos de Washington → Joe D'Amato Totally Uncut → Romathan - Ein Platz für Menschen → You're Dead... → E i a lo solelh - François Fontan e la descuberta de l'Occitania → Amore a prima vista → Mauvaise passe → The Debt Collector → Max Marvel Show → Le voyage à Paris → Los sin nombre → Manoa, la ciudad de oro → Werner - Volles Rooäää!!! → Zapping → Felicia's Journey → Juha → L'iniziazione → Grüne Wüste → Heart → Ferdinando e Carolina → Volare! → Terra de canons → Tutti gli uomini del deficiente → T'amo e t'amerò → Don't Let Them In → Shades → Valkoinen panda → No Waiting → Svitati → L'ultimo mundial → A Dama de Chandor → Inferno → Temni angeli usode → Les collègues → Die Straußkiste → Dubrovacki suton → Extraños → Naisen logiikka → Blinker → Idaiou mythoi → Gravitacijas lasts → La ciudad de los prodigios → The Real McCoy → Sara → Fantozzi 2000 - La clonazione → Operacja Samum → Autunno → Exklusiv → Is dit nu liefde? → Civilisées → Beowulf → Pourquoi pas moi? → Attention aux chiens → Décadence → Girotondo, giro attorno al mondo → El-Akhar → Crvena prasina → Sud → El escarabajo de oro → Whiteboyz → Mein liebster Feind - Klaus Kinski → Absolutt blåmandag → Petits frères → Noll tolerans → Trois ponts sur la rivière → Peut-être → Appassionate → Notting Hill → Doppeltes Spiel mit Anne → Debout! Une histoire du mouvement de libération des femmes → Frosset hjerte → Le derrière → Nyhtoloulouda → Patrulls → L'Homme de la paix → Entrapment → Stanley and Us → Hans Warns - Mein 20. Jahrhundert → Nunnat → Haut les coeurs! → Missing Link → Le double de ma moitié → Rembrandt → Ekologia Viva → Nuyork 99 → Lapin kullan kimallus → Les convoyeurs attendent → Fomlesen i kattepine → Homa & nero → Splendor → Le créateur → Fermeture de l'usine Renault à Vilvoorde (La vie sexuelle des Belges, 3e partie) → A casa di Irma → Rewind → Stjärnsystrar → The Book That Wrote Itself → Izlishnite → Steve Martin: Seriously Funny → On My Way to Heaven → Manolito Gafotas → The Opportunists → Fink fährt ab → The Big Tease → Ein Zufall im Paradies → Eksön → De illusie aan de macht - 1412 dagen kabinet den Uyl → Shergar → Cesta bratstva in enotnosti → Ormai è fatta! → Milonga → El corazón del guerrero → The Wonderful World of Louis Armstrong → Issigonis-Mini Man → Satumaa - Unto Monosen elämä ja tangot → Absolute Giganten → Lyubit po-russki 3: Gubernator → Den eneste ene → The Last Yellow → Rien sur Robert → Dlug → 2 Mundos → Inter-View → Golemite igri → The Thirteenth Floor → Nachtlichter → De bal → Käpt'n Blaubär - Der Film → Falkehjerte → Insha Allah - Jos Jumala suo → Track → A Room for Romeo Brass → The Venice Project → Dagar vid älven → Diamonds → Riot → Mauvaises fréquentations → Tomten är far till alla barnen → Lola + Bilidikid → Dödlig drift → Branchie → Le ciel, les oiseaux,... et ta mère! → Nadie conoce a nadie → Wonderland → Augustin, roi du kung-fu → The Straight Story → Les infortunes de la beauté → Prawo ojca → Dealer → Ratcatcher → Qui plume la lune? → Una disperata vitalità → Juego de niños → Anger Rising → Le Caméscope → En liten julsaga → The Adventures of Elmo in Grouchland → Le sourire du clown → Una giornata meravigliosa → A Love Divided → Su Joung → Mille bornes → Goldenrock → Tout baigne! → Meurtre d'une petite grue → Anne Frank's Diary → La beauté du monde → Recto/Verso → Mal → Die letzte Station → Der Einstein des Sex → Operation Delta Force 4: Deep Fault → Solas → Pyasachen chasovnik → The Best by Private 12: Beach Bitches → Ich bin ein Berliner → The Strange Case of Delfina Potocka: The Mystery of Chopin → Curiosity & the Cat → Mes amis → L'enfant et les Sortilèges → La bomba → Un amore → Goomer → Rakastin epätoivoista naista → Le château des singes → Lopen → C'est pas ma faute! → Swiss Jam → Loveroy → C'est quoi la vie? → Skin Gang → La maladie de Sachs → Klein voor altijd → Le bleu des villes → Sjön → Prima del tramonto → Bioterror → Sweet Cécile → Captain Jack → Muriel Leferle → Myrkrahöfðinginn → La mujer más fea del mundo → Park → Geboren in Absurdistan → Paradise → Il mio viaggio in Italia → An Ideal Husband → Autour de la maison rose → The Monkees Auditions → Me Myself I → Kivisen tien kirjoituksia → Wisconsin Death Trip → Experimentum Mundi → Sobreviviré → Ravenous → Odlotowe wakacje → Long Hello and Short Goodbye → Virtual Sexuality → Where the Money Is → La vita altrui → Doulaye, une saison des pluies → Code inconnu: Récit incomplet de divers voyages → Amazones 2000 → La ville est tranquille → Kierrätyksen kuninkaat → Från Sverige i tiden → The Rounder Girls → Marmor, Stein & Eisen → Maturita v listopadu → Desi → Amazone → Place aux volontaires → Chocolat → It Was an Accident → The Name of This Film Is Dogme95 → Les glaneurs et la glaneuse → Selon Matthieu → Adiós con el corazón → Livet är en schlager → Charlie's Angels → Ich war Hitlers Bodyguard → Hurmaava joukkoitsemurha → La bostella → Primetime Murder → Rules of Engagement → Les enfants du Borinage - Lettre à Henri Storck → Huge Harry and the Institute of Artificial Art → La squale → Mad About Mambo → Seitsemän laulua tundralta → Preferisco il rumore del mare → Kanak Attack → Eidan ta matia mas giortes → Metronotte → Före stormen → Maybe Baby → Rats and Rabbits → Indépendance Cha Cha → Luigi Einaudi. Diario dell'esilio svizzero → Král sokolu → Egoisci → Der Onkel vom Meer → I agapi einai... elefantas → Lomalla → Angelus → No Man's Land → Big Momma's House → There's Only One Jimmy Grimble → Menos es más → Arresti domiciliari → Rosa e Cornelia → Blagajnica hoce ici na more → Recycled → Le prince du Pacifique → Quills → The Cell → La comunidad → Auslandstournee → Gripsholm → A Raiz do Coração → El otro barrio → Andel Exit → Anos de Guerra - Guiné 1963-1974 → La virgen de los sicarios → Les Yeux du village → The Day the Ponies Come Back → De grote vakantie → Adolescents → Promenons-nous dans les bois → El acordeón del diablo → Pettson och Findus - Kattonauten → Blinker en het Bagbag-juweel → Hijack Stories → Sabbath in Paradise → Nicht mehr Nacht und noch nicht Morgen → Kasbah → Tra(sgre)dire → Der letzte Dokumentarfilm → Km. 0 → La mécanique des femmes → Wild About Harry → Elze Is Gilijos → Nel cuore delle alghe e dei coralli: I cento passi di Peppino Impastato → Musée Khômbol: Sur le cul! → Liberate i pesci! → Escape to Life: The Erika and Klaus Mann Story → Princezna ze mlejna 2 → Alles → La fidélité → Bob Bone turista e clandestino → In extremis → Íslenski draumurinn → Svadba → Den dominikanske Republik på cykel → Gouttes d'eau sur pierres brûlantes → Nella terra di nessuno → Schule → Snatch → I epohi ton asevon → Life-Line → Mondialito → Anna → Refränger från källaren → Du poil sous les roses → Kaliber Deluxe → Melkein ruotsalaisia → Apinajuttu → Komm, süsser Tod → Les sentiers du petit bonheur → Verzweiflung → Secret Society → Zurück auf Los! → Makah - Die den Wal fangen → Kalt ist der Abendhauch → I cento passi → Undertaker's Paradise → Avrio tha einai ola kalytera → Jazzwomen → Das Zimmer → Harrison's Flowers → Love me → Bedazzled → La spirale du pianiste → À l'Attaque! → Billy Elliot → Auschwitz: The Final Witnesses → Tatawo → Dead Babies → Drôle de Félix → Princesses → Me da igual → Prymas. Trzy lata z tysiaca → Le sourire d'Alice → Das Himmler Projekt → Nuba, cisti ljudje → Pramen zivota → Freedom → Borstal Boy → Der Himmel kann warten → Hur som helst är han jävligt död → Fernweh - The Opposite of Homesick → Five Seconds to Spare → Nosotras → Daleko od okna → ¿Tú qué harías por amor? → Medley - Brandelli di scuola → Le conte du ventre plein → Ternitz, Tennessee → La lingua del santo → La faute à Voltaire → Dubbel-8 → Malèna → Der Bär ist los → Operacja Koza → Comme un aimant → Quello che le ragazze non dicono → Merlin: The Return → La espalda del mundo → Sumo Bruno → Antilles sur Seine → Breathtaking → Leo → It's the End of TV As We Know It → Pleure pas Germaine → El Bola → Vijf gangen → 17 sta 18 → The Dilapidated Dwelling → Poezija i revolucija - studentski strajk 1971 → Nebo sateliti → La moitié du ciel → Born Romantic → Les chemins du Mont-Perdu: Découverte du plus beau site des Pyrénées → A aldea: O antigo e o novo → Spinning Candyfloss → Hijos del viento: Entre la luz y las tinieblas → 80 grader aust for Birdland → Branca de Neve → Love's Labour's Lost → Paragraph 175 → Essex Boys → When the Sky Falls → Le mal des femmes → High Fidelity → Rackelhane → Sex Animals → When Brendan Met Trudy → Secondo Giovanni → Country → Le sciamane → The Magic of Marciano → True Child of Vienna → Tillsammans → Paria → Antonietta Pizzorno chante Luc Moullet (Carnet Filmé: 19 août 2000) → Goodbye & Hello → The King Is Alive → Animali che attraversano la strada → Cóndor Crux, la leyenda → The Avon Project → Invasión Travesti → Jadviga párnája → Italiensk for begyndere → L'educazione di Giulio → Hana a jej bratia → Juggling Berlin → Banqueroute → The Dancer → Nadir → De zwarte meteoor → Abschied - Brechts letzter Sommer → The Wedding Tackle → Gladiatori: Reportage sul cinema hard italiano → Life, Death, and Damien → Flashback - Mörderische Ferien → Enas & enas → Bronx-Barbès → Pandaemonium → Eislimonade für Hong Li → Morir (o no) → Vipera → Musíme si pomáhat → Balkanski urotzi po istoriya → Meilleur espoir féminin → Sukkubus - Die Nacht der Dämonen → Stundenhotel → Tvrdjava Evropa → Iedereen beroemd! → The Crow: Salvation → Tanger - Legende einer Stadt → Mordochór → The Old Place → City Lives: Berlin → Les frères Soeur → Min mamma hade fjorton barn → De omweg → Når mørket er forbi → Jetzt oder nie - Zeit ist Geld → 27 Missing Kisses → Ab ins Paradies → Haunted Harborough → Senza paura → Il mnemonista → Taif Al-Madina → Pelon maantiede → A galope tendido → Fodbolddrengen → La isla del cangrejo → La sindrome di Biancaneve → Pocetí mého mladsího bratra → Exit → Hör mit Schmerzen → Sobibór, 14 octobre 1943, 16 heures → Le cinéma des cahiers → The Safety of Objects → Maimil → Holding → Crush → Necrocam → Jordgubbar med riktig mjölk → Le peuple migrateur → La boîte → The Cat's Meow → La vie sans Vincent → Im Spiegel der Maya Deren → L'Affaire Desombres → L'illa de l'holandès → FrogZ → Ingen föds ond → Fausto 5.0 → Another Life → Makibefo → Le ciel attendra → Arcipelaghi → Jeepers Creepers → Blek Giek → Mein Bruder, der Vampir → Jump Tomorrow → Miles Gloriosus → La ragion pura → Das Fähnlein der sieben Aufrechten → Gästgivargår'n: Forshem, Västergötland. En liten by, en restaurang ... och dess krögare → W pustyni i w puszczy → Se souvenir des belles choses → Little Criminals → Honolulu → Va savoir → Walk Don't Walk → Super 8 Stories → On the Nose → Mon Paradis - Der Winterpalast → Camarate → Fukssvansen → Lieber Fidel - Maritas Geschichte → Bruxelles mon amour → Liberty Live... → Histoire de pères... Histoire d'hommes → Endgame → La diferencia en carne propia → Les morsures de l'aube → Architects Herzog and De Meuron: Alchemy of Building → Ankara unelma → Staroverci → The Man Who Wasn't There → Randall's Flat → Rasganço → Le pays où vivait la terre → Enemy at the Gates → Anita no perd el tren → The Bunker → Bar → Easy Living → Alberto Giacometti - Die Augen am Horizont → Evert → Porto da Minha Infância → Easy → Faust contre Méphisto → Palermo flüstert → Love Is Not Enough → Visionarios → Bling Bling → Jaibo → Utopia Blues → Zadnja vecerja → Wasabi → Sous le ciel lumineux de son pays natal → Streghe verso nord → Delitto sul Po → Beauty of Fatherland → Le fate ignoranti → Anam → Avec tout mon amour → Nexxt → FinalCut.com → Baltijas saga → Sum tak zwany olimpijczyk → Zoolander → Courts mais Gay: Tome 1 → Berlin Is in Germany → Family → Ennyiböl ennyi → Das Experiment → Odmazda → Engel & Joe → Inbetweeners → La strana coppia. Incontro con Age e Scarpelli → Hannibal → Sauvage innocence → Rentun ruusu → The Navigators → Kinky Friedman: Proud to Be an Asshole from El Paso → Le vélo de Ghislain Lambert → Feindliche Übernahme - althan.com → Imerologia katastromatos - Giorgos Seferis → Sole negli occhi → The Warrior → The Scar → Gabriel & Me → Senza filtro → Tsatsiki - Vänner för alltid → Brève traversée → Berlin Babylon → Kattbreven → Semana Santa → Pas d'histoires! → Der kleine Mann → Two Days, Nine Lives → Happiness Is a Warm Gun → I cavalieri che fecero l'impresa → Scenes of the Crime → Lucía y el sexo → O horos ton alogon → La strada nel bosco → Prigionieri di un incubo → Struma → Le pornographe → Dekapentavgoustos → Skoot hansawwar → Les rois mages → Domani → Salvajes → Charmant garçon → H3 → Zoltán Kocsis, un musicien passe → Brazilero → Loin → Bella Martha → Sohasevolt Glória → Bulu bulu: Mielikuvien afrikkalaiset → De l'amour → La voz de su amo → Cinquantenaire du deuxième sexe, 1949-1999 → Cincinnati to Cymru → Rölli ja metsänhenki → Caminantes → L'ultimo bacio → Le stade de Wimbledon → Emil und die Detektive → Tiengemeten - Deel 1 → Asesinato en febrero → Strass → Tito → A Janela (Maryalva Mix) → At klappe med een hånd → Miraklet i Amalfi → Los caracoles no sienten nostalgia. → Suck My Dick → Dog Eat Dog → Kato apo t' astra → Poker → Sladke sanje → Les femmes de Mistral → Riga. 10 gadus pec... → Bella ciao → Noche de reyes → Kleftis i I pragmatikotita → Tirana, année zéro → Rebelové → Terrarossa → Ken tulta pyytää → Mein Stern → Ecce Homo → Lisa → Lovely Rita → Down to Earth → Intacto → Tra due mondi → Familjehemligheter → Bécassine: Le Trésor viking → La pianiste → Zeit der Titanen → Tintin, le voyageur du siècle → Chaos → The Children's Midsummer Night's Dream → De grot → Stalin: Red God → Familie → Arbitri → Sur mes lèvres → Com Quase Nada → Just Visiting → Tokyo Love Stories → Un crime au paradis → Vem bryr sig → La fabrique aux acteurs → Die Markus Family → Planet Alex → Más pena que Gloria → Happy Now → Alexandreia → Children of the Secret State → Dust → Vakvagányok → September Song → Escape to Paradise → No Man's Land → Motion → Rave Macbeth → Les fantômes de Louba → Arthur's Dyke → Die Straußkiste II → Némadis, des années sans nouvelles → Novo, novo vrijeme → Stregati dalla luna → Nella Napoli di Luca Giordano → Taking Sides → The Point Men → In Loving Memory → Joutilaat → Trois huit → Marujas asesinas → Marlene Dietrich: Her Own Song → C'est la vie → Hainburg - Je t'aime, gendarme → Mulholland Dr. → Minä ja Morrison → I giorni dell'amore e dell'odio → Requiem → Elegiya dorogi → Adieu Babylone → Barbaarit menneisyydestä → Råt for usødet - en dokumentarfilm om skuespillerdrømme, eksistens og længsel → Late Night Shopping → Jeunesse dorée → Kameleon → Robert Fortune: The Tea Thief → Toneelgroep Amsterdam → How Harry Became a Tree → Race to Space → L'homme des roubines → Summer Rain → 99euro-films → Lunar Girl → Belgrade Sound → Gelbe Kirschen → Le pacte des loups → Pasaules nepasaule → My Kingdom → La chambre noire de Jérusalem → Amici ahrarara → Professor Niedlich → Der Schuh des Manitu → My First Mister → Dama de Porto Pim → Sami → Se lo fai sono guai → Olsen Banden Junior → La sociologie est un sport de combat → 117 police secours → Les portes de la gloire → Cseh Tamás film → VII. Olivér → Sólo mía → Akropolis → Endstation Tanke → Marfa si banii → Una lunga lunga lunga notte d'amore → Grenzgänger → Homemad(e) → Kiss Kiss (Bang Bang) → Drakarna över Helsingfors → Le lait de la tendresse humaine → Der Zimmerspringbrunnen → Manolito Gafotas en ¡Mola ser jefe! → Fantômes → A szalmabábuk lázadása → The Martins → Ocean Men: Extreme Dive → Mezzanotte a Mosca → Czesc, Tereska → Torrente 2: Misión en Marbella → Lucky Break → Málarinn og sálmurinn hans um litinn → Ritratti d'Autore: Suso Cecchi d'Amico (Ritratti Italiani n.10) → Yamakasi - Les samouraïs des temps modernes → Kriegerin des Lichts → Wir waren Absteiger Nr. 1 → Hundstage → Malaria! → Nyhtes komodias → Herz über Kopf → Life in Ebb and Flow → Przedwiosnie → Tiempos de azúcar → Dynamo Kiew - Legende einer Fußballmannschaft → Thelma → Sotto il cielo → Le placard → L'art (délicat) de la séduction → Be.Angeled → Missing Allen - Wo ist Allen Ross? → Sexy Boys → The Zookeeper → Histoires de vies brisées: les 'double peine' de Lyon → Annas Sommer → Marcos Aqui Estamos → Frau2 sucht HappyEnd → Tmavomodrý svet → Omnia Orta Cadunt → Anja & Viktor → Mrs Caldicot's Cabbage War → Quore → Klassfesten → Laissez-passer → O Víle Arnostce → Impulsos → Behind Me - Bruno Ganz → Ich bin grad so deutsch wie Sie → Poniente → Papillons de nuit → Wilbur Wants to Kill Himself → El Alamein - La linea del fuoco → Paul Morrissey: Autumn in Montauk → Livet i 8 bitar → Himmelfall → Refuge → Rapsodiya v byalo → Tristan et Iseut → Hit and Run → Gwiazdor → Bertram & Co → Sti skia tou Lemmy Kosion → Peor imposible, ¿qué puede fallar? → Body Limits → All the Goals of the 2002 FIFA World Cup Korea Japan → En egen verden → Swing → Come se fosse amore → Manchester United vs Liverpool → Merci Docteur Rey → Liverpool Fc - Season Review 2001-2002 → Johnny Owen: The Long Journey → Max Aub: un escritor en su laberinto → Eldborg - sönn íslensk útihátíð → The Last Days of Humanity → Reverend Billy and the Church of Stop Shopping → Crime and Punishment → Un mondo d'amore → Todas las azafatas van al cielo → Vergeet me niet → The White Darkness → Trommler und Götter → Yadon ilaheyya → Elina - Som om jag inte fanns → Mathi Schenks letzte Reise nach Polen → L'ora di religione (Il sorriso di mia madre) → Ninas Geschichte → Poppitz → Aparelho Voador a Baixa Altitude → Eden → Filantropica → Ének a csodaszarvasról → Possibihilities - Möhöguleikar → Mathilde Willink superpoes → Montagna con Forza → Nonfilm → Kanyaron túl → Detective Lovelorn und die Rache des Pharao → A.K.A. Birdseye → Va, petite! → La part des gens → Bridget → Courts mais Gay: Tome 4 → Knallharte Jungs → Entre Abril y Julio → Was nicht passt, wird passend gemacht → Liverpool FC: No Heart As Big → Olgas Sommer → Une femme de ménage → Dirty Pretty Things → The Honeytrap → C'est le bouquet! → Hundtricket - The Movie → Dark Blue → Les diables → Guerreros → La fête de l'amour → The Year Zero → Science Fiction → Irgendwo da unten - Ein Jahr 1. Liga → Nid de guêpes → I ragazzi di El Alamein → Karlsson på taket → Schlittenschenken → Adolphe → Freitagnacht → Arctic Crime & Punishment → Some Friends (Apart) → Une pure coïncidence → Marie-Jo et ses 2 amours → Vendredi soir → Meine Schwester Maria → Les jours où je n'existe pas → Var finns min seger? → Wie die Karnickel → A mi madre le gustan las mujeres → Para ligo, para ponto, para triha → Extreme Ops → Fogbound → The Last Great Wilderness → Carlos contra el mundo → Leo → Henker - Der Tod hat ein Gesicht → Germanija → In een Japanse stroomversnelling → Halbe Treppe → Südostpassage → Elöre! → Chekhovskie motivy → Primer y último amor → Traineras → Selestenje → El embrujo de Shanghai → All or Nothing → Thrill → Jibon Jole-Bele → Min søsters børn i sneen → Omfavn mig måne → Alka → Sjecanje na Georgiju → Nailing Vienna → One Hell of a Christmas → Carlo Giuliani, ragazzo → Feuer, Eis & Dosenbier → António Pinho Vargas, notas de um compositor → The Pianist → The Star Dreamer → Vaterland → Okay → Edi → The Importance of Being Earnest → Verzauberte Emma oder Hilfe, ich bin ein Junge... ! → Den osynlige → Frühlingshymne → God → I sogni nel mirino → Varuh meje → Hukkle → Pieniä eroja → El efecto Iguazú → Tunten lügen nicht → Sottosopra → L'auto del silenzio → Evil Rising → Tha to metanioseis → K-19: The Widowmaker → The Party → La photo déchirée, chronique d'une émigration clandestine → Il trasformista → Nuomos sutartis → Weg! → A püspök kertje → Single Again → Ein Engel und Paul → Vollgas → Thomas Pynchon: A Journey Into the Mind of P. → La chatte à deux têtes → 86000 Seconds: Sometime Someday in America → Timor Leste: O sonho do Crocodilo → Cravate club → Ritratti: Luigi Meneghello → Jedermanns Fest → Avrio tha 'nai arga → Gebürtig → L'argent raconté aux enfants et à leurs parents → Étrangère → Lola vende cá → REALISMI: Arti Figurative, Letteratura e Cinema in Italia dal 1943 al 1953 → Twister Tours → People I Know → Doctor Sleep → Alias → Courts mais Lesbiens. Tome 1 → Hundsköpfe → L'allievo modello → Leicester City vs Tottenham Hotspur → Blessures → Tommy Tiernan - Live → Irréversible → La vita degli altri → Feardotcom → Brombeerchen → In America → Amore con la S maiuscola → The Show Must Go On → Devcátko → Living the Revolution → Rocco → Lei → Une part du ciel → Los lunes al sol → Bloody Sunday → Narc → Ja zuster, nee zuster → Primitifs → Nowhere → Alas rotas → Little England II → Balseros → Ronaldo II Fenomeno → Wie verliebt man seinen Vater? → Schluss mit Mudder → La leggenda di Al, John e Jack → Story of Queen Elizabeth II → Väter → Brodvey. Chernoe more → Monsieur Batignole → Before You Go → 28 Days Later → National Lampoon's Van Wilder → Furia → Nicholas Nickleby → Les glaneurs et la glaneuse... deux ans après → La cage → In This World → Hide and Seek → Fais-moi des vacances → Casomai → Vetrelci v Coloradu → Novo → Ivan Martin Jirous (23 záberu) → Nati stanchi → Mein kleines Kind → Le défi → Drancy, dernière étape avant l'abîme... → Stella í framboði → Von Werra → Ten Minutes Older: The Trumpet → Haaveiden kehä → Erste Ehe → Salomé → Om du visste vem du egentligen såg - de galna mammorna tio år senare → The Zulu Wars 1879 → De tweeling → Au plus près du paradis → 9 Dead Gay Guys → Le pays du chien qui chante → Sensation → Paris Skylight → Lugares comunes → Pinocchio → 3 zéros → At kende sandheden → Fylakes tou hronou → Cuba → Omalla vastuulla → Eldra → The Piano Player → Döden - En film om livet → B comme Béjart → No somos nadie → A hídember → Natale sul Nilo → Paysan et rebelle, un portrait de Bernard Lambert → The Magdalene Sisters → El segundo nombre → Triste e arrabbiato: La storia di Marian → Killer Barbys vs. Dracula → Días de boda → Pokolenie '89 → C100 → Le boulet → Reunalla → I Am from Nowhere → O hamenos ta pairnei ola → Des chiens dans la neige → Dronningens musikanter → Hitler in His Own Words → Skegs & Skangers → Il buma → Ottavio Mario Mai → Pas les flics, pas le noirs, pas les blancs → Mein erstes Wunder → Come sinfonia → Par la force des mots → O Princípio da Incerteza → Dzien swira → Sala rossa → I banchieri di Dio → 666 - Traue keinem, mit dem Du schläfst! → Svecení jara → Cuore napoletano → Aprimi il cuore → Todo menos la chica → Die Geschichte vom weinenden Kamel → Kart Racer → Janis et John → Vechtershart → O Fascínio → On n'est pas des marques de vélo → Fureur → Alinghi: The Inside Story → Lesní chodci → Le temps du loup → Man Dancin' → Le ventre de Juliette → Narren → Schussangst → Good Bye Lenin! → Effroyables jardins → Siedem przystanków na drodze do raju → Harmaahylkeen laulu → Aguiño, sobrevivr al prestige → Dogville Confessions → The Death of Klinghoffer → La gran aventura de Mortadelo y Filemón → International Classic Rock Festival → No pasarán, album souvenir → Vzpomínky na zvírecí koncentráky v CR 2002 → Hotel Danubio → Det regnar på Nordpolen → Tras la pista de Billy Wilder → Arven → Gate to Heaven → Befreite Zone → Autour de Simon Lazard → Soldados de Salamina → Im Anfang war der Blick → Die Kurve → Modena Modena stazione di Modena, per Carpi Suzzara Mantova si cambia → Til højre ved den gule hund → Young Dubliners → Ubu król → Il cartaio → Dillo con parole mie → Senses → Entre deux fronts → Köftbögen → De prijs van overleven → Bon voyage → Pupendo → Imagine Imagine → Il posto dell'anima → Klatka → Augenlied → Tintin et moi → Slam → Asia: Live Legends → Chaos and Cadavers → Paris, Dabar → Midwives: A Global Perspective on Childbirth → Capital Punishment → Mia yperohi mera → Lebenspornografie → VIP Lounge → Il pranzo della domenica → Maledetta mia → Il quaderno della spesa → Le silence de la forêt → Putins mama → Misa mi → Entre deux rives → Wolfsburg → Rex Gildo - De val van een schlagerkoning → Über Nacht → Saraband → Monster → 196 bpm → Une semaine sainte (Carnet Filmé: 15 avril 2003 au 18 avril 2003) → Apám beájulna → Polleke → The Dark Side of Our Inner Space → An Decay → Mais qui a tué Pamela Rose? → Ledina → Zróbmy sobie wnuka → Die Ritterinnen → Somnambuul → Inside Outside Lydia's Head → Les sentiments → El misterio Galíndez → My Beautiful Demon → Ladomírske moritáty a legendy → Sobre el arco iris → Møgunger → The Honeymooners → Somewhere Better → Rire et châtiment: le making of → Op handen gedragen → Rich and Scary: The Final Chapter → Martha Argerich, conversation nocturne → Cet incessant souci du monde → Cesare Zavattini → Ein Chinese mit dem Kontrabass → Das integrative Theater Ramba Zamba → Diario de una becaria → Das Wunder von Kaufbeuren → La pájara pinta: Alberti joven para gente joven → Rengeteg → Devot → The Kiss That Would Last a Billion Years → 'Hortobágy I.' → Stessa rabbia, stessa primavera → Johnny English → Tvilling → Domat → Mystics → Anatomie 2 → La repubblica di San Gennaro → Pogoda na jutro → Böse Zellen → Lykkevej → Mazaný Filip → Paraiso → Masked and Anonymous → Den tredje vågen → The Myth → Dotknij mnie → Lillebror på tjuvjakt → Superprodukcja → Le lac et la rivière → Little Girl Blue → Przemiany → The Mindscape of Alan Moore → Jesus, Du weisst → Pnoi tis gis → Segni particolari → Pas si grave → El último Sefardí → La meglio gioventù → Das Alphorn → Nikos the Impaler → Nigdy w zyciu! → The Tulse Luper Suitcases, Part 1: The Moab Story → Looking for Lucebert → Van God Los → Unity, Putzi und Blondi - Hitlers Freunde und der amerikanische Geheimdienst → Cold Dark → L'ultima sequenza → Wrong Turn → Elav jõud → Droomland DDR → La guerre du soja → Carmen → 3 Blind Mice → L'Irak - D'une guerre à l'autre → Rauchopfer → Poem - Ich setzte den Fuß in die Luft und sie trug → Cattive inclinazioni → Dominator → I atheati plevra tis Afroditis → Dal: Yma/Nawr → Liever verliefd → Rot und Blau → Snowboarder → Passato prossimo → Magdalen → Il latitante → The Ride → Les gaous → Manden bag døren → La légende de Parva → Aranykalyiba → Lille frk Norge → Tristan → Nousukausi → Zerwany → Monsieur N. → Phileine zegt sorry → Askepop - The Movie → The Mother → En jouant 'Dans la compagnie des hommes' → Les lionceaux → Dieter Roth → El gran Gato → Habanece → Pornografia → Totò Sapore e la magica storia della pizza → Tur & retur → Gay Skinheads → Ambasadori, cautam patrie → Love Actually → Tegen het vergeten → Dogville → Les trois vies d'Edouard Chevardnadze → Nuda v Brne → Ulvesommer → La vida mancha → Paradise Grove → À fleur de peau, le monde musical de Dariush Zarbafian → Buongiorno, notte → Der Ärgermacher → Tiresia → Après la pluie, le beau temps → Na m' agapas → Russia: Poison City → Michel Over Nous. The Houellebecq Affair → Sinterklaas en het gevaar in de vallei → Georg Klein → Le dernier des immobiles → Tu → Kleine Freiheit → The Virgin of Liverpool → Vodka Lemon → Sibirijas dienasgramatas → Blanco y Negro: Bebo & Cigala En Vivo → Claude Chabrol: Mon premier film → En viking i Hollywood → Grimm → Après vous... → Chavez: Inside the Coup → Eres mi héroe → The Other Final → Mundo fantástico → Adrenaline → Soloalbum → Rire et châtiment → Almost There → Stormy Weather → Manchester City F.C. vs Aston Villa Football Club → Opopomoz → De passievrucht → Die Kinder sind tot → Headrush → Vertige de la page blanche → L'uomo segreto → Bolondok éneke → Au Coeur des Musiques d'Algérie → Bienvenue chez les Rozes → Fia og klovnene → Descongélate! → Cyrill trifft → Emotional Backgammon → Tehran 7:00 a.m. → Devil's Harvest → Heimat → The Emperor's Wife → Quand je vois le soleil → The Dreamers → Den hemmelige klubben → Chia e tazi pesen? → Tiziano Ferro: Non Me Lo So Spiegare → Fallen Eagle → Alla fine della notte → Gori vatra → Goff in der Wüste → Echolot → AfterLife → Wishing Woman → Schultze Gets the Blues → Monsieur Ibrahim et les fleurs du Coran → Ghosts of the Abyss → Fanfan la Tulipe → Paradiset → Politiki kouzina → Matrubhoomi: A Nation Without Women → Skenbart: En film om tåg → AC Perugia vs Milan AC → Errance → Et steinkast unna → Sergueï Paradjanov, le rebelle → Voyage au pays des peaux blanches → Lejontämjaren → Mer enn et bryllup → Qui a tué Cécile Bloch? → Lost and Found → La dernière année de lycée → Un fils → Salvemos El Prado → El Cid: La leyenda → Crespià → Brocéliande → Det forbudte landshold → Le fleuve → Kaena: La prophétie → Yego → Ena tragoudi de ftanei → Live Forever → The Devil's Tattoo → Les seigneurs des eaux → Sotalapset → Reconstruction → Oi gennaioi tis Samothrakis → Hideous Crime: Vampire Killers → Milost mora → Il paradiso all'improvviso → Science Fiction → Saudade - Sehnsucht → Nói albinói → Il était une fois Jean-Sébastien Bach → Ispod crte → Haz conmigo lo que quieras → Le grand chalet de Balthus → Move! → Auswege → Miffo → La vie nue → Bad Santa → Il compagno americano → Zurek → Bologna centrale → Il ritorno di Cagliostro → Hi-Fi Delirium → Newcastle United vs Manchester United → Il segreto del successo → Olsenbanden Junior går under vann → Honey Baby → Edward Said: The Last Interview → Cesta → Kapital: Mensch - Das Geschäft mit der Arbeit → El principio de Arquímedes → Muertos comunes → Gladiatress → Zeit der roten Nelken → Masjävlar → The Bridge of San Luis Rey → Mongolpiparen → Post coitum → D'autres mondes → Malo upalne lato → The Art of Travel → La lettera → Geld oder Blut → Overkill → A Way of Life → Waiting for Houlihan → AC Perugia vs AS Roma → Confessions of a Teenage Drama Queen → Állítsátok meg Terézanyut! → Manor of Redemption → Ants: Nature's Secret Power → Wer küßt schon einen Leguan? → Poids léger → Smash! The Culture Club → Les anges gardiens de la ville rose → Un long dimanche de fiançailles → Verborgen gebreken → Cachorro → Siipi lumihohtoinen → Bruce Lee: Martial Arts Superstar → Calling Hedy Lamarr → Touristes? Oh yes! → Notte senza fine → To Be a Star → DEKAdance: Dann könn'mer Sowas ebn ni mer machn → Agapi sta 16 → Rakushka → 448 BC: Olympiad of Ancient Hellas → Kod amidze Idriza → Bollywood Remixed - Das indische Kino erobert den Westen → The Freediver → Promenades entre chien et loup → Kate - La bisbetica domata → Milan en de zielen → Un combat singulier → Siegfried & Roy - Ein Märchen für Erwachsene → Buss → Double zéro → Osiemnascie → The Keeper → Seres queridos → Avanim → The Machinist → Tu pa tam → Maarek hob → Pietre, miracoli e petrolio → Hawaii, Oslo → Cécile Rol-Tanguy, une combattante de la liberté → Die Boxerin → Roba forestiera → Le voyage en Inde → Udensbumba resnajam runcim → One Dollar Curry → Mr. Catra: The Faithful → Steve + Sky → L'oeil de l'autre → Bagdad rap → Rose Palace → Brødre → Happy Hour → School for Seduction → Rezervat za rozovi pelikani → Alt for Egil → Resist!: To Be with the Living → Léon Gontran Damas, le nègre fondamental → 100 minuta slave → Invisible - Illegal in Europa → Battle of the Bogside → Les gens d'Angkor → Before Sunset → La piel vendida → Martinko Klingác → Bellissime → Jerusalemski sindrom → Pusher II → Exorcist: The Beginning → Szezon → In questo mondo di ladri → Spartan → Souli → The Tulse Luper Suitcases, Part 2: Vaux to the Sea → Männer wie wir → A Cara que Mereces → Tembé, le chant des hommes → Il giorno del falco → Trauma → Wszyscy jestesmy z wegla → Atún y chocolate → Paul s'en va → Bibi Blocksberg und das Geheimnis der blauen Eulen → Un jour d'anniversaire → Resident Evil: Apocalypse → Die Baroness und das Guggenheim → Sorte Nula → Die Nacht singt ihre Lieder → Incautos → La Terre vue du ciel → Lilla Jönssonligan på kollo → Gargaroth → I nostri trent'anni → La mala educación → De Reditu (Il ritorno) → Pregi → Inkasso → El Lobo → Ydessa, les ours et etc... → Blinded → Sigade revolutsioon → George Michael: A Different Story → The Birthday → C(r)ook → André Valente → Echoes of War → Deutsche Polizisten: Viele Kulturen - Eine Truppe → Floris → Glup, una aventura sin desperdicio → Fräulein Phyllis → Strähl → Je suis ton père → 9 Songs → RRRrrrr!!! → In Oranje → So wollen wir nicht sterben: AIDS in Odessa → Új Eldorádó → Catch That Kid → Visions of Europe → Nuit noire → Alithini zoi → Sugar Orange → Selves and Others: A Portrait of Edward Said → Babylonsjukan → A Film About WAT → Aaltra → Propagande de guerre, propagande de paix → Promised Land → Fluxus or Not Fluxus → Juoksuhaudantie → Herbár Jima Certa → Non ti muovere → Herzlutschen → Duchess, Duchess → Edelweisspiraten → Quo Vadis? → Five Children and It → Den sidste dag → Pork and Milk → Blue Is the Colour → Lad de små børn... → Rejas en la memoria → Cortex → 3 petites filles → Such mich nicht → The Rocket Post → Le ciel dans un jardin → Confidences trop intimes → Gram Parsons: Fallen Angel → Massimiliano Chiamenti - Le Technostorie a Exximent 2004 → Schatten der Zeit → Malabar Princess → Chemins de traverse → Giulietta Masina: La forza di un sorriso → Berndi Broter und der Kasten der Katastrophen → Gråtass - Hemmeligheten på gården → Lähettiläät → Dís → Dreaming About Rebecca → From the beginning to the end → Pantomime → Andreaskorset → Krokus: As Long as We Live → Bore Lee: Cuvaj se sinjske ruke! → Anatomie de l'enfer → Le barzellette → Mala uva → Jargo → K3 en het magische medaillon → Lo sguardo nascosto → Both Ends Burning → Het zuiden → Philip Glass: Looking Glass → W dól kolorowym wzgórzem → The Uncles → Grenze → Nemmeno il destino → Indagine su un cittadino di nome Volonté → Lighthouse Hill → Világszám! → Mélyen örzött titkok → Oh! Uomo → Den gode strømer → Buenos Aires Hora Zero → Georgi i peperudite → Onder controle → Back to the 70's → Perseguidos → Justiça → Family Music → Mother Theresa: An Animated Classic → La guerre des kilos → Lola Forever → Olga Benario - Ein Leben für die Revolution → Co/Ma → In viaggio con Che Guevara → The PianoTuner of EarthQuakes → Shadow of Eons → Sahara Marathon → Teo, cazador intergaláctico → Nudi verso la follia → Rhythm Is It! → Spivs → Familien Gregersen → Folge der Feder! → Eiszeit → Fico Fico → Civicogarrone 73 Sad Song for a Building → Nach Freiheit → Valtio vapauden vei → El milagro de Candeal → Suske en Wiske: De duistere diamant → Hannah Wolfe → Film as a Subversive Art: Amos Vogel and Cinema 16 → Vénus et Fleur → Csoda Krakkóban → Pas assez de volume! - Notes sur l'OMC → Süperseks → Der Untergang → Deux frères → Battaglia → Noite Escura → Madrid 11M: Todos íbamos en ese tren → Le grand voyage → Dergi in Roza v kraljestvu svizca → Primo amore → Die Nacht der lebenden Loser → Egoshooter → Weisse Geister → Stratosphere Girl → Kammerflimmern → Ystäväni Henry → Albert est méchant → Leszármazottak → This Ain't No Heartland → 25 degrés en hiver → Magnatul → Marele jaf comunist → Suzie Gold → Holy Lola → Charlie → Millions → Kad porastem bicu Kengur → O Theos einai aoratos giati einai mikroskopikos → O Quinto Império - Ontem Como Hoje → Blackout Journey → Home Sweet Home → Forbrydelser → La piel de la tierra → Hotel Nooteboom - Eine Bilderreise ins Land der Worte → Les femmes du mont Ararat → A Labyrinth of Time → Pljacka Treceg rajha → Autografia → Veinte años no es nada → Dag och natt → Dentro la città → Pánská jízda → Alemagia → Banlieue 13 → Silentium → Amazon Forever → Magyar vándor → Bridget Jones: The Edge of Reason → Escuelas → Exils → Texas - Kabul → L'ex-femme de ma vie → The Beautiful Country → The Queen of Sheba's Pearls → Tinnsoldatene → Bombay, mon amour → Irti laatikoista → Paradise now - Journal d'une femme en crise → The Garden of Earthly Delights → Ich sterbe → Peace One Day → La langue ne ment pas → The Big Question → Rap, revü, Rómeó → Notre musique → Isältä pojalle → La revanche → Sie macie ludzie → Jump Cut: A Travel Diary → Eulogy → Pédale dure → Söndrige sondre → Making Waves → Kommune der Seligen → Dr Macarbres Tales of Terror → La visite → Bride & Prejudice → Adelante muchachas! → Olipa kerran Utopia → Nella notte → El 7º día → Les enfants ont des oreilles → Milionari de weekend → Tu la conosci Claudia? → Crimen ferpecto → The Clearing → Millionaire → Carnet de naufrage → Trilogia: To livadi pou dakryzei → Unterwegs nach... Heimat → I skoni pou peftei → Haven → Tiovivo c. 1950 → Dealer → Shantav den → Jesen stize, dunjo moja → Pad u raj → 36 quai des orfèvres → Dead Man's Shoes → Everything → Voyage dans l'irréalité immédiate → Doo Wop → Au large de Bad Ragaz → L'Américain → Alles auf Zucker! → FAQ: Frequently Asked Questions → Les rivières pourpres II - Les anges de l'apocalypse → Le convoyeur → L'amore è eterno finché dura → Inspired: Fetish Scenes → Par l'odeur alléché... → Einai o Theos mageiras? → Biguine → Mike Hodges: Beyond Get Carter → Cuoco contadino → Es milu jusu meitu! → Pour le plaisir → Populärmusik från Vittula → Meine Frau, meine Freunde und ich → Le cou de la girafe → Ve'Lakhta Lehe Isha → Vinci → Dopo mezzanotte → Jimmy Johnstone: Lord of the Wing → El cielo gira → La Terre a promis au Ciel → The Libertine → Superbabies: Baby Geniuses 2 → Narco → Der neunte Tag → Face of Terror → Unterwegs → Voitka - metsän veljet → Ein Goldfisch unter Haien → Deadlines → Rejoice → George and the Dragon → It's All Gone Pete Tong → Zvírata nejsou zbozí → Just to Get a Rep → Le mariage en Afrique → Ceský sen → The Rabbit → Hardcore → Steget efter → Edy → Más allá del tópico → Un vrai bonheur, le film → Sandra Kristoff → Ripley Under Ground → Le courage d'aimer → Erkan & Stefan in Der Tod kommt krass → Moartea domnului Lazarescu → Pasolini e la morte: Un giallo puramente intellettuale → L'anniversaire → Douches froides → Beatateo in Acidapologia → Ayurveda: Moeder van alle geneeswijzen → La tercera vida → Gargandi snilld → Warum Ulli sich am Weihnachtsabend umbringen wollte → Vorvik → Il vento fa il suo giro → Styckmordet: Berättelsen om en rättsskandal → Anette/Anette - Krimjouren → Caravana → Sex, hopp & kärlek → Canada på tvers med Lars Monsen → Pettson & Findus - Tomtemaskinen → 20 centímetros → Perfect Partner → Allegro → Tibet Reviseted → Ypovryhios erotas → Hastig werden wir leiser → Cose da pazzi → Sleep Good - Rock Well → Light from the East → What Have You Done Today Mervyn Day? → Sílení → Demonernas Natt → Matchmaker - Auf der Suche nach dem koscheren Mann → Legenda → Why We Fight → Birmingham City vs Liverpool FC → East of Paradise → Don't Come Knocking → Pijn → Kampfansage - Der letzte Schüler → Aupa Etxebeste! → Deep Purple: Burn → Människor är som dansande stjärnor → Doblba! → Les 1001 vies de Lia Rodrigues → De griezelbus → The Great Ecstasy of Robert Carmichael → Lost and Found → Weiße Stille → Keller - Teenage Wasteland → The Chronicles of Narnia: The Lion, the Witch and the Wardrobe → Il était une fois dans l'oued → Resenären → Ciudad de los Niños → Unter den Brettern hellgrünes Gras → La petite dame du Capitole → Jeg har to land → Teraz ja → Bouit → Fucking Different → Lost in Adaptation: Gurinder Chadha → L'un reste, l'autre part → Sveiciens no Sibirijas → Exit → Femeia visurilor → Espelho Mágico → Second-Hand → Les Khmers rouges, un procès contre l'oubli → ...Sino cuando tú bailas → Overcoming → Lords of Dogtown → God Given Gift → Between the Devil and the Wide Blue Sea → La tigre e la neve → Tutti all'attacco → Sommer vorm Balkon → Storm → Condón Express → The League of Gentlemen's Apocalypse → Die Vogelpredigt → Snuff-Movie → Buried Alive → Sexum superando: Isabella Morra → Ambulancen → Tu devi essere il lupo → Felix - Ein Hase auf Weltreise → Land of the Dead → Mike Hodges: Uncompromising Poet of the Prescient → Ni locas, ni terroristas → Am seidenen Faden → Blau → Stoned → Journey to the Center of the Sofa → Dit gaat nooit meer weg → Mariam → Songbirds → De prijs van katoen → Max und Moritz Reloaded → Fin de curso → Adrenaline Hunters: The Movie → Mistrz → 15 días contigo → Un attore contro - Gian Maria Volonté → 24 Wirklichkeiten in der Sekunde → The Queen of Trees → Den långa vägen till Vad! → Lugdunum (Journal du Festival Doc en Courts 2005) (Carnet Filmé: 6 octobre 2005 au 8 octobre 2005) → A Film About the Believing → La petite Jérusalem → Tour de Force → Sofa Twilight → Marhaba Cousine → Vostodvacet → Il ritorno del Monnezza → Coca: Die Taube von Tschetschenien → Ausências de Espírito → Die große Stille → Quo vadis? → El telón de azúcar → Djourou, une corde à ton cou → O allos → Jug jugoistok → Liebes Spiel → La persona de Leo N. → Mein Name ist Eugen → 13-M. Multitudes online → Del roig al blau → Odyssey in Rome → El calentito → The Call to Fatima → Ludmila → L' Arbre et le feu → World Wrestling History Volume 01 → Vendredi ou un autre jour → In Her Shoes → Polly Blue Eyes → Das Lächeln der Tiefseefische → Fra hver sin verden → White Noise → Every Picture → Classic Rock Masters: The Anthology → Princesas → Nuovi comizi d'amore → Heidi → Itinéraires → Hengenpelastaja → Le filmeur → Die glücklichsten Menschen der Welt → El desenlace → Varpunen jouluyönä → Patu → Torrente 3: El protector → Serge Lifar Musagète → Piet Piraat en de betoverde kroon → Camping à la ferme → Nordkraft → Inatteso → Im Schwitzkasten → Fremde Liebe → Perimenontas tous Olympiakous → Building the Gherkin → Solkongen → Cherps → El cantor → If I Were a Saxophone → Vater und Feind → Ma vie en l'air → Greenpeace gegen Shell → The Headsman → An Ordinary Family → Grenzverkehr → Der Animatograph, 1. Teil - House of Obsession → The Hurricane That Shook America → Potera za Srec(k)om → Passion & Poetry: The Ballad of Sam Peckinpah → Angel-A → Zeppelin! → Les yeux clairs → Csak szex és más semmi → Tan Lines → El tren de la memoria → Marcel Azzola, l'accordéon swingue → Crisis in Asia → Je ne voyage pas, je rêve → Breakfast on Pluto → Camino al andar → Dansk stil → Hallesche Kometen → Tre giorni di anarchia → La Vénus mutilée → Gas → Unge Andersen → Killing Joke: XXV Gathering! → Encounters → Elsk meg i morgen → Black Beee... → Professionals, the Most Dangerous Bank Robbers in Spain → Tian bian yi duo yun → Netto → Moussaka & Chips → Fyra veckor i juni → Vers Mathilde → Es sollen rote Tulpen blühen → A Very British Bollywood → More than just a Svensson → Mahaleo → GamerZ → Emergo → Loop → Charlie and the Chocolate Factory → Die Hochzeitsfabrik → Au delà de la haine → Festival → Au fin moka → Tsotsi → Sto je Iva snimila 21. listopada 2003. → Proa al Norte → D'Annunzios Höhle → Ki an fygo... tha xanartho → Transporter 2 → Le passager → Ik wil nooit beroemd worden → Kontakt → Agrypnia → The Sea Wolf → Kriegerherzen → Schläfer → Cravings of Kane → Boudu → Riviera → Kometen → Dead Fish → Jo Siffert: Live Fast - Die Young → Ti uccido il cane! → Replay Revenge → Shooting Magpies → Ils ne mouraient pas tous mais tous étaient frappés → Akoibon → A Sketchbook for the Library Van → La notte dei foghi → Johan Vermeersch, the president → La Danza de Shita → Frozen Angels → Katze im Sack → Despre morti numai de bine → Crossing the Bridge: The Sound of Istanbul → La Russia - Dai Romanov a Stalin film → The Magic Roundabout → Je préfère qu'on reste amis → Das Goebbels-Experiment → Andel Páne → Sen edestään löytää → Flowers Don't Grow Here → Skazany na bluesa → The Chumscrubber → Shopner Desh → Liubi → Valo → Song of Songs → Krasnoludki jada na Ukraine → De kinderen van mijn vader → The Curse of the Were-Rabbit → Um Tiro no Escuro → 90 millas → Lost Dogs → Le démon de midi → 37 og et halvt → Alt for Norge → The Frames: It's Just a Band → Eux seuls → My Name Is Albert Ayler → KlassenLeben → Los nombres de Alicia → Sata vuotta, tuhat taistelua - Suomen Elintarviketyöläisten Liitto 100 vuotta → Papa Africa → Lopovi prve klase → Zhenskaya intuitsiya 2 → Spirit Trap → Bavardages (Carnet Filmé: 9 mars 2005 - 11 mars 2005) → Carta de Chamada → Quando sei nato non puoi più nasconderti → Veninder → The Photographer, His Wife, Her Lover → Puritan → Once Upon a Time in Polizzi → L'educazione sentimentale di Eugénie → Männer, Helden, schwule Nazis → Dushevno → Unser täglich Brot → Mädchen am Sonntag → Santa Cruz por ejemplo... - Der Mord von Santa Cruz → Tsiou... → Liverpool FC Official History → Mutterseelenallein → Thatta Kedona: The Toy Village of Pakistan → Bang Bang Orangutang → Llach a París → La petite Chartreuse → The Mechanik → À travers la forêt → The Cave → Keine Lieder über Liebe → Mrs Palfrey at the Claremont → Store planer! → He Turned the Water Into Wine → A Little Trip to Heaven → Left for Dead → Doskonale popoludnie → Les vacances de Noël → Courts mais GAY: Tome 10 → Le silence des rizières → Made in China → Tea → Yannis et les autres - Voyage musical de Olympos à la Calabre → Once Upon a Time in the East: Ladytron in China → El Perro Negro: Stories from the Spanish Civil War → Het mysterie van de sardine → Operation Spring → Samodeytzi - ot mechtite do realnostta → Jan Kjaerstad - Romanen är kung → Marselha (Journal du FID 2005) (Carnet Filmé: 2 juillet 2005 au 6 juillet 2005) → A Perfect Day → Zwarte zwanen → Pratica e Maestria → Sur un air andalou → 3° kälter → On a Clear Day → Distortion → Black Gold under Notecka Forest → The Jacket → Les Cinématons au cinéma Caméo de Metz (Carnet Filmé: 11 janvier 2005) → Zdroj → Alexandreia...... stes geitonies tes idies... → Folter in Stammheim? - Die Propaganda der RAF → Am Tag als Bobby Ewing starb → Time of Her Life → John McGahern: A Private World → Due contro una → La fille du grand monsieur → Phipop → Bruce Springsteen: Live → Sistemul nervos → Vet hard → Miss Montigny → Who's Quentin → Propriété Privée → A Batalha dos Três Reis → Carnet filmé C 32: Délices lointains → Rh+ → Clejani → La Fabrique du Conte d'été → Pitkin tietä pieni lapsi → I sproget er jeg → Chaos → Glykia mnimi → Dancing with Myself → Il viaggio del führer in Italia → Il ne faut jurer... de rien! → Sud express → Trois jeunes femmes (entre la vie et la mort) → Elektra → Kim Novak badade aldrig i Genesarets sjö → The Clan → Maroa → L'uomo perfetto → Rainbow's End → Dievu miskas → Framing Frankie → De battre mon coeur s'est arrêté → Czas surferów → El Camino - Az út → Who the Hell Is Pete Doherty? → Älkää peljätkö → Sobowtór → Innamorata della morte → Augstuma robeza → Onnen varjot → How Do You Like Iceland? → George Sluizer - Filmen over grenzen → Het woeden der gehele wereld → Uprooted → Measure for Measure → Le grand Meaulnes → Serpentine Gallery Program → Svein og rotta → Apart in the World → The Fear (El Miedo) → Dutch Touch → Schwarze Schafe → Juventude em Marcha → Piccolo, Saxo et compagnie → Jak to sie robi → In a Day → Là-bas → Marias menn → Don → Olsenbanden Junior på cirkus → Charell → Montag kommen die Fenster → Il mio paese → Förortsungar → Dérive → Poltergay → On the Tracks of Ma Lin in China → Small Engine Repair → Pasolini prossimo nostro → Lo que sé de Lola → In ascolto → Lucy → Rag Tag → Le Barbizon ou la vie underground → Der freie Wille → American Losers → Le vie della Recherche - Luchino Visconti → Knallhart → Noc → Neil Young: In Performance → Children of Allah → Les anges exterminateurs → Nocturnes → Heartbreak Hotel → Jó szerencsét, emberek! → Les ailes de la nuit → La vie privée → E11 → Wellkåmm to Verona → Bolletjes blues! → Ça brûle → Breaking the Rules → Walangee - Arcadia Cosmos Global Travel Films → Normaal zijn we anders → La dama boba → The Day That Never Happened → Khadak → AMMA: The mother of the Landless → Rollin' with the Nines → My Name Is Luka → Überfall der Mörderrucksäcke → Minotaur → Teo Hernandez à Paris (Carnet Filmé: 20 octobre 2006) → Fragments sur la grâce → 53 días de invierno → White Room: No Going Back → Lavado em Lágrimas → Isola femmina → Cycle → Die Hochstapler → Gong @ Montserrat 1973 → La verità dell'attimo → In the Beginning Was the Image: Conversations with Peter Whitehead → Die Wahrheit über das Volk der Mäuse → Razdruzene drzave Amerike → Enfermés dehors → Wstyd → Theorems → Afghan Muscles → The Sounds of Silents - Der Stummfilmpianist → La Californie → Maurice Izier, coureur cycliste professionnel dans les années 1960 (Carnet Filmé: 3 juin 2006) → Der letzte Gast → Gasolin' → Herkules wyrusza w swiat → The Dudesons Movie → Vores lykkes fjender → Les pieds sur scène → Akamas → La dona sense ànima → Razsledvane → L'homme qui rêvait d'un enfant → Les deux vies du serpent → Day of Wrath → Tristan + Isolde → Una giornata al mare → Edwin Brienen's Hysteria → Grbavica → Dark Corners → Francuski numer → Mesto srece → Come l'ombra → La niebla en las palmeras → La fille du juge → Kogda bogi usnuli → All the King's Men → Trigger → Felix 2 - Der Hase und die verflixte Zeitmaschine → Sønner → A Goat's Tail → Beautiful → Lire? Écrire? Pourquoi pas moi! → Comrades in Dreams → The Spirit and the Stones → Ich bin doch keine Mörderin - Der Fall Dennis → Jardins en automne → Onderhuids → Antonio Vivaldi, un prince à Venise → La citadelle assiégée → Raftáci → La mémoire des autres → A month in their shoes: Citius, altius, fortius → FC Venus → Nouvelle chance → Lotto → Je pense à vous → The Other Side of Bollywood → La gran final → Dunavska sapunska opera → La hora fría → Figner: The End of a Silent Century → Madeleine Pyk - Jag målar för att leva → Poso glyka me skotoneis → Non son l'uno per cento: Anarchici a Carrara → El arte del espíritu → Fehér tenyér → The Gigolos → Der rote Kakadu → Death of a President → Valerie → A Knock Out → Pom, le poulain → Kummelin Jackpot → O Fogo Contra o Fogo → Tirante el Blanco → Teenage Wasteland → Venus → Zwartboek → Schuss! → Taxidermia → Wszyscy jestesmy Chrystusami → Eduart → Les yeux l'un de l'autre → Suden arvoitus → The Zombie Diaries → It's Not a Gun → Ficció → Ils → Les exilés d'Hollywood → Quelques jours en septembre → Crveno i crno → Baciami piccina → Manchester City - Bolts from the Blues - 200 Great City Goals → Backwaters → Nosht i den → The Interview → Meurtrières → Menneskenes land - min film om Grønland → Han, hun og Strindberg → Den brysomme mannen → Chiamami Salomè → Lauf der Dinge → Edward Pemberton → The Ugly Duckling and Me! → Die Monsterjagd → Una bella vacanza: Buon compleanno Dino Risi! → Thermos → The Room → Ro(c)k podvratáku → Playing a Part: The Story of Claude Cahun → Le passager de l'été → Pitfall: Disbelief (Live) → Notte prima degli esami → Sedam i po → Un ticket pour l'espace → Wege Gottes → Octobre → Paige & Simon → No Body Is Perfect → Genesis: Duke → Slipp Jimmy Fri → Vsechno nejlepsi! → Keerubite mäss → Dieviskoji sviesa → Rock'n Roll Never Dies → Til Senja på tvangsarbeid → Hans → El síndrome de Svensson → Liverpool FC: End of Season Review 2005/2006 → Události Pavla Stechy → Ich muss dir was sagen → El destino → Little White Lies → L'étoile du soldat → Micke Dubois: Mycket mer än Svullo → Majstori → La Prima Immagine → La sconosciuta → Elementarteilchen → La bicicleta → La Tour du monde → Gde cveta limun zut → Dirty Sanchez: The Movie → La vera leggenda di Tony Vilar → Der Anfang war gut → Iloustrasion → Un atelier cinéma avec les Etudiants de Ciné Sup 1 du lycée Guist'hau de Nantes (Année 2005-2006) (Carnet Filmé: 5 janvier 2006) → Glastonbury → Oltre Selinunte → Ainda Há Pastores? → Basic Instinct 2 → All Apologies: Kurt Cobain 10 Years On → GAL → Toi et moi → Once → Ta koina: Ti koino ehoume → La noche de los girasoles → Rosso come il cielo → Les enfants du pays → Gambler → Faustrecht → Salvador (Puig Antich) → La vraie vie est ailleurs → The Order → Swinger Club → Den hemmelige smerte → In a Dark Place → The Penguins' Story → NiepoKORni → Risto and Minna → Oubiña, instrucción primera → Rule of Law: Justiz im Kosovo → Fallen → Revolutionens kvinnor → Grounding - Die letzten Tage der Swissair → Elsewhere → Jadesoturi → Die Wilden Hühner und die Liebe → Consequences → Mischief Night → Fuoco su di me → Ztracená dovolená → Elf Schwarze müsst ihr sein → Yö - Kolmen illan varietee → Chien Fuck! → Mitt hjärtas Malmö - vol 2 1936-1951 → Die Kunst der exakten Phantasie → Las locuras de Don Quijote → Nuovomondo → I psyhi sto stoma → Quatre étoiles → Boze Cialo → Lost in Generation → Pierre Boulez: Juxta Positions → We've Got the Toaster → Hasta la última piedra → Ask the Dust → El genio tranquilo → Happy Days: Falling Stars → Total Denial → Footsteps → Llach: La revolta permanent → La Légende d'Aufredi → Nicola, lì dove sorge il sole → La sombra de nadie → Kuldrannake → Le monde des minuscules → Scenes of a Sexual Nature → Où est l'amour dans la palmeraie? → Die Wolke → Shtolnya → I arpagi tis Evropis → Przebacz → La petite fille aux os brisés → Pitfall: We are the Dead → The Pale Man → Kolonien → The Stoning → Les brigades du Tigre → Are You Ready for Love? → Auf jüdischem Parkett → Deadpan Valentine → Dikkenek → C'est beau une ville la nuit → Le héros de la famille → Cabaret Paradis → El crimen de una novia → End Game → Sto sa sobom preko dana → Zen and Zero → Living in the Valley → Beneath Our Masks → Droomrijders → Changement d'adresse → Tiger → Politica zero → Het Leven is Ergens Anders → Exit → Il giro del pavone → Antlers of Reason → OZORA Festival 2005 → À la recherche de Kafka → Wer war Kafka? → Exile Family Movie → Optimisti → We Are Together (Thina Simunye) → Onni von Sopanen → El camino de los ingleses → Bs. As. → Karo und der liebe Gott → On ne devrait pas exister → Volem rien foutre al païs → Ça rend heureux → L'homme de sa vie → Leben mit Hannah → Infinite Justice → Going Places → Dom får aldrig mig - En film om Asta Kask och punken → A fost sau n-a fost? → Krojaceva tajna → Bloodmyth → A Snake's Tail → Kone 17 → Unter der Sonne → C.O.B.: Civilians on the Battlefield → Au-delà des apparences → Pleure en silence → Resonnances → Sejtanov ratnik → De particulier à particulier → News from Home/News from House → Johnny Castle: Rising Star → Fra X Til Døden → Üvegtigris 2. → The Planet → La leyenda del tiempo → Fidibus → Otthonom, Tarnabod → Smiling in a War Zone → Dans la peau de Jacques Chirac → Varjúröptetés - 1956 Budapesten → Statysci → Krummerne - Så er det jul igen → Mañana al mar → Sentenced: Buried Alive → Kratki stiki → Karaula → Kill Gil, Volume 2 → Premier → Lenz → Todo está en el aire → Vana daami visiit → Shantytown Shakespeare → Middletown → Mondscheinkinder → Coming Soon → La sinfonía de les grues → Provinciassassina → Thr3e → L'ivresse du pouvoir → Französisch für Anfänger → And Through It All: Robbie Williams Live 1997-2006 → Palimpsest → Salvatore - Questa è la vita → Ma mondialisation → Avril → Mezi námi práteli → Die Könige der Nutzholzgewinnung → La vida según Ofelia → Black Ink → Quand j'étais chanteur → Marta → Schwesterherz → Courts mais GAY: Tome 12 → The Pink Panther → Je sicherer du bist desto dünner wird mein Rücken sein → Johnny Was → Voodoo Lagoon → Fair Play → Sin ti → This Film Is Not Yet Rated → Doch → Nature Morte → The Last of the Hitlers → Ensaio Sobre o Teatro → Du & jag → The Last Porn Movie → Die letzte Droge → Úcastníci zájezdu → Cream - Total Rock Review → The Refugees of the Blue Planet → London to Brighton → Dove la bellezza non si annoia mai → Technocalyps → Génération précaire, derrière les masques → Sarnie zniwo, czyli Pokusa statuetkowego szlaku → Camping → Bosque de sombras → Cowboy Angels → Paralely tvorivosti → L'inchiesta → Blinde engle → Bino Rebellato - Ritratto di un poeta → Les Européens → Love Conquers All → Denken und Leidenschaft - Portrait Hannah Arendt → The Penalty King → The Bridge → The Woods → Mediaeval Baebes Live → Rene hjerter → Vukovar - poslednji rez → El cubo mágico → Exodus → G.R.A.: Graffiti, Roman Art → Neljäs tuoli → Life and Lyrics → Ave Maria - Van dienstmaagd des heren tot koningin van de hemel → Quei loro incontri → Niwemang → Ine svety → Per non dimenticarti → Poludnie - Pólnoc → My First Show → Écoute le temps → Quale amore → O Jerusalem → Starter for 10 → 56 Fois et encore → Jeder schweigt von etwas anderem → Les âmes errantes → Toussaint en juin (Carnet Filmé: 12 juin 2006 - 19 juin 2006) → I nazisti a Roma → E.I.R.E. 2007 → How About You... → Camilo - Der lange Weg zum Ungehorsam → India's Forgotten Women (Untouchables) → Reflections → Il segreto di Rahil → Charly → Un lever de rideau et autres histoires → Comeback → Kvaska → Le Ciel de Lucie → La carta esférica → Til døden os skiller → Oi gynaikes me ta mavra → Arctic Diamond → Garage → Los ojos de Ariana → St. Trinian's → La mal'ombra → Deus ex Machina → Mystika kai psemata → Bon Jovi: Music in Review → Switch → Détrompez-vous → Cinemart → Ezra → Shureitachi → Mortadelo y Filemón. Misión: Salvar la Tierra → ¿Infidelidad? → Le blues de l'Orient → La France → Hotel Meina → Non pensarci → De unge år: Erik Nietzsche sagaen del 1 → Hania → Los cronocrímenes → Nos retrouvailles → El Cielo en la Tierra → Le syndicat des acteurs à Hollywood → Isien merkit → Le corps sublimé → Bloodspell → Movie → Ich fang den Schuss mit meinem Gehirn → Il favoloso mondo di G. - Il cinema di Ugo Gregoretti → In the Land of the Pharaohs - Arcadia World Cosmos Global Travel Films → Valse sentimentale → Markus Raetz → Danse avec lui → Pepe Sales: Pobres pobres que els donguin pel cul → Die Schatzinsel → Le dernier gang → Avant que j'oublie → Hotel Very Welcome → Die poetische Kraft der Theorie → Paratiisi - Kolme matkaa tässä maailmassa → 28 Weeks Later → W.C. → Fire and Ice - Arcadia World Cosmos Global Travel Films → David Bowie: Live → Rosso Malpelo → Polcas rozpadu → Hunt for the Double Eagle → Tovarisch, I Am Not Dead → Pornostjerne? → Killing Twice: A Deadhunter Chronicle → Une vieille maîtresse → Il confine → Si j'étais toi → Giuseppe Taliercio - I giorni del sequestro → Nous sommes nés pour marcher sur la tête des rois → Das wilde Leben → Teenland → Canciones de amor en Lolita's Club → This Is What It Is → Colorado Avenue → Vetka sireni → Posible → How to Cook Your Life → Eisenfresser → Home → Suomi - Arcadia World Cosmos Global Travel Films → Abrígate → The Thrills: The End of Innocence → Der fliegende Holländer → Sous les bombes → The Buck Rules → Ensemble, c'est tout → Death at a Funeral → Miss Petite de France 2007 → Living with the Tudors → Weisse Lilien → Fratricide au Burkina, Thomas Sankara et la Françafrique → Peacebroker - Steps of becoming a diplomat → Vergessene Fahnen → Memorie di Adriano → Ben X → Sparkle → Young Yakuza → Rezerwat → ¿Quién soy yo? → Dans la ville de Sylvia → Campillo sí, quiero → Hafners Paradies → Benek → Tin kardia mou pligoses → Spielverderber → Las 13 rosas → Pappa is weg en ik wilde nog wat vragen → Exodos → Moeto manichko nishto → Andalucia → Nelle tue mani → Night Junkies → Ainsi soit-il → Jean de La Fontaine - Le défi → Mein Führer - Die wirklich wahrste Wahrheit über Adolf Hitler → Konji vrani → Déjate caer → El prado de las estrellas → Casting de noies catalanes → Mittendrin - 5 Frauen, 5 Jahreszeiten → La graine et le mulet → Dream Diary → Le deuxième souffle → Cristóvão Colombo - O Enigma → Anadysi → Ballada o prawdziwym klamstwie → Jenter → Exhibit A → The Most Haunted House in England → ICH WILL DICH - Begegnungen mit Hilde Domin → Small Gods → Ganes → Zigeuner → Itch → Microclimat → Dejiny Jaroslava Sabaty → Anticipation → On s'Arrache, des avions etc → Alicudi 1 Bella II (Carnet Filmé: 24 avril 2007) → Mia zoi stin istoria → De fortabte sjæles ø → Tuya siempre → Una ballata bianca → Un secret → Bestiár → Doma → Vikaren → The Real Outlaws → Decameron 2007 → Stå Ut → Voleurs de chevaux → Sztuczki → Quirino Cristiani → Contre-enquête → Ghiro ghiro tondo → Sumu → Des bleus dans la police → Arsenal - Arsène's Eleven → The Pied Piper of Hützovina → Kings of the World → Pusinky → Luz de domingo → Moja Kuba, moja Polska → Keep on Steppin', Seven New Orleans sketches → Meat the Truth → Gomez vs. Tavarès → La Terre parle arabe → Llik Your Idols → Merica → Mi padre → Die Spieler → Straightheads → Curio' → The Madrid Connection → Von einem der auszog - Wim Wenders' frühe Jahre → V2 - jäätynyt enkeli → Man zkt vrouw → Four Last Songs → White Diamond → L'enterrement des rats → Nightcast → Lucia Rijker: A Boxer, a Buddhist → The Gospel of Caesar → African Bambi → Les Lions de Cannes 2007 → Egon & Dönci → El orfanato → Le quatrième morceau de la femme coupée en trois → Cap Nord → On the Way of Freedom → Kaninkongen → The Death of Peter Fechter → Tehilim → En mand kommer hjem → J'veux pas que tu t'en ailles → Bialoruski walc → Steak → Virgin Territory → Pescanik → Den sorte Madonna → The Halfmoon Files → Midsummer Madness → Vent mauvais → Lou Reed: Berlin → God's Children → Lucie et maintenant - Journal nomade → Hitman → Savage Grace → Elvis Pelvis → Melnikovin talo → Retour à Gorée → Lobos → Peppino Impastato → Anders leben - Lesben im Alter → Témoignages pour Mémoire → Surveillance → La maschera d'acqua → Jas sum od Titov Veles → Für den unbekannten Hund → Self-Made Paradise → Le pere di Adamo → Gegenüber → Tomme rum → Dot.com → Jean-François Gallotte fait son cirque sur Zaléa TV (Carnet Filmé: 26 janvier 2007) → Um die Welt Costa Rica - Kokos Insel → Ibrahim → Für mich bist du gestorben - Wenn Menschen plötzlich den Kontakt abbrechen → Il viaggio di Gesù → Färgklang → Amazing Journey: The Story of The Who → Les nomades du cercle polaire → Linguas cruzadas → Jan Saudek - V pekle svých vásní, ráj v nedohlednu → Piet Piraat Show: Het Geheim van Esmeralda → How She Move → Nadzieja → Princ od papira → Histoire de Lire → Gli invisibili - Esordi nel cinema italiano 2000-2006 → Triton → Pudor → I'm Not There → Andre omgang → West Point → Holunderblüte → Cosmonaut Polyakov → Dagen zonder lief → Fighter → Töredék → Touch Me Someplace I Can Feel → Les travestis pleurent aussi... → Pistoleros → Bentornato Pinocchio → The Seer → Henryk Wars: Piesniarz Warszawy → L'aréotrain → Cycle Writer → La giusta distanza → Talvinen matka → Ocras → Karneval → Reine Geschmacksache → The Invisible → Fuerte Apache → Martin Slivka - Muz, ktory sadil stromy → Beryl's Last Year → ...Et tremble d'être heureux → Intergalactic Combat → Au coeur des étoiles: les coulisses → Gay... So What? → Boxes → Riparo → Hadersfild → Maska e Fames → De son appartement → Turvapaikka → KMPD - Krass Mann Police Department → Panorama → 99 francs → Trous de Mémoires: La Traite des Noirs et l'Esclavage à Bordeaux → Projekt Gold - Eine deutsche Handball-WM → The Boys from Baghdad High → The Beatles: The Magical Mystery Tour → L'aimée → Vidrasors → Fatal Circle → Once Upon a Time in Norway → Teah → Dangerous Parking → Vysoké Tatry - Divocina zamrznuta v case → I Want Candy → Välkommen till Hebron → Butterfly on a Wheel → Le temps n'attend pas → La transparentalité aujourd'hui → Olocausto del silenzio - Placido Cortese → Yksin, yhdessä → Rodina ili smert → The Beatles: In America → Liebesleben → Princess Margaret: Her Real Life Story → Valzer → La Môme → Zigeunermuziek doet pijn → Il pugno di Gesù → Diva: Simplesmente Uma Homenagem → Az indigóember → Schegge di cinema e filosofia → Todos nos hacemos ilusiones → La reine soleil → Habana Tropical → De l'ordre des rouages et des ombres → Ett öga rött → Small Town Folk → I Was a Swiss Banker → Shrooms → Oviedo Express → Fata Morgana → Der große Ausverkauf → Mikrofan → On dirait que... → Klopka → Fracture → David Bowie: Inside 1972-1974 → Auf der anderen Seite → Yo → Mark & Olly: Living with the Tribes → Du bist nicht allein → Alicudi 3 Lontana (Carnet Filmé: 26 avril 2007) → La Vida bajo las Bombas → Learning Gravity (aka the Undertaking) → Morceaux de conversations avec Jean-Luc Godard → Dinner with Murakami → Waar is het paard van Sinterklaas? → Preußisch Gangstar → Stagknight → Lo mejor de mí → How Far Do Leaves Fall? → Varg Veum - Bitre blomster → Weizenbaum. Rebel at Work. → Tottenham Hotspur V Aston Villa → Téléthon '07: Trilport se mobilise → Der große Navigator → Nightwatching → Fuori dalle corde → La vérité ou presque → Die verlorene Tochter → De zwemmers → Je ne suis pas moi-même → La terza madre → Nympha → Dos miradas → Un baiser s'il vous plaît → Citychase → The Workshop → Bolton Wanderers Season Review 2006-2007 → Îngerul necesar → 8 → I Am an American Soldier: One Year in Iraq with the 101st Airborne → Castañas & Castañeros: Von Nüssen und Menschen → Un soleil à Kaboul (ou plutôt deux) → Say It in Russian → La maison jaune → Röllin sydän → El proceso de lo posible → Neruna par to → Ekko → Gynaikeies synomosies → Fyra fruar och en man → Yindabad → Nuage → Micha Klein: Speeding on the Virtual Highway → Roots Germania → Bunker → Gli angeli nascosti di Luchino Visconti → Max Minsky und ich → Mete y saca a la Española → Il nostro Rwanda → Uden for kærligheden → Fairytale of Kathmandu → Pravo cudo → Facetten → Rich Kids → Berliner Reigen → The Three Dumas → Far North → Taiwan 2008, paroles de campagne → Hände weg von Mississippi → Boarding Gate → The Moon and the Stars → Alicudi 2 Selvaggia (Carnet Filmé: 25 avril 2007) → Les Années Chirac → Die Nacht ist heller als der Tag - Das kurze Leben des Malers Andreas Walser → Die Stille vor Bach → Le fils de l'épicier → Dos patrias, Cuba y la noche → Kicks → Agi i Ema → Sozdar, She Who Lives Her Promise → The Tibetans. A Life in Exile → Zeit der Fische → Neben der Spur → Zivot poupete → Tottenham Hotspur 125 Goals → 13 m² → Les amours d'Astrée et de Céladon → Fünfte Herren - Fußball pur → Lora → W stepie szerokim → Proti fora nonos → Medef, l'effet Parisot → Les témoins → Cow-Boy → Pirret → Manuel Huerga → História → Ladrones → Les yeux bandés → Hamlet → Az emigráns → O Capacete Dourado → GG 19 - Eine Reise durch Deutschland in 19 Artikeln → La noche del monje 2: la cripta fantasma → Prevodachkata na cherno-beli filmi → El secreto de la abuela → The Silencer → L'uomo privato → Dans la vie → Saxon → La Bohème → Mi fido di te → BerlinSong → Jasne blekitne okna → Jetsam → Eglima stin arhaia agora → The Baker → Roming → The Shadow Within → Rockarberesh → La masseria delle allodole → Christian → Beyond Redemption: A Profile of Peter McVerry → The Making Of → Jonathan Austraaliast → L'amore nascosto → Cartouches gauloises → Bob Marley: Freedom Road → Kaltmiete → D'un mur à l'autre, de Berlin à Ceuta → Waterfall → Racer → Tina Turner: Videobiography → Ruby Blue → A Outra Margem → Heiðin → Jacques → Geniy pustogo mesta → Lo zio Sem e il sogno bosniaco → Thomas & Friends: The Great Discovery - The Movie → Togo → Muukalainen → Berlin am Meer → Wimbledon Official Film 2008 → China's Music Underground → Que parezca un accidente → Alt er relativt → 9 to 5: Days in Porn → Love, Peace & Beatbox → La vida en rojo → Mes stars et moi → Der Herrscher von Edessa → Berlin Calling → Rovdyr → Be Kind Rewind → L'idiot → La neige au village → Sexykiller, morirás por ella → Drifter → Nyugalom → Au coeur de l'acteur → Sing for Darfur → The Universe of Keith Haring → Väärällä maalla → Pradolongo → Pizza und Marmelade → Kategorie C → Diario de una ninfómana → Rumore bianco → Paris Nord Sud → The Matchstick Traveller → Foie gras, enquête sur un produit d'exception → Heaven Earth → W Drodze → Gatas Gynt → Jack Says → Banlieue Est (Carnet Filmé: 12 décembre 2007 au 14 décembre 2007) (3ème partie de la Décalogie de la Nuit) → Maggie vaknar på balkongen → Un altro pianeta → Rromani Soul → Tribute to Pavarotti - One Amazing Weekend in Petra → Affinity → Les héros de papier ne meurent jamais → Shyama → L'isola delle rose, la tragedia di un paradiso → Baby Blues → A Technicolor Dream → Sweet Sixties → Dali: The 4th Dimension → Myrsky → Destin postal: Rencontre-débat du 22 avril 2008 → Côté cour, côté jardin → Máncora → Radeloos → Feuerherz → She Should Have Gone to the Moon → Hollywood contra Franco → Iddu, l'atelier de Jean-Michel Fauquet → Életek éneke → Nije kraj → Embrión → Kato apo to makigiaz sou → Vashti Bunyan: From Here to Before → Antonioni su Antonioni → El Señor de Sipán → Le flan était presque parfait → French Film → Rif 1921 una historia olvidada → Chelsea FC Season Review 2007/2008 → Respekt → Unge Freud i Gaza → Leur morale... et la nôtre → Stiller Frühling → Afstiros katallilo → Der Weg nach Mekka - Die Reise des Muhammad Asad → The Vanguard → Les grands s'allongent par terre → To gamilio party → Trois films courts de Pierre Coulibeuf: Magnetic Cinema, Pavillon noir et Le démon du passage → Bergerhausfilm → Un lugar en el cine → Blod & ære → The Anarchist's Wife → Au loin des villages → Il solitario → The Medici: Makers of Modern Art → Gardens of the Night → Flash black, un conte d'été malien → Iskyss → Un giorno perfetto → Revanche → I-4: Loufa & apallagi → La mécanique des anges → Going Against Fate → John Lennon: In Performance → Gran Torino → Burgundia (Carnet Filmé: 23 décembre 2007 au 28 décembre 2007) (5ème partie de la Décalogie de la Nuit) → Scenes from the Sex Struggles at North Beverly Drive, Los Angeles, CA (Remix) → Walborgs ungar → Krabat → Le Temps et les Rêves II (Carnet Filmé: 9 janvier 2008 au 14 janvier 2008) (6ème partie de la Décalogie de la Nuit) → Aka Ana → 25 kilates → The Edge of Love → Friedliche Zeiten → U-900 → Running with Mum → 8.5 Hours → The Secret of Moonacre → The Convert → All Human Rights for All → La minaccia → Shanghai Trance → Guy Gilles et le temps désaccordé → JCVD → Taxandria → Nos enfants nous accuseront → Victoire Terminus, Kinshasa → Cliente → One Man in the Band → Du bruit dans la tête → The Three Musketeers → Illuminations (Carnet Filmé: 26 décembre 2008) → Stolperstein → Der Pfad des Kriegers → H:r Landshövding → I Can't Think Straight → Bane → Die Schimmelreiter → Saila → Gougnette → Ein Artikel zu viel → Improvvisamente l'inverno scorso → Die Besucherin → Affaire de famille → Das Geheimnis von Murk → Blinker en de blixvaten → Par suite d'un arrêt de travail... → M par M → Where in the World Is Osama Bin Laden? → Turtle: The Incredible Journey → Dark Floors → Showtime '08: On Stage → Snezenky a machri po 25 letech → Jungle of Dreams → Il cosmo sul comò → How To: Be or Not to Be → Lady Godiva → Las Meninas → Skogskyrkogården → L'uomo che ama → Svatba na bitevním poli → Der Rote Baron → Bianco e nero → Beyond America → Japan: A Story of Love and Hate → Sexo no eixo Atlántico → Il mattino ha l'oro in bocca → Amália → El brau blau → Punk - Tauti joka ei tapa → Die Lothland Saga → Niloofar → Trzech kumpli → Die Tochter → Bang och världshistorien → Frans Hals: Snapshots uit het verleden → Vùndes vun van a man → 99% ærlig → La Bohème → Promised Land of Heavy Metal → Soovide puu → Esprit es-tu là? → Päätalo → Kaméleon → Thoondil → Lena: The Bride of Ice → I demoni di San Pietroburgo → Maradona by Kusturica → D'une seule voix → Magique! → Nina Crazy Suicide Girl: Le Prigioniere di Satana → L'apprenti → Three Sisters → Taarka → Als we het zouden weten → Räuber Kneißl → Reflections → Die Welle → Na vlastní nebezpecí → À l'aventure → Blessed → Gegenschuss - Aufbruch der Filmemacher → Muta Passione: Silent Passion → 1 1/2 Ritter - Auf der Suche nach der hinreißenden Herzelinde → La fabrique des sentiments → Po-lin. Okruchy pamieci → Kummeli Alivuokralainen → Das Verschwinden der Zeit → 1234 → La zona de Tarkovsky → Valkyrie → Denied → Home Sweet Home → Zwarte ogen → Miracle at St. Anna → A Viking Saga: Son of Thor → This Is Tomorrow → Mutant Chronicles → Yodok Stories → Memory Books - Damit du mich nie vergisst... → Colour from the Dark → Quelques jours avant la nuit → Jezís je normální! → Die Helden aus der Nachbarschaft → Run for Me → Brothers → Abenteuer Anthroposophie - Rudolf Steiner und seine Wirkung → Skorumpowani → Renzo Gracie: Legacy → Amore, bugie & calcetto → Dla ciebie i ognia → Faintheart → The Lost Door → Att döda en djävel → Creator van Geluk → Nulle part terre promise → Eden → El libro de las aguas → Mikres eleftheries → Perpetuum Mobile → 57000 km entre nous → Antes de morir piensa en mí. → Lejdis → Histoires de pluie → El patio de mi cárcel → LOL (Laughing Out Loud) ® → Ten Percent → Colpo d'occhio → L'ennemi public n°1 → A Film with Me in It → Die Widerständigen. Zeugen der Weißen Rose → Peace Mission → L'altra metà del cielo → Mortadelo y Filemón. Misión: Salvar la Tierra → Pelléas et Mélisande, le chant des aveugles → 8 citas → La frontière de l'aube → La maison Nucingen → One Day Removals → Baldurs Draumar → Il y a longtemps que je t'aime → Football Under Cover → Die Wilden Kerle 5 → Karajan: Or Beauty as I See It → Se chiudi gli occhi → A l'intérieur du cinéma chinois → Il falso bugiardo → I Know You Know → Ein Augenblick Freiheit → Flammen & Citronen → Somers Town → The Unwinking Gaze: The Inside Story of the Dalai Lama's Struggle for Tibet → Fernando Lopes, Provavelmente → Scenes from A Parallel Life: Jacques Rivette Remembers → Louomenoi → Maximum Impact → Majdnem szüz → Lønsj → Deti noci → Séraphine → Silent Rails → Whitesnake: Slide It In → Kis Vuk → Marcello Marcello → Kolekcioniere → Tulip Time → Don't Look at Me (I'm Ugly in the Morning) → Bergauf, bergab → Nazirock → Gunnar → Skrapp út → 7 → Jasper und das Limonadenkomplott → L'autre → Jag vill inte leva detta livet → Los → Souvenirs de Madrid → Die Natur vor uns → Parlez-moi de la pluie → The Sun and the Moon → Madness in the First Degree → Sunny's Time Now → Am Pier von Apolonovka → Vado bene o no? → Sangre de mayo → Autochrome → Modus Operandi → Al Jolson and The Jazz Singer → Marilena → Is Anybody There? → Carsten & Gittes filmballade → Without → Tyttö varjoisilta kujilta → On the Road with Maruch → Oorlogswinter → Let It Flow - Tanssin virtaa → Megalopolis → Cztery noce z Anna → Niciji sin → La voce di Barbara → Eszter hagyatéka → Absurdistan → Tiramisu → Les hauts murs → El truco del manco → Ice People → Goth Cruise → J'irai dormir à Hollywood → Il divo → Il papà di Giovanna → Le nouveau protocole → The Beatles: Up Close and Personal → Falco - Verdammt, wir leben noch! → Quincy Jones' 75th Birthday Celebration: Live at Montreux → Suckers → Nés en 68 → Sretna zemlja → La guerra infinita - Kosovo nove anni dopo → Annas Garten → Stella → Zaradi Lelia Sneje → Smoking and Other Crimes → OOM with a View → Land of Our Grandparents → Erikoisia tapauksia → Retorno a Hansala → Dear Oprah: Non-Voting America's Wildest Dream → La batalla de Bailén recreada → Cyrano de Bergerac → Protection of Power → Crème → Cenizas del cielo → Sneaker Stories → L'amore non basta → Razvod po albanski → Victoria → Evoque: Reality Show → Der Architekt → Flores de luna → Sagan → The New Ten Commandments → Quantum of Solace → Louis Theroux: Law and Disorder in Philadelphia → Up! Up! To the Sky → Una storia speciale → Hotel op stelten → Dante 01 → I am Von Höfler Variation on Werther → How to Lose Friends & Alienate People → Quanna → Tote Schwule - Lebende Lesben → Dacia Express → La Ville des Fantômes II (Carnet Filmé: 15 décembre 2008 au 10 février 2008) → Jingle Blues Jingle Bells → Nestyda → Die Eylandt Recherche → Romania! Romania! II: Cautandu-l pe Schwartz → Les bureaux de Dieu → From Prison to Parliament → The Marriage → La vie est à nous → Saint-Marcellin vu par Gérard Courant (Carnet Filmé: 24 décembre 1983 au 21 septembre 2008) → Het zusje van Katia → Surveillance → Smutek paní Snajderové → El cuerno de la abundancia → The Bank Job → Science of Horror → Negativa → Schatten des Krieges → Älska mig → La Ville des Fantômes (Carnet Filmé: 15 décembre 2007 au 10 février 2008) → In and Out of Planet Earth → No London Today → Naturens Klovner: 10 år med Fisjing! → Where the Wall Was → El último truco → Hardcover → Cwcw → Der Letzte Coup → Trilogia - Il pensiero, lo sguardo, la parola → Laibach: Volk - Dead in Trbovlje → In Tranzit → Der Baader Meinhof Komplex → The Dying Doctor → High on Jesus → Dresde de sang et de feu II (Carnet Filmé: 24 janvier 2008 au 27 janvier 2008) (7ème partie de la Décalogie de la Nuit) → De boer die zou gaan emigreren → La sangre brota → Sans état d'âme → Bank Bang → Juan y Medio → Mariage chez les Bodin's → Bananaz → Laughing for Silver → Der Tod meiner Mutter oder fünf Versuche einen Film zu machen → Der rote Punkt → Max Pinlig → Kisses → 80 Minutes → Lykkens grøde → Bledi mesec → Poulia sto valto → Hoe overleef ik...? → Flashbacks of a Fool → Sunny et l'éléphant → Fêtes Blanches (Carnet Filmé: 21 mars 2008 au 20 septembre 2008) → No me pidas que te bese porque te besaré → Jos mulla ois valta → Märzmelodie → Comeback → La conjura de El Escorial → Comment Albert vit bouger les montagnes → Zlota rybka → Så kort og mærkeligt livet er → L'ultimo Pulcinella → Brúðguminn → Los girasoles ciegos → O teleftaios gyrismos → Red Room → Vy nám taky séfe! → Ulybka Boga, ili Chisto odesskaya istoriya → Élève libre → Fifty Dead Men Walking → OZORA Festival 2006-2007 → El amor se mueve → Westenbrink → Palnan tyttäret → Killereichhörnchen → Taken → Ghosts of East Anglia → Le plaisir de chanter → 4 Copas → J'ai tant aimé → Seven Crosses → De l'autre côté → Bridging the Gap → Korkein oikeus → Kerstin Ekman - Drottningen av Svartvattnet → La terra degli uomini rossi - Birdwatchers → Dragoste pierduta → Louanges téméraires des heures divines (Carnet Filmé: 3 février 2008 et 6 février 2008) (8ème partie de la Décalogie de la Nuit) → Max Frisch, citoyen → Monsieur Morimoto → Tortura → Four Christmases → V hlavní roli Gustav Husák → Le crime est notre affaire → Blackout → Persona non grata → Derniers Mots → Il sangue dei vinti → Il passato è una terra straniera → Baccalauréat → Abraham's Point → Der Mond und andere Liebhaber → Profils paysans: La vie moderne → Jesus Christus Erlöser → Blood Trail → Um Amor de Perdição → Christian Blake → Hotel Sahara → Numero uno in lista → Snijeg → Contempt of Conscience → Versailles → Satellites & Meteorites → A Beautiful Tragedy → Lee Evans: Access All Arenas → Lulu und Jimi → Park '79 → Cooking History → Frammenti elettrici n. 6 - Diario 1989. Dancing in the dark → Sukalde kontuak → Four Roses → La boda de Mawla → Vincere → Meno male che ci sei → Magnus Betnér: Tal till nationen → Kadet → Engel mit schmutzigen Flügeln → Jean Pascal pour la France → To teleftaio tragoudi tou Elvis → Verdi: I Due Foscari → Dreamscape → Into the Blue → Lost Town → The Word Music: Jorunn Vidar → Dovidjenja, kako ste? → Das Zimmer im Spiegel → L'uomo dalla bocca storta → Prima Primavera → Set Piece → Pouta → Rückenwind → Visage → Min helt egen ubåd → La terra habitada → Panique au village → Hollywood sul Tevere → Muzi v riji → Desert Castle → Wasted → Plastic Planet → Je suis venu pour elle → Krisi tou kapitalismou - 'Ti simainei na zei kaneis?' → L'abécédaire de Chaplin → Plop en de kabouterbaby → Pahrbek ceský → Na pude aneb Kdo má dneska narozeniny? → Sto vathos kipos → Sense of Architecture → 30 fast vergessene Dinge → La petite mort → Tong dao → Valdéz: The Whale Paradise → Draumalandið → Flame Beings → A Drop of the Pure → O diaheiristis → Kurdî → Postia pappi Jaakobille → La prima linea → Omar: The Movie → Prinsessa → Epistrofi sti Milo → Zabranjena ljubav → Freunde von früher → I skuggan av värmen → [Rec]² → Lignes de front → The First Days of Spring → Urban Savages → Le pays à l'envers → Identity of the Soul → Loup → Operace Dunaj → Por la gracia de Luis → Baarìa → Il colore delle parole → Brecha → Poligamy → Infidèles → That's for Me! → The Street Project → La Isla Bonita → Dancing with the Storms → The Passenger → Coco avant Chanel → So glücklich war ich noch nie → Pethaino gia sena! → Lisette und ihre Kinder → Auto*mat → Mr. Right → Celle que j'aime → A Esperança Está Onde Menos Se Espera → Victor → Holy Water → The Great Contemporary Art Bubble → Une semaine sur deux (et la moitié des vacances scolaires) → Pettson & Findus - Glömligheter → Je l'aimais → Ditching → Till You're Told to Stop → En stemme for livet → Nausica and the Odyssey → The Blue Horse → Karaokekungen → L'Italia del nostro scontento → Endstation der Sehnsüchte → Tottenham Hotspur vs Portsmouth FC → Corde → The Lost Kids of Burundi → Sans rancune! → Blue Jeans and Short Skirts (Blu jeans e Gonne Corte) → Triage → Quemando suerte → Hunky Blues → Pengarna och paniken - En film om girighet → Captain Berlin versus Hitler → Le roi Roger → Skjult → Mateo Falcone → Made in Hungaria → RTT → Iron Cross → Breathe → Summertime Blues → I diathiki tou ierea Jean Meslier → Mondscheinsonate → Okänd, kvinna 2009-349701 → The Mountain Within → Fireman Sam: The Great Fire of Pontypandy → Anubis en de wraak van Arghus → The Asgard Project → El cónsul de Sodoma → Otroci → Die Ludolfs - Dankeschön für Italien! → La guerra dels segells → Claudette → Normal → How Do You Solve a Problem Like Lolita? → Giulias Verschwinden → Carles Barba, cineasta → Zweiohrküken → Seitti - kilvoittelijan päiväkirja → Sbirri → Szuperbojz → Downstream → Zemanlandia → Tule hyvä tyttö → Fire! → Legami di sangue → Archipelagi celluloidu → Rien à perdre → Utolsó jelentés Annáról → Bad Boys Cellule 425 → Star Wars: A Galaxy in Darkness → Cambodia: The Virginity Trade → Loin de Rome → Le séminaire Caméra Café → Memory of Love → Insurgentes → Walter - Retour en résistance → Happy Ever Afters → Nothing Personal → Magma → The Descent: Part 2 → Tras la pista de Otal → Giulia non esce la sera → La carta del Rajá → 7 pasos y medio → Les Robinson de la côte oubliée → Neuilly sa mère! → Invisible Eyes → Los muertos van deprisa → Obcan Havel prikuluje → Diamond Ice'd → Hinterland → Spyder → Act of God → Invingatorii → Morrer Como Um Homem → Un soir au club → The Boys of St Columb's → Goal III: Taking on the World → L'ouragan Kalatozov → Hranica → Shooting with Mursi → VolaVola → Headhunter → Kirk → The First Movie → La régate → Life and Film (The Labyrinthine Biographies of Vojtech Jasny) → Girl → Barbarossa → Short Cut to Hollywood → Ticho nad oblakmi → Hitvallók és ügynökök → Changing the World on Vacation → Paris Rio → Ho Ho Ho → Bölcsödal → Miss Homeless → Il silenzio → Velsignelsen → An Education → Tose: The Hardest Thing → Meisjes → At zijí rytíri! → Die Tür → Cuccioli: Il codice di Marco Polo → HN Hermann Nitsch → Zero → Bells, Threads & Miracles → Contra timp 2 → Katt-Tricket → Tanyaradzwa → Le grand cinéma de Jean Renoir → Not Waving, But Drowning → The Rainbow Warriors of Waiheke Island → Pietro Germi - Il bravo, il bello, il cattivo → Vampire City → Aczél → I zoi stous vrahous → The Tartan Horror Story → Srce je mudrih u kuci zalosti → In tempo, ma rubato → Bananas!* → Looking for my gypsy roots → All the Years of Trying → Je vais te manquer → Mondo Homo → Trip → Liever geen bezoek → Paisajes interiores → Ne change rien → First Try → La famille Wolberg → For the Record → De viagraman → Aqua: Live at Tivoli → Le refuge → Eloïse → Nient'altro che noi → Le fil → Dorian Gray → Dossier K. → The Disappearance of Alice Creed → Plein sud → Piazzàti → Demain dès l'aube → Fliegen und Engel → Eden → Map of the Sounds of Tokyo → Cinémas de Traverse → Covjek ispod stola → The Man Who Could Fly → Comment j'ai adopté mes parents → Ante Pavelic Bez Maske → Engelen → Auf der Walz → Queen: The Legendary 1975 Concert → Cosmonauta → Kansakunnan olohuone → Gotovina, Letters from Hague → Lost & Found in Asia 2 → La Batalla de Asturias → Morticia → Bobo Stenson Trio → Ski Heil - Die zwei Bretter, die die Welt bedeuten → Promeny → Cea mai fericita fata din lume → Original → L'enfer d'Henri-Georges Clouzot → Metastaze → Estigmas → Johan Falk: GSI - Gruppen för särskilda insatser → PiN2011 - recollection of the street → Shanghai Fiction → La cosa giusta → Hugo en Afrique → Alfred Hitchcock in East London → The Soloist → La fille du RER → Somewhere Between Here and Now → Anyone Can Play Guitar → A Pause in the Holocaust → Book of Blood → Tempête de neige sur Dijon (Carnet Filmé: 20 décembre 2009) → Han, le prix de la liberté → Big Font. Large Spacing → Being the One: Document of a Delusion → Technotise - Edit i ja → The Cat, the Reverend and the Slave → I Love You Phillip Morris → Deutschland 09 - 13 kurze Filme zur Lage der Nation → Un ange à la mer → Transmission 6-10 → A Serious Man → Tannöd → Nosotras que todavía estamos vivas → The Night Is Young → Maldita Nerea - Tortugas → Le Donk & Scor-zay-zee → In Dir muss brennen → American Widow → Pig Business → Applaus → Legacy of the Great Aletsch → Planet 51 → Chemia → On the Wall → Nasty Old People → The Pagan Queen → Star Crossed → T.M.A. → Only Human → Crnci → Les racines du brouillard → Effi Briest → Mazie laupitaji → Il grande sogno → Sur les traces de Pichon-Rivière → I taket lyser stjärnorna → Creation → Gamines → Sannhetsjegeren - historien om Tore Sandberg og Fritz Moen → Christine Cristina → Tout était clair (Carnet Filmé: 2 avril 2009 au 25 mai 2009) → Pedra, Peixe, Rio (Itamatatiua) → Politist, adjectiv → Kin → Das Dschungelradio → Liebe Mauer → Lege maag → 7 Billion Others → Four Single Fathers → Death of the Virgin → Erreur de la banque en votre faveur → Knäcka → Today Is Better Than Two Tomorrows → Désirs → Absolute Evil → Afghanistan, Land of Wonders → Ocas jesterky → Desire → Vicino alla Montagna → Cargo → Obama's Irish Roots → In Search of Beethoven → Saint Enoch Xmas Market → Die Kinder vom Friedrichshof → Asesinado por el cielo → Der weiße Rabe - Max Mannheimer → L'épine dans le coeur → Scener ur ett kändisskap → Für meinen Vater → Moon → Doghouse → Avenida Argentina → Eamon → KoranKinder → Wasters → Drug Crni u Narodnooslobodilackoj borbi → Tamo i ovde → Oscar et la dame rose → Budapest → Material → Je suis heureux que ma mère soit vivante → Fly Light → Childhood → Ne te retourne pas → The Logic of the Cat → Mujeres en la II República: constructoras de derechos y utopías → Mavro livadi → Paradise → Smile → Le sourire d'Averroès → Kérity, la maison des contes → The Time That Remains → Dirty Diaries → L'uomo nero → Savage → The Big Art Project → Via della croce → Les Ailes brisées → Pepperminta → Means of Production → Cataluña Espanya → Notes al peu → Kennzeichen Kohl → Chelsea FC Season Review 2008/2009 → Die Unwertigen → Fri os fra det onde → Ob ihr wollt oder nicht! → Famille → Joueuse → The Clan → Enen → Popieluszko. Wolnosc jest w nas → Stella's oorlog → Safari → 1948: The Birth of a New Specimen of Human Being → The Forgotten Maggies → Another Glorious Day → Sivuvaunumiehet → Excursion au Swaziland → Es kommt der Tag → Il compleanno → The Invention of Dr. Nakamats → Glanz und Elend in Hollywood: Natalie Wood → La vita dispari → Vølvens forbandelse → Non ma fille, tu n'iras pas danser → Isolation → Resurrecting the Street Walker → Maniquerville → 10,000 Kilometers → Gordos → All You Need Is Klaus → Menteur → Bullying → Achterbahn → Unter Bauern → L'armée du crime → Malice in Wonderland → Winnie og Karina - The Movie → Cyprien → Mazel Tov → The Blue Book → La coda è la più lunga da spellare → Jóhannes → London's East End 1900's-1930's → Der Hirnschrittmacher: Heilung auf Knopfdruck? → TreQuarti → Honey Moons → Marching Band → In the Dark → Tod und Teufel → An Earthy Paradise for the Eyes → Kohtaamisia → L'avocat du diable → Only When I Dance → Hästprataren från Provence → De helaasheid der dingen → Liverpool FC Greatest Ever Goals → Beware the Moon: Remembering 'An American Werewolf in London' → Ulamek istnienia → Kan door huid heen → Monty Python's Spamalot → I Bet You → Memoria → Io, Don Giovanni → Due partite → O Último Condenado à Morte → Espion(s) → For the End of Time → Hardly Bear to Look at You → Nine → El Trabajo del Espectador → Reste Bien, Mec! → Futebol de Causas → Ghosts of the 7th Cavalry → Breathless: Dominance of the Moment → OceanWorld 3D → And I Ride and I Ride → Sans forme de politesse: regard sur la mouvance Dieudonné → Das Bild in mir - Ein Portrait der Malerin Gerda Lepke → Il viaggio → Duburys → La classe dei gialli → Innocent → Männerherzen → Ulovit miliardare → Le syndrome du Titanic → Cado dalle nubi → Det røde kapel → Last Supper for Malthus → Faces of the Frontier → Hemligheten → Mammoth → Extase → Blau Jeans → Yeo-haeng-ja → Katharsi → Die schönste Nebensache der Welt → 1 Day → Look at the Life Through My Eyes → Dracula vs the Ninja on the Moon → The Luminiferous Æther → La matassa → Oh, Adam → Cage Fighting Women → Trennschärfe → Od pelni do pelni → Lila, Lila → Väärät juuret → Du sang sur les murs → The Silent Cancer → Barfuß bis zum Hals → Últimos testigos → De hel van '63 → Life Extended → Greek Pete → Hayedeh Legendary Persian Diva → Død snø → Palestrina - Princeps musicae → Mission X → Norwich in the Sixties: Part 1 → Chi l'ha visto → Tréfa → Le code a changé → Persona Non Grata → Der Fürsorger → Eve → Die Päpstin → In Albania → La Table-Ronde 'Journal Intime Filmé' au cinéma Eldorado de Dijon (Carnet Filmé: 22 octobre 2009) → Desember → Le docker noir, Sembene Ousmane → Farewell → Hachi: A Dog's Tale → The Adventures of a Plumber in Outer Space → Recht in de ogen → Antichrist → Ishys mou i agapi tou fakou → MoveOn: The Movie → HellBilly 58 → Suske en Wiske: De Texas rakkers → Selo gori... i tako → Blizine → Os Mistérios de Lisboa → Hinter Kaifeck → Black → Luisa → Ragazze la vita trema → National Theatre Live: All's Well That Ends Well → Rovdrift → Freetime Machos → Jäävuoren varjoon → Vivir de pie. Las guerras de Cipriano Mera → My Playground → My Surreal Duty → Zamiana → At the Foot of a Tree → Villalobos → Umbrage → Weightless: A Recording Session with Jakob Bro → Sievietes un sargi → Cinéclub → Angst → Ljubavni zivot domobrana → Carne Viva → Gli amici del bar Margherita → Mères et filles → Klícek → Zum Vergleich → Pinprick → La teta asustada → Pihalla → Vision - Aus dem Leben der Hildegard von Bingen → Julian Rosefeldt - Eine Amerikanische Nacht → Lucky Luke → Don't Worry About Me → Olsenbanden jr. og det sorte gullet → Triangle → Les derniers jours du monde → Wszystko, co kocham → Julefrokosten → Prison Valley → La valle delle ombre → Humeurs et rumeurs → 45º by Azaryan → Xavier Mina, sueños de libertad. Los sitios de Zaragoza → Die 30 tollsten Berlin-Songs → Men Behind the Myth: The Story of the Kray Twins → El delfín: La historia de un soñador → The Word Music: Magnus Blondal Johannsson → Omnes vocentur fratres minores → U Pana Boga za miedza → Harmattan → Après la chute → Champions: Wolverhampton Wanderers Season Review 2008-2009 → Alfred Eliasson & Loftleidir Icelandic → Love/Loss → Il figlio più piccolo → S.N.U.B! → Paris Connections → New York Conversations → Wolf Cabin → Little Victorian Secrets → Jackfly → Senna → One Rabbi in Zagreb → Srak Srak → Tierra de Cierzo → 48 → Vampires → Balada triste de trompeta → The Flying Machine → The Extra Man → No et moi → Sasha → Le nouveau cinéma scandinave → Druciki → Snow in Hell → Ein Sommer voller Türen → Desperately Seeking Europe → Nanny McPhee and the Big Bang → Masterpiece → Made in Romania → De mayor quiero ser soldado → Notes Lyonnaises II (Carnet Filmé: 4 avril 2007 - 20 octobre 2010) → Terza persona → La BM du Seigneur → Video Nasties: Moral Panic, Censorship & Videotape → Geronia: His Own Wide World → Tist' dan v tednu → Water Makes Money → Le collier et la perle → Das Lied in mir → Walking Back to Happiness → 91 Kilometers. Chronicle of Estonia 2009 → Vodkafabriken → U redu, pobedio sam → Goodnight Nobody → La voie du pôle → Todespolka → De eetclub → Dazed in Doon → Claudia Love Forever → 17 Tage im Mai: Die Eishockey Weltmeisterschaft 2010 in Deutschland → Falco - Der Poet → Dharma Guns (La succession Starkov) → The Day Before Disclosure → Bibliothèque Pascal → Il sangue verde → Route Irish → One Night in Turin → Ce n'est qu'un début → Izarren argia → Stealing Elvis → Mean Parents Suck → Gangsterboys → Edge → Napoli 24 → C'est parti → Haereul samkin gaemi → Tzigari, a Rom Tale → Änglavakt → Schaste moe → Blood in the Mobile → Rudolfa mantojums → La tête ailleurs → Sea of Creepy Monsters → Severn, la voix de nos enfants → La passione → Comme les cinq doigts de la main → Sielunpelastajat → Clair → Jäätä rakastavat → Play Again → La meute → Till det som är vackert → Tartarus → Just Inès → The Ghost Writer → The Secret Life of Chaos → Die 30 lustigsten Lieder → La cuisine en héritage → Liebling, lass uns scheiden! → Småstadsliv 3 → The Green Wave → Periferic → Alice: A look into Alice's adventures in Wonderland and at the curious relationship between Alice Liddell and Lewis Carroll → Marty's Project → La voix de l'écolier → Swan Lake: La Scala Ballet → The Miners' Hymns → La blonde aux seins nus → Black Death → Jud Süss - Film ohne Gewissen → Juegos de lucha → K.364: A Journey by Train → Taulukauppiaat → Tamata: Dora stous theous → Znak na Kajinu → Nick the Geek → Africa Obscura → Bonded by Blood → The Battle for Barking → Drogi → Through the Looking Glass with René Clair: Master of the Fantastic → Klovn: The Movie → Patrol Men → Roads to Mecca → London in the Sixties: Part 2 → Komeda: A Soundtrack for a Life → Ispansi! → Farsan → En ganske snill mann → È stato morto un ragazzo → Montevideo, Bog te video! → Semangat → Le mac → No controles → 1960 → Marginais → Bianco → Transworld → Book Smugglers → The Disciple → An hour in their shoes: Ars longa, vita brevis → Harteloos → Blackaria → Next Exit Nirvana → Wide Blue Yonder → Madman's Dictionary → Vincent au soleil lavant → Birmania, el coraje de resistir → Women in Horror → Mord på mere end én Måde → Zombie Undead → Cherry Tree Lane → Barriere → Backward → Nem sokaság, hanem lélek → L'âge de raison → Istanbul - Meeting of Souls → Il padre e lo straniero → A Safe Place for the Wild → Scena del crimine → La Bohème → Le Cabanon → Wars → Brooklyn → Neds → Linha Ténue → Robert Mitchum est mort → Next Time Ned → Oi kleftes tou hronou → Bahrain People Stories → D'amour et d'eau fraîche → Io sono con te → Ivan Georgiev: Rembranda → Ted Noten: Gold, Sweat & Pearls → Ensemble, c'est trop → National Theatre Live: The Habit of Art → Separado! → Killer Bitch → Schwester Dorothea → Trouble No More → Brestskaya krepost → 37 mnimes → Burlesque Undressed → Kvinden der drømte om en mand → Vous êtes servis → La ligne blanche → Auf Wiedersehen Finnland → Fleurs du mal → Comando e controllo → Amphibious 3D → I rymden finns inga känslor → Wenecja → A Mother's Love: Rosamond Carr and a Lifetime in Rwanda → The Miracle Baby of Haiti → Das Sandmännchen - Abenteuer im Traumland → Kommandør Treholt & ninjatroppen → La Secrétaire → VigasioSexploitation Vol.1 → Sandheden om mænd → Let Me In → Bartleby en coulisses → Una hora más en Canarias → Sans laisser de traces → Les amours secrètes → Cambio de sentido → Orzel i chryzantema. Ostatni z rodu. → Il ragazzo che abitava in fondo al mare → Io l'ho visto → Chantrapas → Manenberg → La donna e il drago → Israel vs Israel → Territories → OZORA Festival 2009 → 80 egunean → Reuniting the Rubins → I Can Fly → Dead Cert → Ghost Blues: The Story of Rory Gallagher → A Fucking Cruel Nightmare → Kidnappet → Weemoed & Wildernis → Cul de sac → New York Memories → Nejvetsi z Cechu → Notre étrangère → Henri 4 → Träume der Lausitz → Reality Star → Idiots Guide to Britain → 17 Jahre später → Third Star → Me Myself and HIV → ASD. Alma sin dueño → Tempus Adolpha → L'amore buio → A Man's Story → The Show Must Go On → Hanni & Nanni → Foeksia de miniheks → Pas de deux → Wiegenlieder → Where Is Gary → Portraits deutscher Alkoholiker → Kafka au Congo des belges → Die Leugnung - Die Türkei und ihre Vergangenheit → The Double → Kanenas → Phantom of Liberty II → Penso che un sogno così → Dreaming Mali → Luis Barragán Casa Estudio → Sinterklaas en het pakjesmysterie → Opelo za Bobija Fisera → Das Ende des Farbfilms. AGFA, ORWO und die DDR → Nirgendwo. Kosovo → The Shaman & Ayahuasca: Journeys to Sacred Realms → Harjunpää & pahan pappi → Parked → The Hell Experiment → Facing Genocide: Khieu Samphan and Pol Pot → Chwilami zycie bywa znosne... → Mikis Theodorakis. Composer → 45m2 → September → Det pleier å gå bra → Arrebatados. Recordando a Iván Zulueta → Zot van A. → Blood & Oil: The Search for a Future Driver → Les mains en l'air → Les petits ruisseaux → Luks Glück → Ziteitai pseftis → Mumbai, la cour des peintres → En compagnie d'Eric Rohmer → Risto Räppääjä ja polkupyörävaras → Secuestrados → Passió, d'Emili Darder → True Stories: The Trials of Amanda Knox → La rue est à eux → Via Padova - Istruzioni per l'uso → L'ultimo gattopardo: Ritratto di Goffredo Lombardo → Quero Ser Uma Estrela → Una vita nel mistero → Ollie Kepler's Expanding Purple World → Monsters → K.O.R. → Horses → La progenie del diavolo → Themerson & Themerson → Normal → Majesteit → Seed Warriors → Attenberg → Il mio novecento → Elf Onkel → Notre jour viendra → Unkraut im Paradies → An der Saale hellem Strande - Ein Kulturhaus erzählt → Transit → De Gaulle, la fin d'un règne → Gimenes lietas → Mr. Nice → Europa, East → L'arbre et la forêt → Cudowne lato → Frank Shinobi: An Experimental Musical Movie → Problema → Off the Beaten Track → Birmingham City vs Tottenham Hotspur → La folle entreprise, sur les pas de Jeanne Mance → Le dernier week-end → Pauline et François → The Maniac Project → Yulia → Ahilesovata peta → L'assaut → Du sköna → Piko → Olsen-banden på de bonede gulve → Liverpool - Season Review 2009/2010 → Kolorádó Kid → Low Cost (Claude Jutra) → Kóngavegur → The Pinnacle → Fatal → Di Di Hollywood → The Infidel → Dve ali tri stvari, ki jih vem o njej → Campamento Flipy → Rockabilly Ruhrpott → L'éternelle fiancée de Frankenstein → Indiana Jones und der Speer des Schicksals → Trash → Largo Camino al Flamenco → Chrzest → Fughe e approdi → Les princes de la nuit → L'illusionniste → Proie → Con le ruote per terra → Lovelorn → För kärleken → Max Schmeling → Casanova, identitate feminina → Sennentuntschi → Trick → World Cup's Most Shocking Moments → Els noms de Crist → We Are Watching You → Ouganda, au nom de Dieu → Skrzydlate swinie → Men Who Swim → La llegenda de l'innombrable → How About Love → Meritum → 2 Graves → Retour à Bligny → Am Ende der Wiese → Al final de la escapada → Life and Times of Don Rosa → Inside the Freemasons: The Grand Lodge Uncovered → Fanny Hill → Chopin at the Opera → Im Schatten → A Natale mi sposo → Miehen kuva → Der Räuber → The Invisible Atomic Monsters from Mars → L'estate di Martino → My Marlboro City → Iran Zendan → Bloudím → Met nieuwe ogen → Les garçons du Lido → I Love Karditsa → Summer of Sonic 2010: Retrospective Documentary → White Slaves, Muslim Pirates → Eros Ramazzotti: 21.00 Pm Eros Live World Tour 2009-2010 → Glenn, the Flying Robot → Utopia London → Sluby panienskie → Life Is an Art → Heart Beat 3D → Freight → Glenn - Över Sjö & Strand → Psyhos → Todos vós sodes capitáns → Sterke verhalen → Fit → Marilyn Monroe - Ich möchte geliebt werden → Roses à crédit → Orsova Noua 5: Epilog → FC Chechnya → Cemetery State → High on Hope → Gauragangur → Impasse du désir → Fado Celeste → Brunes et Blondes → The Killer Inside Me → Moy otets Evgeniy → Renouveler d'énergies aux Antilles → Ilha da Cova da Moura → Les enfants de Camerone → Earth Under Water → How Does David Lynch Do It? → Words of the Blitz → Angels on Death Row: The Ebrahim Hamidi's Case → Bad Boy Kummer → Malavoglia → Beli, beli svet → La vida sublime → President Sunyol → Manusi Rosii → Malta Force → Rock and Roll Stole My Soul → Verdronken land → Mascotas - La trilogía → 93: La belle rebelle → Oca → All we ever wanted → Captifs → Burma Soldier → Wir sind Gotthard → Sous la Burqa → Tajabone → Children of the Revolution → Au nom du Père, de tous, du ciel → Helsefabrikken → Five Day Shelter → Emil → Piran-Pirano → Todo lo que tú quieras → Goodbye Mama → La forêt des songes → Milano 2015 Exposed → Magic Hour 2 → Hora proelefsis → La Passeggiata delle Mura di Lucca (Carnet Filmé: 9 octobre 2010) → Chatroom → Rh11 → The Black Bay Sequence → La mitad de Óscar → Snuf de hond en het spookslot → Media Morphs: Conspiracy → Volga - venäläinen joki → The Tree → Gauguin à Tahiti et aux Marquises → À ciel ouvert → Divine → Thorne: Scaredycat → Wagner & Me → La isla → Solitær → Gola Zareen → Standing Army → La ruée vers l'Est → Die Stille der Unschuld - Der Künstler Gottfried Helnwein → Renn, wenn du kannst → De Nobelprijswinnaar → En attendant Godard → The Audubon Trilogy → Konferenz der Tiere → Bell Canto → Skills → Plug & Pray → Cheminots → Into Paradiso → The Homophobia Project → L'assedio di Canelli → Mi Pogolotti querido → Ombres Intérieures (Carnet Filmé: 10 décembre 2010 - 13 décembre 2010) → Behind Jim Jarmusch → Et Hollywood créa la femme → Plan B → Die 30 erstaunlichsten Berliner Straßen → Sommervögel → Blue Moon Rising → Kongo → De ziel van witgoed → Das rote Zimmer → L'autre Dumas → Terrestrials → Zimmer 202 - Peter Bichsel in Paris → Guru → Ensemble, nous allons vivre une très, très grande histoire d'amour... → Une exécution ordinaire → Peculiar Pets → Red White & Blue → NOKAS → Sentirsidire - Quello che i genitori non vorrebbero mai → El Problema, testimonio del pueblo saharaui → Jen → Ben par Ben → Pietro → Il ritorno di Ulisse → Deckname Cor - Das dramatische Leben des Max Windmüller → 18 comidas → Pablo de Tarso: El último viaje → Kuky se vrací → La mosquitera → Oh Fortuna → Dan Berglund's Tonbruket → Shades of Grey → Esquivar y pegar → Vincent Nordon, Roland Barthes et Ça/Cinéma (Carnet Filmé: 23 décembre 2010) → Qui a envie d'être aimé? → Alta infedeltà → Give Stigma the Index Finger → Stylus → Tournée → The Invisible Woman → Mega Mindy en het zwarte kristal → Hold om mig → Punk's Dead → Benvenuti al sud → Le Fear → Sei Venezia → Tom Toal: On the Scrapheap → Karla og Jonas → Find → With or Without You → Brim → Diciotto anni dopo → Revision - Apocalypse II → Erinnerungen an 'Väter und Söhne': Bernhard Sinkel im Gespräch mit Robert Fischer → Gnarr → Entzauberungen → Diary of a Bad Lad → Uncommon Beats: Portrait of the Drummer Gergö Borlai → Flesbek → Le Blues de la Nouvelle-Orléans → Huge → Carne de neón → Into Eternity: A Film for the Future → Gli anni verdi → Le ultime 56 ore → Cancer: The Forbidden Cures → Fishy Business → Fuerteventura → El Secreto de Whaken → Barcelona, abans que el temps ho esborri → Muumi ja punainen pyrstötähti → 22 mei → Wonder Boy → Locked In → Al Di Meola: Morocco fantasia → Epäilyksen varjossa - Elokuva Alpo Rusista → El kaserón → Hai paura del buio → Tjeskoba → Erasing David → Je ne vous oublierai jamais → The Guilty → Dead Frequency → Wir sind die Nacht → E o Tempo Passa → National Theatre Live: King Lear → The Turn of the Screw → Hetjur Valhallar - Þór → The Ratman and His Muses → Le secret de l'enfant-fourmi → Oi nymfes tou Hindu Kush → Fragments d'une révolution → Prying Eyes → Migration of the Belted Bonito → La daga de Rasputín → Shame → Schönheit → Un lugar para las Butter Cookies → Manchester United vs Aston Villa Football Club → The Guard → El Milagro → The End of the World Begins with One Lie → La voz dormida → Lost Christmas → Mrtvý autobus → Osmdesát dopisu → Gråtass får en ny venn → My Little Bess → Porocilo: Zbe → Manchester City Season Review 2010/11 → S.O.S. → 1920 Bitwa Warszawska → Any de Gràcia → Mineurs 27 → L'hiver dernier → Jack Falls → Work Hard - Play Hard → The Boy Who Was a King → La Fin du silence → Pater → Zones d'ombre → Desperate Measures → Kanske i morgon → Maaginen kristalli → El abrazo de los peces → Die verlorene Zeit → Les yeux dans les yeux → Beau rivage → I nemici del silenzio → Inbred → Liverpool Football Club vs Sunderland A.F.C. → Gaga by Gaultier → Hors Satan → Dusan Vukotic hrvatski oskarovac → Gibier d'élevage → Mother India → Les chants de Mandrin → 17 filles → Thomas Dekker: Niemand kent mij → Perro flaco → Kelling Brae → Der Landhändler - ganz ohne Gentechnik → The Prodigies → Westwind → Fotbollens sista proletärer → Fuga de cerebros 2 → Till Sunset → Din dragoste cu cele mai bune intentii → LoveMEATender → Tantra → Jean Douchet ou l'art d'aimer → Die Freiheit Des Menschen - Eine Wegskizze → Katsuni Castings Part 2 → Tom Meets Zizou: Kein Sommermärchen → Comandante Max → Dust: A Sculptor's Journey → My Long Distance Friend → Kong Curling → Gist → Much Ado About Nothing → Blissestraße → Nevinnost → Kop glebiej → Legenes krig → Kotlovina → Die Relativitätstheorie der Liebe → Der böse Onkel → Stretch → Die Tigerentenbande - Der Film → Shanghai Belle → Summer of Dreams → Andata e ritorno → Zoetrope → Wickie auf großer Fahrt → La fille du puisatier → Post Hoc → Das Weiterleben der Ruth Klüger → Abendland → The Betrayal → A menina da flor → Steven Seagal, la revanche du Catogan → Forces spéciales → Synergia → Without Gorky → Playoff → La ferme des Combeaux → National Theatre Live: Frankenstein → Seis puntos sobre Emma → Nothing But the Beat → Empire Me - Der Staat bin ich! → Mia fora kai ena... moro → Siberia Teaches a Trans-Siberian Rail Trip Story → Webcam → Fucking Different XXX → It's Not Always About Success → B.i.N. - Berlin im November → Morituris → Morir sense morir → Thravsmata → Ballet aquatique → Les enfants → Moscou Fashion Victime → Les adoptés → The Kindness of Strangers → Mais y va où le monde? → No Free Time → Maître du monde → Die Wahrheit der Lüge → The Forewarning → Tall Girls → ID:A → Ukraina. Tochka otscheta → Amy Winehouse: A Tribute → Unter Nachbarn → La sombra del sol → La mer à l'aube → Korak po korak → Affected → Bertsolari → Une nouvelle saison → Christian Dreadful → Harold's Going Stiff → La planque → Showreel → Somateio rakosyllekton → Tomorrow's Land → Labrador → Tim Robinson: Connemara → Daleko od miasta → Air Transport Auxiliary → Positively False: Birth of a Heresy → Noget i luften → Ocho → Auf der Suche → Berg Fidel → As You Like It → Living Colour → Dreamtimacy → Limes Germanicus - Auf den Spuren der Römer im Odenwald → Ecuador: Rainforest vs. Globalization → Vespa a History → Match 64 → Eaters → Anna → Vares - Huhtikuun tytöt → Sleepwalkers → Z milosci → Uwiklanie → King George VI: The Man Behind the King's Speech → Ray McAnally M'Athair → Luc Moullet (et Patricio Guzmán) à Manosque III (Carnet filmé: 4 février 2011) → MTV3doc: Öljystä uusiutuviin → Io e la mia sedia → Les neiges du Kilimandjaro → Les dessous de la lingerie → Roma fantastica → Final → Abgezockt II - Dei Vadder sei Arsch → Silvio Forever → Love.net → The Boy Mir → Bulla... Big Fat Gypsy Gangster → Eine ganz heiße Nummer → Les enfants de la balle → La guerre est proche → Io sono qui → Am Ende des Tages → Arthur Christmas → No lo llames amor... llámalo X → La passione di Laura → 170 Hz → Retrace → Ballet d'action → Missione di pace → Film pentru prieteni → The Girl with the Dragon Tattoo → Cinema Jenin: The Story of a Dream → Carnaby Street Undressed → Nobody Fucks Nico → Die Taktstürmer → Mali ljubavni bog → A Morte de Carlos Gardel → Daas → Ronal Barbaren → Nos veremos en el infierno → The Mirror Boy → Correspondances → Mis Quejas hacia Dios → Abschied von den Fröschen → Água da Atalaia → Scratch Music: Naissance d'un Art → Çürük - The Pink Report → Zone d'Ombre: L'affaire Thomas F. → Tous au Larzac → Beton → Video Nasty → Wolverhampton Wanderers Season Review 2010-2011 → Det er med hjertet man ser - om Ib Spang Olsen → Sinterklaas en het raadsel van 5 december → Q → Ristabbànna → Dreams of a Life → The Ledge → Jon, face aux vents → Dreamland: La terra dei sogni → United → Gena Turgel, MBE Interview → Wojtek: The Bear That Went to War → Beast → Around the World in 80 Years → El perfecto desconocido → L'homme qui cache la forêt → Armin Only: Mirage → Sur la planche → Skateistan: Four Wheels and a Board in Kabul → Ryoanji → Justice for Sale → No tengas miedo → Un baiser papillon → Untitled → Identites → New York Jazzed Out → Richard Galliano, La Strada Quintet → We Need to Talk About Kevin → Mediterraneo mare di vita → L'odore della terra → Sukupolvi → Che bella giornata → Unter Schnee → Iza ogledala/Behind the looking glass → Valdagno, Arizona → Swinging with the Finkels → Razend → Les branleuses → Jane Eyre → Glenmor l'éveilleur → Il se peut que la beauté ait renforcé notre résolution - Masao Adachi → Zwarte Soldaten → Emergo → Kyss mig → True Love → Angels of Rock 'n' Roll → Lasciando la Baia del Re → Jacques Leonard, el payo Chac → Opus K → The Four Year Plan → Ursul → Concrete Walls → Buenas noches, España → Unrated II: Scary as Hell → The Dreamer → La rouge et la noire → Die Welt des Anish Kapoor → Krleza → Coriolanus → Vacaciones crapulosas en Benidorm → Wunderkinder → Ironclad → La peggior settimana della mia vita → Mil cretins → Dov'è l'elefante → Lejos de Saint Nazaire → Interview with a Vampire → Largo Winch II → Demeni kokkini klosti → Implosion → Où va la nuit → Almanya: Willkommen in Deutschland → Fans de fanfares → Avé → Rose and Jasmine → Aprendices españolas → Mientras duermes → Dylan Dog: L'inizio → Heart of Blackness → Michael → Low Life → Quinze Pontos na Alma → Among Horses & Men → Sudan: History of a Broken Land → Fantasmi → Emily's Kiss → Hasta la vista → Julie → Jeg reiser alene → Pax → Louis Theroux: The Most Hated Family in America in Crisis → Il gioiellino → Kokkinos ouranos → Der Pakt mit dem Panda - Was uns der WWF verschweigt → I Superbiker → Lotus Eaters → La Danza de los Locos → Polnische Ostern → Voorbijgangers → The Stone → Liverpool Football Club vs Newcastle United F.C. → The Photographer: Inside the Mind of a Psycho → Desire Street → Little Heaven → À bas bruit → Elles → Living with the Tiger → Le fils du marchand d'olives → Wyjazd integracyjny → Closure of Catharsis → Sonny Boy → Trzy siostrzyczki trupki → Dossier Toroto → Exercices de disparition → 33 Zveri Ziemassvetku Vecitim → Everywhere and Nowhere → Y'a pire ailleurs → Mój biegun → Terror of the Killer Carnivorous Coat → LovePorn → Death of a Superhero → D.W. Griffith et le loup → Atmen → Fan des Beatles → In der Welt habt ihr Angst → Pierre Schoendoerffer, la sentinelle de la mémoire → Sex Equo → Mirrors for Princes → Hyvä poika → Peter → Die große Passion → Gegengerade → Femmine contro maschi → Headlock → Puzzled Love → El callejón → The Thrill of a Kill → The Caller → Quando Pedro volava → Einer wie Bruno → Alarm am Hauptbahnhof - Auf den Straßen von Stuttgart 21 → Mercado de futuros → On the road again, le cinéma de Bouli Lanners → Manuale d'am3re → Over Canto → Audience → Lint the Movie → L'île → The Ambassador → Bob Marley: The Making of a Legend → Ap' ta kokala vgalmena → La vie est ailleurs → Cinco metros cuadrados → Verdens bedste kok → Au pair → Mijn opa de bankrover → Hoppets hamn → Superman: Requiem → The Libertines: There Are No Innocent Bystanders → Blaue Stunde → Nager ; comme si c'était hier → The King of Luck → The Length of Spring → Yama No Anata → Blue Bird → Der Sandmann → Przystanek dla bocianów → Trobadors, un voyage occitan → W imieniu diabla → Diexodos → Lovemakers → Luz de mar → Walk Away Renee → Soif de pub: Les Lions de Cannes 2011 → Iris → Albatross → Misty Clouds → Ledo vaikai → Stoppa Smash! → The Italian Key → Praktican vodic kroz Beograd sa pevanjem i plakanjem → Si l'histoire la télévision m'était contée: des pionniers aux créateurs → Break My Fall → Bittere Kirschen → Corpo celeste → Quem Vai à Guerra → The Lovers' Guide: Igniting Desire → We Have to Do Something → 4Ever → L'anabase de May et Fusako Shigenobu, Masao Adachi et 27 années sans images → Spirit of Bangkok → Rememberemember: Wilson's Waco, Watermill, World → Pizza Maffia → Vromikos syndyasmos → Todas las mañanas → Maria XXX → Fairy Kings: If Trees Could Talk → R.I.F. (Recherches dans l'Intérêt des Familles) → Les tribulations d'une caissière → Scialla! (Stai sereno) → Jeanne captive → Die Vaterlosen → Sulla strada di casa → Coeur d'automne en Bourgogne (Carnet Filmé: 14 novembre 2011 - 25 novembre 2011) → Závod ke dnu → Zahia Ziouani, une chef d'orchestre à Paris → Arsenal vs Barcelona → Soi Cumbio → Stories from Lakka Beach → Maraton tanca → Re-Evolution → Total Detox → La clé des champs → Vlyublennye v Kiev → Los Ulises → Licínio de Azevedo: Crónicas de Moçambique → Almost Married → Hitlerstenen - en märklig affär i krigets skugga → Notre paradis → The Hunt for Tony Blair → Der Weg des Ruhms → Making It in Hollywood → The Bosnian Pyramids: The Biggest Hoax in History? → Blitz → Het varken van Madonna → Coming out po polsku → Manchester United vs Sunderland AFC → Le tableau → Zwei Donuts schlagen zurück → Là-bas - Educazione criminale → Road to Wacken → Le château des mineurs → Famille → So weit und groß - Die Natur des Otto Modersohn → Milano 55,1. Cronaca di una settimana di passioni → Les Feux Arctiques → Biagio Izzo: Una pillola per piacere → Dans les pas de Marie Curie → Ein Tag, eine Nacht und ein bisschen Morgen → Sohnemänner → Des Teufels Kinder → Il silenzio di Pelesjan → Carte Blanche → Innocent Crimes → Il giorno in più → Solo sino pa'que → Aus dem Tagebuch eines Vaters → Once Upon a Time in the East → Mennonites, alone in paradise → Gabriel → Russland - Im Reich der Tiger, Bären und Vulkane → Vares - Pahan suudelma → Unwelcome → Woodcote: Evidence of a Haunting → Tarkastaja → Oi ippeis tis Pylou → Le corps du métier → Italiani → Poulet aux prunes → Stadt Land Fluss → The Great Croton → L'industriale → Der Preis → Roskisprinssi → Warm Butter → Oscar → Le centre Pompidou traversé → Hollywood Talkies → Kokowääh → L'amour dure trois ans → Villa Captive → Brand - Eine Totengeschichte → Jelger de Goochelaar en de jacht op de Juwelendief → In the Belly of a Whale → Bora Bora → Sotto il vestito niente - L'ultima sfilata → Women and Children → French Comics: Les super-héros dans l'hexagone → Jak sie pozbyc cellulitu → Punaisen metsän hotelli → The Wheelers → Benvenuti a Fuocofatuo → Groenten uit Balen → Prince William & Kate: The Royal Romance → Festung → L'orpheline avec en plus un bras en moins → Cristiano Ronaldo: A Segunda Bota de Ouro → Kaskö → Kings & Queens → Tanti → El vuelo del tren → Adam Chaplin → Chelsea End of Season Review 2010/11 → Generace singles → I guerrieri del dragone → Am grossen Wannsee: The Wannsee Recordings → Nawiedzona Polska → Small Creatures → Knerten i knipe → Wolverhampton Wanderers vs West Bromwich Albion → La langue de Zahra → Lucien Bonaparte, le frère rebelle → Dans les Abattoirs → Balla con noi - Let's Dance → La mia bandiera - La Resistenza al femminile → Czech-Made Man → The Long Hope → Fahr zur Hölle → The Look → Loverboy → All Stars 2: Old Stars → Homo Ludens - eller 7 kapittel frå eit rastlaust liv → Die Unsichtbare → One O One → Meerkats 3D → Weekender → Les bien-aimés → Das schlafende Mädchen → The Hunt for the House on Cuckoo Lane → 148 Stefano: Mostri dell'inerzia → I nostri anni migliori → Dschungelkind → Il cuore grande delle ragazze → Rules of Single Life → La terra negli occhi → El último magnate → A scuola di libertà → White Admiral → Ma Kelly Goes to the Games → Al final del túnel → Papagordo. En casa de Raimundo Amador → Bastardi II → Jäämarssi → Melancholia → En ville → The Silver Goat → Dead End → Deep Purple: Live at Montreux 2011 → Gérard Courant analyse Le Filmeur d'Alain Cavalier (Carnet Filmé: 11 janvier 2011) → Visions: Ubuntu → Living the Dance → Escuchando al juez Garzón → Promised Land → Un heureux événement → Alien Armageddon → Deadmau5 Live @ Earls Court → Emma Dante - Sud Costa Occidentale → Heimat → Mike → Hollywood Invasion → Trabalho de Actriz, Trabalho de Actor → Between the Canals → La mer à boire → Mon père est femme de ménage → La guerre est déclarée → The Kingdom Behind the Scenes → All'ombra del conformista → Ruggine → L'Ivresse d'une Oasis → Cremation of an Ideology → Indian Summer → Roger Laporte, la clairière et le refuge - Leçons sur Heidegger → The Kingham Hill Project → Un amor perfecto → Bulb Fiction → Stil levend → Ushima Next → Jean-Noël Mirande filme Cinématon (Carnet Filmé: 21 juin 2011 - 22 juin 2011) → Impardonnables → 1395 dana bez crvene → Colom i la Casa Reial Catalana → Gränsen → The Prodigy: World's on Fire → AUN: The Beginning and the End of All Things → Kyteman - Now What? → Circus 3D → The Crisis of Civilization → Escalade → La cara oculta → Les contes de la nuit → Totem → Golden Brown → Duhozanye: The Widows of Rwanda → Black Day → Gangster Project → Retreat → Derrière les murs → Quebrando o Tabu → Johnny English Reborn → My Week with Marilyn → Ibiza Occident → My Little Princess → Premier League Soccer Goals of the Season & Season Review 2010/11 → El cuaderno de barro → La nuit de la possession → The Preening Swan → Der Papst ist kein Jeansboy → Prawdziwy koniec zimnej wojny → Viimeiset Olkiukot → Anamorphosis → Honk! → Mondo Lux - Die Bilderwelten des Werner Schroeter → Dans la tourmente → Marhulový ostrov → Chez Gino → Hollow → The Honey Killer → Into the Woods → Mama Africa → Duh babe Ilonke → Tiger Eyes → Frontman → Luc Moullet (Eric Pauwels et Jeon Soo-Il) à Manosque I (Carnet Filmé: 1 et 2 février 2011) → Diagnosis Superstar → Weekend → Sopra e sotto i mari → Die Jungs vom Bahnhof Zoo → Vioi Agion → Le voyage extraordinaire → Voces desde Mozambique → Man at Sea → Bitchville → Augen zu → Children of 9/11: Revealed → Writing on the Wall → One More: A Definitive History of UK Clubbing 1988-2008 → One Hour to Die → Tinker Tailor Soldier Spy → Sapila xeftila tekila → Zalichavane → End Roll → Liverpool Football Club vs Stoke City F.C. → Il cuore in mano, i piedi sulla strada → Argo → Liverpool Football Club vs Arsenal Football Club → Mörkt vatten → Cockneys vs Zombies → Katinoula → Flukt → Match, l'album des Français → One Man Riot → Silent City → Imagine → Le cose belle → Qué pelo más guay → La danza es magia → Meeting Shakespeare → Manchester City Heeft De Cup → Himself He Cooks → Kad svane dan → Bernard Bovet le vieil homme à la caméra → Dictado → Cash 'n' Paisa → Foxfire → Far til fire: Til søs → 20 anni → Valter → Holmes & Watson: Madrid Days → Impepata di nozze → Labyrint → Tutti i santi giorni → Berlin Dance Battle 3D → Kuningas Litmanen → Who We Are → Bergleben → Flying Blind → Manchester United vs Fulham F.C. → Blondie → Here Comes the Summer: The Undertones Story → Tevas → Bar25: Tage außerhalb der Zeit → La terre amoureuse → Il pasticciere → Bayo → Love's Labour's Lost: Performed in British Sign Language → Si caii sunt verzi pe pereti → Diana Princess of Wales: A Celebration of a Life → El sexo de los ángeles → De l'autre côté du périph → Dublin 47 → Oblawa → Mystic Fighters → Mobile Home → Sin Reaper 3D → Camille redouble → I Am Dallas Malloy → Joint Enterprise → Larisa empisteftiko → Hodsch Und Ich → Out of Africa: The Contribution of African Footballers to Professional Football in the UK → No Place on Earth → My Brother the Devil → La cripta de las condenadas: Parte II → Bellicher: Cel → Nr. 7 → Home → Vanilla Ice Archive → Vive Dubaï (Carnet Filmé: 10 décembre 2012 - 13 décembre 2012) → Fuckmybeatz: Nightlife in Frankfurt → Caza Inocentes Vol.5 → Tie pohjoiseen → Muj vysvlecenej denik → L'innocenza di Clara → I Am Nasrine → Patience (After Sebald) → Rapid Response Corps → Outing → Byc jak Kazimierz Deyna → Idõugrók 2 - Alternatív jelen → Turysta → Good as You → Domingo à Tarde → After Death → Kern → Way of the Monkey's Claw → My Brother's Keeper → Der Wandler → Gebo et l'ombre → Banderas falsas → Fragmentos de Brand → L'enfer vert des Bretons → Hitchcock → Risto Räppääjä ja viileä Venla → Kirikou et les hommes et les femmes → China: A User's Manual → Un plan parfait → Soif de pub: Les Lions de Cannes 2012 → Ladies' Turn → The Comedian → Dans quelle forme êtes-vous? → Rybacy → Varesesaare venelased → Veliki dan → On the Border → Holy Motors → Amour → Dai pulcini di Quarantotti alle comete di Visconti → Freddy vs. Jason 2 → Miel de naranjas → Erlesene Welten - Hungry Minds → Ballerina → Cronaca di un assurdo normale → Les Kaïra → Les saveurs du Palais → La cripta de las condenadas → La tête la première → ¡Atraco! → Al Murray: The Only Way Is Epic Tour → Kotona kylässä → The Man Inside → Miracle Grow → Balkan Melodie → The Seasoning House → Stoichkov → Annelie → The Dinosaur Project → Presos con causa, 1936-1978. Abrir las puertas de la Historia → Born and Bred → Süßes Gift - Hilfe als Geschäft → Art of Conflict → Danse la danse, Nacho Duato → Una pistola en cada mano → The Wedding Video → L'archivio a oriente → Die Lebenden → Tottenham Hotspur Football Club vs West Bromwich Albion Football Club → Bellas mariposas → Tuti Island → Sabbia e ferro → O Fado da Bia → Reconversão → Jürgen Klopp - Die Seele des Meisters → Riot on Redchurch Street → Lo imposible → Sapphic Traffic → Småstadsliv 4 - Men det skiter man väl i → Carmina o revienta → I Am Gay and Muslim → Taped → What Richard Did → Når boblene brister → Dragooned → A Vingança de Uma Mulher → La cité rose → Motel Girls → De Mega Mindy Show → Bloody Lip → De Van Waveren Tapes → Ve stínu → The Liability → Let Me Try Again → Nahrani me z besedami → Mr. Teddy → Anatomie van een moord: complexiteit van een familiedrama → Adventures of the Penguin King → Dirty Window → Betsy & Leonard → Müll im Garten Eden → Il secondo tempo → Interview with a Hitman → The Limelight → Monicelli: La versione di Mario → Me and Me Dad → The Seismic Sense: How Animals Predict Earthquakes → The Rise and Fall of The Clash → Crawl → Railway Children → Sansara: On the Road → Zagrebacke price vol. 2 → Cesare deve morire → Red Lights → Lilla Anna och Långa farbrorn → Vatertage - Opa über Nacht → The Human Scale → Sodoma... L'altra faccia di Gomorra → All'ultima spiaggia → En mors kamp for et normalt liv → Move to Move → Kauwboy → Cannibal Diner → Le monde doit m'arriver? → Tacno u Centar: Bullseye → MS One Zero One → Messner → Tortoise in Love → Aujourd'hui → Weißes Blut → Baudelaire's Women → Kapringen → Tel Aviv Live! → La valle del diavolo → Kin → Dormi trezeste-te → Eine Art von Normalität: Markus Schleinzer über seinen Film 'Michael' → Blancanieves → Once Upon a Life → Keep on Burning: The Story of Northern Soul → Offender → Skin in the Game → Recoletos (arriba y abajo) → Planet Ocean → Salah Sermini explique et analyse les Cinématons à Dubaï (Carnet FIlmé: 15 avril 2012) → Härmä → Matavenero: el Pueblo Arco Iris → Hôtel → The Dream Journal → Azoren 3D: Auf den Spuren von... Entdeckern, Walen, Vulkanen → Ici-bas → Mediterranean Blue → Das Ding am Deich - Vom Widerstand gegen ein Atomkraftwerk → Verloren in Dolores → Liverpool Football Club vs Reading F.C. → Wine the Green Revolution → Common Ground → The Package III: Deadfire → Tutto parla di te → El Bosque Zurdo → Aida → Tom le cancre → Dha Chuirt → The Days Inbetween → Hypnotisören → L'uomo doppio → Are You Ready to Be → Hampi: Valley of the Kings → Tzvetanka → Treto poluvreme → The Angels' Share → Ausgerechnet Sibirien → The Changing Face of the Railways → Omamamia → Dom Zauvijek → Gegenwart → L'air de rien → Modified → Den skaldede frisør → Zettl → Gdzie diabel mówi dobranoc → I Sign, I Live → Dylan Dog: Il trillo del diavolo → Lilet Never Happened → Sayome → Djeca → Les six saisons → The Noise of Cairo → Newcastle United vs Manchester United → Fragments of Kubelka → Une nuit → Carnet de Dubaï Hiver II: Errances aquatiques (Carnet Filmé: 8 décembre 2011) → Una famiglia perfetta → Sven & Visdommen → Sem Abrigo → Syrsor & Cigaretter → Juoppohullun päiväkirja → Over the Wall → Fast Girls → Petey & Ginger → Making Off → The Act of Killing → Haunted Land → Sinivalkoinen valhe → Trickster → Connected → Crossing Borders → Journal de France → Outpost: Black Sun → Melina - Con rabbia e con sapere → Alla är äldre än jag → Líbás jako dábel → A Última Vez Que Vi Macau → Absolventi Sloboda nie je zadarmo → Electric Burma → Jordi Dauder, la revolució pendent → Dance Off → Et forbandet år → È solo questione di punti di vista → Als je verliefd wordt → WWW. → Ward 3 → Prikrita skrivnost → Nichts als die Wahrheit - 30 Jahre Die Toten Hosen → Inkognitiv → Aurora → Down in Brandenburg → Liverpool Football Club vs Manchester City F.C. → Chaika → Operación E → The Final Call → Dave → Sob o Olhar Silencioso → L'enfant d'en haut → The Making of 'Pusher' → Status of Life → Village at the End of the World → Il leone di Orvieto → Els nens salvatges → La memoria rebelde → Blues → Audre Lorde - Die Berliner Jahre 1984-1992 → Halo Effect → We Are Poets → Babygirl → Tower Block → Al Pereira vs. the Alligator Ladies → Dans for mig → Silent Youth → Premier League Everton vs Liverpool → Tagikaks → Day of the Flowers → La marée était en vert → Soukromý vesmír → Live to Be a Hundred → Captive → Agent Ranjid rettet die Welt → Dziewczyna z szafy → La vie d'une autre → Invasion → The Last Graffiti Show → Il colore del sale → Mark Lombardi - Kunst und Konspiration → Svatá Ctverice → 12+1, una comedia metafísica → Was weg is, is weg → Cendrillon au Far West → Mommy Is Coming → Yangon Calling → San Agustín: Marea baja en el mar del plástico → Zelená púst → The World of Hemingway → Sins Expiation → Silver Case → Jagten → I Superbiker 2 - The Showdown → Chauya Chauya - A Risky Life → Fascination Rainforest 3D → Holocaust: Out of Mind? (Holocaust Light - Gibt Es Nicht!) → Sort kaffe & vinyl → Some Must Watch, While Some Sleep → Tom's Video → Marley → Patricia → Emboscats. Memòria d'una geografia secreta → Guilty Movie → Couleur de peau: Miel → Evelyn → Königin → Estrada de Palha → The Harsh Light of Day → Männer zum Knutschen → A Quiet American: Ralph Rucci & Paris → Big Love → Apo tis dyo plevres tou Aigaiou: Diogmos & antallagi plithysmon, Tourkia-Ellada, 1922-1924 → Bienvenue parmi nous → L'opéra du bout du monde → Glastopia → Transformacja cz. 1 - NEP, TRUST i gluchoniemi slepcy → El Gran Dragon → Uno di noi → Spike Island → The Successor of Kakiemon → Cleanskin → The Fourth Dimension → Djúpið → Le fils de l'autre → The Door → Enrico Lucherini: Purchè se ne parli → Kasperletheater 3D - Kasperle und der magische Besen → Day and Night → Lawinen der Erinnerung → Lotte Reiniger - Tanz der Schatten → City of Dreamers → Zlo → Lui non esiste → Cvjetni trg → Äta sova dö → PS9 Wild Series: Correspondency from the Wilderness → Carnaby St. the Soho Backstreet That Spawned the Swinging 60s: Part 2 → Buenas noches, dijo la Señorita Pájaro → Das Kreuz mit der Liebe → Reality → Possession → Der Tag, an dem es zu viele Menschen gibt → What About Columbus → I Am Kombi → Cello Suites: In den Winden im Nichts → Madres bajo la piel → Pénélope → Ein Versprechen → Les papas du dimanche → The Summit → Muri → Schatzritter → In Search of Haydn → Dream & Deed → Paul Bowles: The Cage Door Is Always Open → Forbidden Voices → Bob Wilson's Life & Death of Marina Abramovic → Trois mondes → Uma Fazenda Maluca: Queijo de Cabra → Le magasin des suicides → Cyrano de Bergerac → Cigáni idú do volieb → Koyto tragnal e sam... → Die Sprache des Körpers → Balkan Nordic Film Festival → Marathonman 365 → Camp 14: Total Control Zone → Ombline → 1+8 → La vita è arte → Kovasikajuttu → The Knot → Decay → Insensibles → Mawsem Hisad → More Than Honey → Tottenham Hotspur vs Wigan Athletic → The Secret Life of the Rainforest → Over kanten → The Corpse Grinders 3 → Zdjecie → One Mile Away → National Theatre Live: She Stoops to Conquer → Vacuum → Odpad mesto smrt → The Losing Hand → Kaminnyy gost → Un temps autre → Ende der Schonzeit → Mémoires de Civils → Les mouvements du bassin → Markova ulica → Cycle → The Hunt → Blodspår → Les coquillettes → Pourquoi Nous! → DonT Stop → AC/DC: Dirty Deeds → Ho Ho Ho 2: O loterie de familie → Citadel → Wirtualna wojna → Suite anglaise → As pik → Sex Story: Fifty Shades of Grey → The Foreigner → Little District → Moz s krokarjem → Taken 2 → Ta glyka oneira tou Mustafa → Aziz Ayse → The Bullseye Killer → L'amore è imperfetto → L'ultimo pastore → Spanien → Kathleen Ferrier → Alone → The Attic → Signál → The Sweeney → Love Bite → Sean Banan inuti Seanfrika → Slottsvakten 1945 → Janosch: Komm, wir finden einen Schatz → Punk in Bonn: Der Film → Pistolet, Kufar i 3 smurdyashti varela → Paris 60 → Mission Africa → Bella addormentata → I Am in Space → The Place We Left → Puppe, Icke & der Dicke → Til ungdommen → Praschan Requiem → Grimas → We → Stalingrad Lovers → Klänge des Verschweigens → Ustanicka ulica → An... → Adieu Berthe - L'enterrement de mémé → Pojktanten → Bologna Football Club 1909 vs Calcio Catania → Turning → Detlef - 60 Jahre schwul → Alice im Land der Hoffnung → Kalimera, kyrie Marsal → Brasov: Probably the Best City in the World → El despertar de les places. Un any de 15M → Pauline détective → Journal d'un montage → Casa Nostra → Cats and Trees → Encierro 3D: Bull Running in Pamplona → Ouf → Maniac → La leggenda di Kaspar Hauser → Poeta en si Mayor → I Love You Like a Twist → Un consiglio a Dio → Gaffelbarn → Nous York → Demons and Doors → Sporting Heroes - After the Final Whistle → Slave → Annamaura → All About Ava → Regression Post Panic Film → Mit Afghanistan: Livet i den forbudte zone → Negative: Nothing - Step by Step for Japan → Class of 1943: Remember Us When We Are Gone → Grenzgänger → East Punk Memories → Gallino, the Chicken System → ZON North Canyon Show 2011: Nazare Calling → Zeit der Olive → Banaz: A Love Story → Zimmer 34 → Circuito chiuso → Oltre il filo → À perdre la raison → A Liar's Autobiography: The Untrue Story of Monty Python's Graham Chapman → How Much Further? → Kvarteret Skatan reser till Laholm → This Is Not a Dream → Le corps d'une femme → Notes from the Underground → Silver Lands. The Chronicles of Carpatho-Ukraine 1919-1939 → J'ai rêvé d'une grande étendue d'eau → Bilderberg'$ Club → Cuba, Batista et la mafia → Eastalgia → Jail Caesar → Mi manca Riva → Do Not Disturb → U.F.O. → Fascination Coral Reef 3D: Hunters & the Hunted → The Ultimate Climb → Hard Stop → Vares - Pimeyden tango → Ljudozder vegetarijanac → Dépression et des potes → Mes uz... Lietuva! → Kaddisch für einen Freund → An Evening with Leon & Lightfoot → Lazarus Mirages → Cielo e sabbia → Un voyage immobile → Rodicas → Victimes → La bande des Jotas → Only Human → Les étés du Montbellet → Baka: A Cry from the Rainforest → Grupo 7 → The Last Art Film → Cold Blood → Becoming Sophia → Run for Your Wife → Ebrei a Roma → Art of Darkness → Scorie in libertà - L'incredibile avventura del nucleare in Italia → An Bhean A Shiúil Trasna Mheiriceá: The Woman Who Walked Across America → Portrait of a Zombie → L'Assedio → Kalla ingenting försent → The Prisoner → Les seigneurs → 3: TRIÚR - Ag Cuardach Crot Ceoil - In Search of Musical Form → Alleine Tanzen → Manchester United vs Queens Park Rangers → What Is Love → Das Rohe und das Gekochte → Tierra sin mal - Ivi Imarae → El artista y la modelo → Dreamtime Revisited → Vara asta → Alleen in de wereld → Stud Life → Prílis mladá noc → Life Span of the Object in Frame → Annemarie Schwarzenbach Duende → K3 Bengeltjes → Noor → We Went to War → Paulette → Imaginaerum → Saunavieras → Ethnicus → Scherp → Noseland → Lockout → Idõugrók - Sötét Jövõ → Misterioso asesinato en la universidad → Stalker → Una vita in vendita → Snabba cash II → Barrura begiratzeko leihoak → Auf den zweiten Blick → Generació Pegaso → Il gioco degli specchi → Beethoven for All → London Stories → Pura vida - The Ridge → Hans Kloss. Stawka wieksza niz smierc → Ritratti di surf → Cocktail → Hvidsten gruppen → Télé gaucho → Nomer 1000 → La fleur de l'âge → How to Sell a Banksy → Vibrato → Jacob's Hammer → Splash Area → We are like Oranges → Pharmakon → Schutzengel → Boys on Film 8: Cruel Britannia → Les roses noires → L'étoile du jour → Sono tutte stupende le mie amiche → Dragan Wende - West Berlin → The Making of Jesus Christ → Aima → Associés contre le crime: L'oeuf d'Ambroise → Avise la fin → En kongelig affære → L'âge atomique → Tini nezabutykh predkiv. Tayemnytsi molfara → The Valley of the Jato → Oboroten v pogonakh → The Majestic Life of Queen Elizabeth II → The Last Exorcism Part II → The Best Years of Our Lives → Projections → Au bord du monde → Inside Piano → Lost in Vienna, Austria → We Are Northern Lights → Two Raging Grannies → Boi: Song of a Wanderer → Watermarks: Three Letters from China → Gregory Frateur, Up Front → La marque des anges - Miserere → The Battle of the Sexes → Anna: Scream Queen Killer → Oasis → Los ilusos → Salpa → Shooting Bigfoot → The Farewell → Ekspeditionen til verdens ende → Domnisoara Christina → Mon âme par toi guérie → Lil Wayne: Rap Sheet → L'amour est un crime parfait → Angkor redécouvert → Carnívoros → The Callback Queen → Winning Ugly → Séptimo → Paradies: Hoffnung → The Orchard → Hometown → Borderlands → Ta hronika tou Drakofoinika: Adamastos → A Vida Invisível → La mia Thule → Géographie humaine → Nicki Minaj: Pink Planet → Le dernier film de Jess Franco → Halbschatten → Houston → Daglicht → La cavale blanche → Fonzy → Une plage, un concours, une cérémonie et Zoé Chantre → Fred Lyon: Living Through the Lens → World Natural Heritage Costa Rica: Guanacaste National Park → Elegie dall'inizio del mondo: Uomini e alberi → La prima neve → Rope of Solidarity → Ana Ana → Le Cahier de Susi → Passer l'hiver → The Cosmonaut → Impirioso → Tatto Love → Lustlands → Vila Roza → Encounter with a lost land → La grande boucle → The Sea → Hemma → Abus de faiblesse → Coral Reef 3D: Magic of the Indo Pacific → Otchuzhdenie → Christmaz → Love Eternal → Dementamania → Would You Die for Me? → Legacy of Merz → Transformacja cz. 2 - Zmienna linia Partii, III wojna swiatowa i raport lokomotywy → Weltuntergangspremiere → Bingo → National Theatre Live: People → The Randomers → Once Upon a Holiday → Il mondo fino in fondo → Ecce Terra (Carnet Filmé: 11 avril 2013 - 14 avril 2013) → Rona & Nele → Ring of Faith → Ein Stück Wahnsinn → The Outer Edges → The Book Thief → Soof → Vis-à-vis → Mirage Men → Landes → Event of the Year → Une villa à Los Angeles → App → Delight → Inside the Mind of Mr D.H.Lawrence → Lovely Louise → The Big Reunion Live → SouthWest End → Majubs Reise → Obra 67 → Hichestan → Gautier Capuçon et Yuja Wang → Les âmes dormantes → Manchester City F.C. vs Tottenham Hotspur Football Club → The Sixth Day → Els records glaçats → D'arbres et de charbon → Le nouveau locataire → El Árbol Magnético → Losers → 1960 → Les marches de la liberté → The Dying Eye → Die Ostsee von oben → Il terzo tempo → The Miracle of Life → Third Falcon → Beerland → Exorcist Chronicles → La fille publique → Falsos horizontes → Amour & turbulences → Tavarataivas → Kokowääh 2 → Vidste du at... → We Are Modeselektor → Fanny → Egypt 3D → Diamantes negros → The Man Behind the Throne → Alpha → Open Access → Losejas → Chez Nous → Wu Xia Pian - Le Festin du Tigre Chinois → I Will Be Murdered → Vampire Guitar: A High Vaultage Adventure → Newcastle United Season Review 2012-2013 → Let Me Survive → September 11: The New Pearl Harbor → Will Work for Free → All the Little Things → The Lobito → I livets slutskede → O ouro do tempo → Zwei Mütter → Tubular Bells: The Mike Oldfield Story → Parade → A Field in England → Uranes → Frits & Franky → The Return of Elias Urquijo → World Natural Heritage Columbia: Malpelo National Park → Jappeloup → Echolot → &Me → Holanda del sol → Cantes da Terra Chã → L'harmonie familiale → Bob et les Sex Pistaches → Piratas y libélulas → The Wonderful World of Bill Maynard → Hollows Wood 3D → Sickfuckpeople → Flake and Flames → Investigación policial → Vers 2009: La Légende de Saint Julien L'Hospitalier → Io sono nata viaggiando → Travel Breakers → De Tijd Daarna: The Time There-After → Un voyageur → Alles was wir wollen → Môj pes Killer → Esterno sera → On Safer Ground → Ida → Zhivot pochti prekrasen → La festa → Donsajni → The New Wines of Greece → The Power of Soul → Adormidera → The Condemned → Les gamins → One Minute for Conductors → La religieuse → Suitable → Only Lovers Left Alive → Valetti. Il campione dimenticato → Zagonetni djecak → Rubinrot → The Native Hue of Resolution → Microtopia → Freier Fall → Chimeras → More Than Friendship → Behold Me Standing → Newo Ziro → Låt mig få höra om Jesus → Vojna akademija 2 → Att skiljas → Miluj ma alebo odid → Manic Pixie Dream Girl → A Day in the Life of a Dictator → L'intrepido → Bajarí → Straub Godard: Nordon se rebiffe (Carnet Filmé: 26 décembre 2012) → Solvay: 150 ans d'histoire → Mocito Feliz El famoso desconocido → Le renard jaune → I Tarantiniani → Como todas las mañanas → Mi rifaccio vivo → Vendetta → Todas las mujeres → Dreams & Pieces → La noche de las calendas griegas → The Zombie King → Velká noc → Liverpool - End of Season Review 12-13 → Ömheten → Something You Can Call Home → Tangentspilleren → Bullet for Heydrich (The Czech Century) → XL → Ich fühl mich Disco → Dutch National Ballet Gala → Venezia salva → Etudes pour un paysage amoureux → Una vita da sogno → Atlas → Tempo vivo tempo morto → Eclosión y evolución del fanzine de genero en España → Hoe duur was de suiker → Boys with Broken Ears → Neverending Summer → Trugschluss → Vom Glück der Kühe → The Second Wave → Exit Marrakech → 2 automnes 3 hivers → Nymphomaniac: Vol. II → Esto no es una cita → Dritter Mai zwischen den Nudeln → Gone Back → Tarok → The List → Eros → Otis Redding: Soul Ambassador → Die Zeit vergeht wie ein brüllender Löwe → Wakker in een boze droom → Smanderoon: With a Vengeance → Poetins Olympische droom → Experience Montreux → Temporary Road - (una) Vita di Franco Battiato → Kopfüber → L'incertitude des choses → Beat Girl → Elton John: In Concert → Papusza → Kilimanjaro → The Stone Roses: Made of Stone → Balos Masticha → Pelle Politibil på sporet → Le prochain film → Pierre Rabhi au nom de la terre → Xmas Meier → The Irish Pub → The Young and Prodigious T.S. Spivet → Never Die Young → Fire in the Night → The Last Tape → Lando Buzzanca. Uno nessuno e centomila → Sitting Next to Zoe → DramaConsult → The Spirit of '45 → Einmal Hans mit scharfer Soße → Real Playing Game → I ljus och mörker Live → Report 51 → Il sud è niente → Alceste à bicyclette → Gudu → Siegfried starb an vielen Quellen → September → Gangster of Love → Young, High and Dead → L'autre monde → Boule & Bill → The Minnitts of Anabeg → The Gun, the Cake and the Butterfly → The Library → Exhibition on Screen: Vermeer and Music → Michael Palin in Wyeth's World → La nature d'Antoine → Frauen leiden anders, Männer auch → Sono un pirata, sono un signore → Frankie Fraser's Last Stand → Lécba dejin → Doonby → Tappava talvi → Meeres Stille → Demi-soeur → Pauvre Richard! → Kullaketrajad → Ich sehe was, was Du nicht siehst: Burnout Depression → Sur la voie → Train Time → O profitis → The Merchant → Cerro Torre: A Snowball's Chance in Hell → Invasion Ireland → Zurück auf Ende → Jeune et jolie → Joséphine → Panzer Chocolate → De Fil en Aiguilles → Twelfth Night → Family Tour → #Realmovie → Held Hostage: The in Amenas Ordeal → White Screech → Ulay → Get Lucky → Nymphomaniac: Vol. I → Istintobrass → Controra → I teleftaia farsa → Bianca come il latte, rossa come il sangue → Piensa, Observa y Respira → Diciannove e settantadue → La migliore offerta → Le passé → El Retratista → Gare du Nord → Ajomies → I AM Hardwell Documentary → Le Prince Miiaou → Mandela: Resistance → Otto er et næsehorn → La plaga → Viaggio sola → Marcos, el lobo solitario → Miss Violence → Quod erat demonstrandum → La gran familia española → Escóndete → Arsenal vs Napoli → Journey to Jah → Georg Baselitz → Né quelque part → City Tour → Chuppan Chupai → Jumalainen valo - Leonardo da Vilhu → Je suis supporter du Standard → Sangue → Skytten → Utopia → Adamshoffnung 112 → Elvira → Buongiorno papà → Life in Paradise - Illegale in der Nachbarschaft → Une Vie Faite Homme → La ruée vers l'art → Rock and Roll Fuck'n'Lovely → Sølvtråd → Océane → Exodus → Um fim do mundo → Tu seras un homme → Zázrak → Ekopolis → Roughcut → Notre Dame des Landes: La révolution verte → Nezné vlny → Vacanze al mare → Rosarno → Rock and Roll's Greatest Failure: Otway the Movie → Cayuco → A 2nd generation film → Hanni & Nanni 3 → Les interdits → Matterhorn → Luca, l'évangile d'un homo → L'Escrime Medieval → Herbstflattern → Third Person → FM Einheit & Irmler: Live at Berghain → Vojta Lavicka: Nahoru a dolu → Puppylove → Swing → Cuarta sesión → Road to Wembley - Die UEFA Champions League Saison 2012/2013 von Borussia Dortmund → Ganja Fiction → Bobô → Vägarnas kungar → Wild Duck → Barbaric Gentlemen → It Is in the Sky → La mossa del pinguino → La cage dorée → Phantom → Il treno va a Mosca → Mon père, la révolution et moi → Il venditore di medicine → The Tree and the Swing → Attila Marcel → Terapie pentru crimã → F 63.9 Bolezn lyubvi → Potato Vampires → Hello Carter → The Stuart Hall Project → En ningún lugar, Don Luis Buñuel → Lino Miccichè, mio padre - Una visione del mondo → A Common Enemy → Kekkonen tulee! → Koan de Printemps → Broken Silence → Assistance mortelle → Au bord du vide → Follow → Lombard → The Good Man → Vigilo el camino → Drive in Holy Motors → A tartótiszt → Valentino → Each Flavour Is a Journey → The Double → Trêve → Studio illegale → Pokalbiai rimtomis temomis → Tode Ti → Hlyab i zrelishta → Le Khusthi et Kabadi au Punjab → Those for Whom It's Always Complicated → The Samuel Coleridge-Taylor Story → Une autre vie → Pozitia copilului → LasseMajas detektivbyrå - Von Broms hemlighet → Violence, sexe, drogue & rock'n'roll: un voyage avec Joe Dante à travers le cinema d'exploitation → Atemwege: Abseits des Selbstverständlichen → Razredni sovraznik → L'apprenti Père Noël et le flocon magique → Night School Fracture: The Letter → Journey → Adieu Marx → Eastern Boys → Autumn of Route 66 → Days of Gray → Kome un palloncino → Känn ingen sorg → Le temps de l'aventure → Denis → 5 pravidel → Broken Song → Schulden G.m.b.H. → Manchester United vs Norwich City → The Bloc → Planeta blanc → Sep → Madness of Many → China Reverse → The Salazar Brothers → Công Binh, la longue nuit indochinoise → April's Shadows → Oltre il guado → Apo ti Gi sti Selini → Nightmare Box → Gil Parrondo, desde mi ventana → La chair de ma chair → The Extraordinary Tale of the Times Table → Y Syrcas → The Africa Express → A Home Far Away → Fröken Julie → The Wolf Mountains → Silver Lining → Mých posledních 150.000 cigaret → Il futuro → Se Eu Fosse Ladrão, Roubava → 21 tapaa pilata avioliitto → All about Girls → Gabbers! → Blick in den Abgrund → Koolhaas Houselife → Illégitime → Frontera → Elle → Matei copil miner → Mig äger ingen → La ciudad que canta → Wrong Cops → Beyond the Challenge → The Cape: In the Lands of the Lost World → Tsunami Tour → Millionen → La cérémonie de clôture du Fifigrot 2013 → Le Prince Igor, Opéra en deux actes → Here Was Cuba → Les yeux fermés → Les garçons et Guillaume, à table! → Õlimäe õied → Confine → Mayerling → I Am Breathing → Kertu → Minuscule: La vallée des fourmis perdues → Svecenikova djeca → Nak Muay → The Perfect Heist → Jeff Wayne's Musical Version of the War of the Worlds Alive on Stage! The New Generation → Believe → How We Used to Live → The Adventurer: The Curse of the Midas Box → Wolfskin: Sister of the Wolf Spirits → Trespassing Bergman → Il pozzo: Voci d'acqua dall'Etiopia → Las flores del Muro → Murggs → Legendary → Goldfish → Manchester United vs Newcastle United → Het vonnis → La mafia uccide solo d'estate → Ricordi per moderni → The Best Years → Les Apaches → Els anys salvatges → La dernière recrue → The Boss Lady → Single Girl in a Virtual World → Lauf Junge lauf → La bottega dell'autore - Il cinema di Furio Scarpelli → Le sens de l'humour → Ostatnie pietro → Viru - tarinoita hotellista → O ihos tou hronou: T' Anogeia kai o kosmos 1900-1945 → Traumland → Flamenco: Gypsy Soul → When Hari Got Married → Jean-Luc Godard, le désordre exposé → Madagascar 3D → Killing Oswald → Kalervo Palsa ja kuriton käsi → Yaayboy - vom Fischen im Trüben → Faro → À ciel ouvert → Izhod → Sinterklaas en de pepernoten chaos → Manchester City FC - City of Champions → Histoires de l'âge d'or islamique → Los primeros días → Talea → Gabriel → Nepravdepodobná romance → Anplagd → Sheffield Wednesday Season Review 2012-2013 → To Here Knows When → Wagner: un génie en exil → A Vida é Simples → Google and the World Brain → Cyclone → All This Can Happen → National Theatre Live: The Magistrate → Gente en sitios → Tore tanzt → The Competition → Förtroligheten → Stockholm → Bahrain, the Forbidden Country → Le choix de Jason → Aleksander → Insidious: Chapter 2 → I aionia epistrofi tou Antoni Paraskeva → Lucien Hervé, photographe malgré lui → Jack et la mécanique du coeur → Free Energy of Tesla → Trois exercices d'interprétation → 20 ans d'écart → Dans les prés d'en haut → Tadao Ando: From Emptiness to Infinity → Little Gay Boy → La hermandad → Artémis, coeur d'artichaut → Cefurji raus! → Whoops! → L'escale → Mittsommernachtstango → Miraklet → Bela Kiss: Prologue → 5 Jahre Leben → Comediants, amb el sol a la maleta → Powrót Agnieszki H. → 1,7 → Babie leto → Exhibition → Vandal → Outing - Fidanzati per sbaglio → Wer → The Age of Kommunalki → Shortcuts to Hell: Volume 1 → Il capitale umano → The Machine → Leonie Ossowski → Va' pensiero - Storie ambulanti → Die schönsten Brandenburger Bauernhöfe → Food for Love → Hopped Up - Friedliche Droge → Jalkapallomaa → S/Kidanje → Intersections → Bluebird → Piazza Mora → Michael Kohlhaas → I'm Not Famous But I'm Aromanian → Out of the Furnace → C'est eux les chiens... → Lysets vanvidd → Undo infinito → Otro verano → Héraclitus, Le bateau noir → P3 Documentar - Drommen om hollywood → Andarevia → Ashens and the Quest for the Gamechild → Dilim dönmüyor → Royal Paintbox → Cold → Asier ETA biok → Gehry's Vertigo → Newcastle United vs Sunderland → Le jour du mineur → The Selfish Giant → Extreme Jukebox → Casse-tête chinois → Another Me → Omnívoros → Pepón es guay → The Happy Lands → Emmaus → Narnia's Lost Poet: The Secret Lives and Loves of C.S. Lewis → Sauerbruch Hutton Architekten → Den som söker → Falskur Fugl → A nagy füzet → La ruée vers l'os → Summer in February → Ricky - normal war gestern → Stiller Sommer → Extraordinary Tales → Scherbengericht → Words of Everest → El amor no es lo que era → Les invincibles → Aschenbrödel und der gestiefelte Kater → On Tender Hooks → Fata Morgana → Nieuwe Tieten → Cinderella → Gravity → 2 Days in January → The Making of 'Der Gründer' → Kalevala - uusi aika → Reykjavík Revisited → Make Me a Match → Ummah - Unter Freunden → Puzzle → Echo → Un château en Italie → Kaptn Oskar → Losing the Marshes → Nonconformity → Am ende der arbeit → La grande bellezza → 2CELLOS (Sulic & Hauser) Live at Arena Zagreb → Pays barbare → Wasteland → MansFeld → History of Water → The Fall of the Essex Boys → A Farewell to Fools → Scarred → Faraday → The Fifth Day → We Ride: The Story of Snowboarding → Frau Ella → Prick och Fläck på fläcken → Estado de regresión → Mille soleils → Smash & Grab: The Story of the Pink Panthers → A Warning to the Curious → Romagna Nostra: Le Mafie Sbarcano in Riviera → Españolas: Mi primera vez en el porno → Das radikal Böse → Le pouvoir → Anni felici → Verity's Summer → Patagonia 3D - In the Footsteps of Charles Darwin Vol. 2 → Bach en Madrid → Under the Skin → Sunshine on Leith → I corpi estranei → La vie en rouge → Fuga di cervelli → The Lost Mantle of Elijah → Dead Walkers: Rise of the 4th Reich → Bertolucci on Bertolucci → Suur-Sõjamäe → New Boobs → La Passione di Erto → Mikra Anglia → Biesy po latach → Zino → Antons Fest → Sacrifice → Tottenham Hotspur Season Review 2012-2013 → India Blues: Eight Feelings → Kid Gloves → The Last Black Sea Pirates → Luton → De la musique ou La jota de Rosset → Les fantômes de Lovanium → De mooiste jongen van de klas → The Dyatlov Pass Incident → Les rencontres d'après minuit → Unter Menschen → Los inocentes → Köln 5 Uhr 30/13 Uhr 30/21 Uhr 30 → Ana y yo → Klass 10 → Patrick's Day → Streif: One Hell of a Ride → La voix des steppes → Mr Pinkpop → Kreuzweg → Radiator → Pino Daniele - Nero a Metà → Deal with it → Homo Faber (trois femmes) → Behind the Tide → Star Wars: Threads of Destiny → Ivy → Lyon, autopsie d'une grande ville (Inventaire des rues du 7ème arrondissement) → Sons of God: For Such a Time as This → Och Piccadilly Circus ligger inte i Kumla → Loin des bombes → Les chèvres de ma mère → Une heure de tranquillité → Je suis le peuple → Zakázané uvolnení → No Land's Song → Labyrinthus → Die Arier → Fourtouna Sto Ano Peukochori → El Arca de Noé → Morning Star → Let the Die Be Cast: Initium → Förortens pantrar → China Me → Fasismos A.E. → Kein Zickenfox → Wir waren Könige → Das große Museum → Am Ende der Straße → Filmer Obstinément: Rencontre avec Patricio Guzmán → Democrats → Betrayal → Männerhort → El silencio de Jonc → Devet polozaja samoce → Teenage Tommies → Efter den tid som flytt → Looters, Tooters and Sawn-Off Shooters → Une nouvelle amie → Carmina y amén. → Manchester United vs Swansea City → Selfie → Cure: The Life of Another → Kafkas Der Bau → M46 - Es begann in einem Bus → Ablations → Risque → Morgenrøde → The Smell of Us → El viaje de las Reinas → Party Girl → Sitzfleisch → Deux jours, une nuit → La cérémonie → Chalvet, la conquête de la dignité → Simha → Engelbecken → L'altra frontera → Flim: The Movie → 80000 Thoughts → Clank's Nemesis → Westfalia → My Beautiful Broken Brain → Långt från Jordbro → Vsivaci → Kenau → Sei Lá → Reich werden im Irak → L'annexion de l'Occitanie par Groland (Journal du Fifigrot 2014) → La vie pure → Bande de filles → Hany → We Are Open Cinema → Two Very Long Days → The Smoke → La belle époque → Yksisiipinen enkeli → 24 Heures sur place → Manchester City vs Manchester United → Manchester United vs Liverpool → Trampoline → Emulsion → Rapunzel Nabunzel → Futatsume no mado → Ein Hells Angel unter Brüdern → Chris Brown: Triple Threat → Bloodless → De la médecine à la santé → The Guarantee → The Heartbroke Hitman → Terre des ours → Return of Suspicion → El Niño → Index Zero → We can Be Gay Today: Baltic Pride 2013 → Svet stav → Ensam tillsammans → A Swan Lake → One Night in Istanbul → Un fidanzato per mia moglie → White Bird in a Blizzard → Those Who Feel the Fire Burning → Oi aisthimaties → Senki szigete → Per soli uomini → Vuxen → Tai Chi → Ironclad: Battle for Blood → Ei kiitos → Prime Wake Movie → 2 francos, 40 pesetas → They Love → Femmefille → Alvar Aalto: Maison Louis Carré, une maison iconique → Idas dagbok → Honig im Kopf → The Girl at the End of the World → Alt Love Building → Kommissar Taler → Pane e burlesque → Tak daleko, tak blízko → Magia → Blackwood → The Stagg Do → L'abri → I Golfo stin Epidavro → A Chair Fit for an Angel → The Crypt → Plaza Man → Der kleine Drache Kokosnuss → Il mistero di Dante → La parade du président Salengro à Toulouse pour célébrer l'annexion de l'Occitanie par Groland → Barcelona, la rosa de foc → AB Negative → Alles ist Liebe → Who Am I - Kein System ist sicher → History Doesn't Have to Repeat Itself → L'affaire SK1 → Everything That Rises Must Converge → Paco de Lucía: la búsqueda → Mi chiamava Valerio → Kniga na malchanieto → Tariro → The Crucible → Amsterdam Express → In Guerra → Der 7bte Zwerg → Bonobo → Family Goldmine → Scandalous Edinburgh → Sexy Money → Miriam - Il diario → The Old Irish WasherWoman → Les enfants de la Rose Verte → Escobar: Paradise Lost → Från djupet av mitt hjärta → Quintessentially... 1940's → Mortadelo y Filemón contra Jimmy el Cachondo → Top Girl oder La déformation professionnelle → Top Dog → Carcinoma → Marc Ribot Ceramic Dog Live at Cully Jazz Festival → Her er Harold → Varvari → Arteholic → The Fallen → Lyon, autopsie d'une grande ville (Inventaire des rues du 4ème arrondissement) → Backtrack → Neposlusni → Tussen 10 en 12 → Cocos 1914: The Encounter Between HMAS Sydney and SMS Emden → The Quiet Ones → Abacuc → Amok → Dead Wood → Praunheim Memoires → Belle comme la femme d'un autre → 2 temps, 3 mouvements → Titos Brille → Katherine of Alexandria → Les ailes de Patmos → Marvel Renaissance → Für immer → Pseudonym → To Love Somebody → Los fragmentos → Supermen: A Story of British Wrestlers → A Vault of Victims → La scuola d'estate → Titta jag flyger... en pilotfilm → L'últim partit. 40 anys de Johan Cruyff a Catalunya → Deckname Pirat → Le grimoire d'Arkandias → Vals → Fånge i Mumindalen → L'amour est dans la ferme → Michael Bublé: Simply Bublé → Jauja → Métamorphoses → Flowerman → And She Cried → Confetti of the Mind: The Short Films of Nacho Vigalondo → Drone → Falks grav → MATA MATA: Stories about Football, Dreams and Life → Musica Antiqua → End of Season → Za to, ze zyjemy, czyli punk z Wrocka → L'enquête → Tick Tock Trick → Miedzy nami dobrze jest → Compania România → En Ze Leefden Nog Lang... → The British Film Industry: Elitist, Deluded or Dormant? → Hydro → Wolves → Libre et assoupi → Aleppo. Notatki z ciemnosci → Gian Luigi Rondi: Vita, cinema, passione → Plan Bart → Re: → Sinterklaas & Diego: Het geheim van de ring → Something Better to Come → Dorsvloer vol confetti → Jakten på Berlusconi → Woodfalls → Musarañas → The Storm Makers → In guerra con l'Ala Littoria → DAS RHEINGOLD → Hangar 10 → Pause → L'homme le plus fort → From Runes to Ruins → Hungerford → Un sitio donde quedarse → A Arte da Luz Tem 20.000 Anos → Cinema inferno → 10 000 timmar → Jag är fan en Panter → Matka minuksi → Liverpool vs Hull City → Video Nasties: Draconian Days → Wszystko jest mozliwe → De tijd verstrijkt → Kuka välittää? → Tea & Sangria → Cut → Hodinový manzel → Dag Mannetje → VHS Forever? Psychotronic People → The Salvation → Week-ends → Idõugrók 4: A végzet lángjai → Heild → The Two Faces of January → The Green Prince → Le sedie di Dio → Noirland → Wax → Loftus Hall → Will You Dance with Me? → De Nood Aan Dansen → Das Hotelzimmer → Greyhawk → Cathedrals of Culture → Last Hijack → Svenskjävel → Im Krieg - Der 1. Weltkrieg in 3D → Tender Eyes → Non so perché ti odio → Olive Green → Ovella Negra (entre 2 bessons) → Amori e metamorfosi → Belluscone. Una storia siciliana → Valley of the Witch → Violet → De Pleintjes → Evil Never Dies → The Stranger → Frank → The Truth → Stastná → To mikro psari → Ciutat morta → Going the Distance: A Honeymoon Adventure → Checking In → Raid → Night at the Museum: Secret of the Tomb → Shooting for Socrates → La libertà di Bernini → Lo sguardo del Luce → All This Mayhem → Damned on Earth → Viktoria: A Tale of Grace and Greed → Moor-Monster! → El viaje de Ana → Doll Syndrome → The Quiet Hour → Von Caligari zu Hitler: Das deutsche Kino im Zeitalter der Massen → Looking for Light: Jane Bown → A Royal Hangover → Bolgia totale → Zeus le chat → Pod mocnym aniolem → Un Noel au Pakistan → The Last Sparks of Sundown → Autómata → Huba → Godforsaken → Happy Together → Hansel et Gretel → Never Give Up Son → Déjame Vivir → Mio padre, il mare, i deserti → Mladi Tuzle - Mjesto Sigurnog Odrastanja → Zombie Resurrection → Somewhere Else Tomorrow → Outpost 37 → La pantalla herida → Lokalvardaren → Beyond the Cage → Modris → Drunken Butterflies → Aux yeux des vivants → Gaby Baby Doll → X-Men: Days of Future Past → Mange tes morts - Tu ne diras point → The Spoiler → Om våld → Natural History → Santa → Im Keller → The Turtle and the Sea → Der Anständige → Die Mamba → Habitat: Note personali → Odborný dohled nad východem Slunce → I, Superbiker: The War for Four → Looking for Cole → The UK Tango Festival and Tango BA Dance World Cup Championship Preliminaries 2014 → Persona Non Data → Das Zimmermädchen Lynn → Benoît Brisefer: Les taxis rouges → Ich will mich nicht künstlich aufregen → Fossil → Love Is All: 100 Years of Love & Courtship → Words: Walls → Aikuisten poika → Predavanja o stripu → Brozer → Mees Kees op de planken → Fasandræberne → Effie Gray → Amor eterno → Klassefesten 2: Begravelsen → Ztracen 45 → Geschlossene Gesellschaft - Missbrauch an der Odenwaldschule → Un país normal → AfriqueCannes → Luxure: Femmes Mariées → The Stars Behind the Iron Curtain → Brooklyn → Okean → Schweizer Helden → Kameleon → Before I Go to Sleep → Hello Stranger → Todos están muertos → Frère et soeur → Wings → Senza Lucio → Leave the World Behind → Two Men in Town → California City → Linda P's Hovedpine? → Sub Rosa → Heart of Lightness → Paolo Fresu Quintet → The Case of Josephine H. → Zivan Makes a Punk Festival → Laibach - Spectre Tour Live in Ljubljana → Le temps suspendu → Girls & Sex 2.0 → Star Wars: The Force Unleashed II → Au souvenir d'une lune → Transcending the Storm → Women Warriors: Le ragazze guerriero → Steppeulven → La buca → Dexys: Nowhere Is Home → Sueñan los androides → Born of War → Drevo → Grafir & Bein → Qui → Pure Bloodlines: Blood's Thicker Than Water → March of the Gods: Botswana Metalheads → The Second Coming: Brought to You in Low Definition → Spirit Berlin → Abschied → George Michael at the Palais Garnier, Paris → Les nuées ardentes → Samuel → This Is Comedy → Altersglühen - Speed Dating für Senioren → Free Entry → Blood Moon → Dans la fraîcheur des brumes orgueilleuses → In jouw naam → Ludo → Pohádkár → Círculo interno → Terry Gilliam's Benvenuto Cellini - English National Opera → Jack → Simshar → Sadilishteto → A Tale of Two Thieves → Spartacus & Cassandra → Serce, serduszko → The Lodge → Britten's Peter Grimes → Autopsia de un amor → Fuego → The Borderland → The Spy Who Brought Down Mary, Queen of Scots → Calvary → 10.000 Km → ManIslam: Islam and Masculinity → Du goudron et des plumes → Schwarzkopf BRD: Martin Luther King in Berlin! → Retour à Nice (Carnet Filmé: 17 et 18 janvier 2014) → Souvenirs d'un futur radieux → Tommy → Himmlerin kanteleensoittaja → The Mystery of the King of Kinema → This Is Not Happening → The Vicious Dead → Double Happiness → Eden → Le dos rouge → Jailhouse Dog → Los muertos también bailan → Buttercup Bill → Animaux médecins → Inventaire filmé des rues et places de Semur-en-Auxois → Parcours d'amour → A City Dreaming → Here Lies → Future Shock! The Story of 2000AD → Violetta: La emoción del concierto → Dessau Dancers → El círculo de Raynard → Ma'a al-Fidda → White Settlers → Naoshima (Dream on the Tongue) → Caur Adatu → Mille chemins du temps → Sleepless in New York → Liverpool Football Club vs Arsenal Football Club → Gisela: Herskerinne av Victoria Terrasse → Jos jednom → Krok do tmy → Iranien → Im Labyrinth des Schweigens → Miss Sixty → The Theory of Everything → Suite Française → Hinterland → Jurek → Rastres de sàndal → La petite mort II → Giano → On a le temps → La petite dette qui monte qui monte → The Captive → Marathonios mias Imitelous Anoixis: Grigoris Labrakis → Lost in Bosnia → En prest og en plage → I Corsari → L'éclat furtif de l'ombre → Il futuro è troppo grande → Les variations → La belle et la bête → Eclipse em Portugal → País de todo a 100 → La fin du SIDA? → Flore → I Am Haiti → Liverpool vs Chelsea → Nasha Nadiya → Love Uncut → Biest → Hotel: Brag and Blaring → Hogtown → La nuit des éléphants → La conférence de presse et la cérémonie de clôture du Fifigrot 2014 → Kad ljubav zakasni → Littekens → A Little Chaos → Poltrone rosse - Parma e il cinema → Living in a Coded Land → Vittima degli eventi → De club van Sinterklaas & het pratende paard → Papa Was Not a Rolling Stone → Oorlogsgeheimen → Megamuerte → Sapore di te → Il giovane favoloso → L'homme qu'on aimait trop → Vincent Nordon, les intellectuels et le cinéma → Tony Bennett & Lady Gaga: Cheek to Cheek Live! → Os Gatos Não Têm Vertigens → My 2 → Take It Back and Start All Over → Les bones persones → Cesta ven → Goal of the Dead → Pride → En duva satt på en gren och funderade på tillvaron → Monte Verità: Der Traum vom alternativen Leben → The Knife That Killed Me → Liverpool vs Everton → La crème de la crème → Adèle Bloemendaal: Eens wil ik er van af zijn → Fidelio, l'odyssée d'Alice → All in the Valley → Terror (re-edited 2014 production) → The Noob Movie II: Dimension Tension → Mantovani, the King of Strings → Vägen till Cannes → Das Mädchen - Was geschah mit Elisabeth K.? → What Is Jai Paul → Operasiones espesiales → Connections: Sheep to Chanel → Vergrabene Stimmen → Testament of Youth → Kajaki → Laulu → Stockholms Pärlor 1960-1969 → The Anomaly → Os Maias: Cenas da Vida Romântica → La Voix De La Toundra → Børning → Nightmare 2 - painajainen jatkuu → Living Legends → Astérix: Le domaine des dieux → Set Fire to the Stars → Und in der Mitte, da sind wir → Marsella → Familienfieber → Patchwork → Antonio Vega. Tu voz entre otras mil → Let Us Prey → Ruotsalainen hetki → Gold → Wege zum Glück → Nocturnal Activity → Tonino → Die Böhms: Architektur einer Familie → Ti ricordi di me? → Natt til 17. → The Power of the Heart → Cinema Italiano: Moments of Truth → The Fortune You Seek Is in Another Cookie → Utóélet → Don't Breathe → The Muse Has Left the Building → Tout devient silencieux → Deux jours avec mon père → Les enfants rouges → Die wahre Geschichte → In Memoriam Bernadette Lafont → Happily Ever After → Nicole et Félix → Stella cadente → My Name Is Ernest → Phantasmagoria → Mietrebellen - Widerstand gegen den Ausverkauf der Stadt → Sugar Blues → Bismark the Joke → Fifty Fifty Ball → Simply gay le film → Päin seinää → A Practical Guide to a Spectacular Suicide → Trolleybus Island → Reality → The First → Tomasz Ossolinski: Before the Show → The Trip to Italy → The Path of Peace: The Renaissance of Nazareth → Excision → Non Scordarti → 1989 → The Nightman of Nevermoor → White Collar Hooligan 3 → De behandeling → Padre Pio, storia di un Santo → Eve → Miss Julie → Octobre 2014 à Paris (Carnet Filmé: 5 octobre 2014 - 26 octobre 2014) → Schoßgebete → An Bronntanas → Pim & Pom: Het Grote Avontuur → What Goes Up → Gemma Bovery → Brev til Kongen → UK Ghost Hunts → Life in the Borderlands-Portraits of Patmos → Bodybuilder → Freifall - Eine Liebesgeschichte → Dzisiaj → El viaje de Carla → Vjetar puse kako hoce → The missing m → The Queen of Silence → What About Eric? → Conquering China → Démocratie Zéro6 → Ultimul Zburãtor → Even Though the Whole World Is Burning → Björk: Biophilia Live → Lyon, autopsie d'une grande ville (Inventaire des rues du 6ème arrondissement) → Sokurovin ääni → Trzy kobiety → Rewind → REMAKE.me → ThuleTuvalu → Halbmondwahrheiten → Global Menu → Open Windows → Solidarnosc wedlug kobiet → Léa, un ange dans ma maison → Arrête ou je continue → Modelky s.r.o. → La vie rêvée de David L → Maksimum przyjemnosci → Vakondok 3 - Út a Felszínre → Le monde en un jardin → The Mothertown → Lilting → Temple of Emotions: The Maracana Stadium in Rio De Janeiro → April in Paris → Der Goalie bin ig → Amour sur place ou à emporter → In the Blood → The Family Seven Deers: At Home In The Wilderness → La trace de Kandia → An Arctic Space Odyssey → Breaking Good: the Untold Adventures of Two Underground Psychedelic Chemists and Their Mission to Save the World One Trip at Time → Todo el mundo lo sabe → Flow → Monsterimies → Sur les traces du général Paoli → Deadly Virtues: Love.Honour.Obey. → In Transit → Les lettres portugaises → Barbecue → Edgar Morin, chronique d'un regard → Fucking Different XXY → First Bite Is the Deepest → Candlestick → Risse im Beton → Drifter → Gifts from Strangers → Andy Warhol, Gregory Markopoulos et Cinématon au Jeu de paume → Le Cinéma fait le Mur → Torn: A Shock Youmentary → À coup sûr → Bredo Greve - Filmrebell → Cuccioli - Il paese del vento → Jean & Beatrice → Saudi the Kingdom of Terror → Marianne Oswald, une flamme, un cri → Alléluia → Breaking Down → OKI - In the Middle of the Ocean → EU 013, l'Ultima Frontiera → Sous le ciel de Nice (Carnet Filmé: 19 et 20 janvier 2014) → Where God Likes to Be → Le droit au baiser → Viktoria → This Is My Land → We Were Born Free → Ein Rabe namens Poe → Innenkind → Looking for Kadija → Let's Go → Und Äktschn! → La foresta di ghiaccio → La felicidad según Vicente Ferrer → So Long → Micsoda útjaink → Mig og min far - hvem fanden gider klappe? → Szabadesés → The Children of the Holocaust → The Shadows → Quelques jours ensemble → Dior et moi → Here and Now → Más allá de la verdad → En chance til → Pierrot Lunaire → Helium → Motvind → The Last Day of Winter → National Theatre Live: Medea → Estudiar en primavera → Ksiaze → Vincent n'a pas d'écailles → Nullpunkt → El último adiós de Bette Davis → Schön kann jeder! → Slovensko 2.0 → Ogni maledetto Natale → Keinolumikylä → Die Schuld der Anderen → En du elsker → Tout est faux → En tierra extraña → The Canal → Höggið → Afinn → Femmes sans enfants, femmes suspectes → The Falling → Sci-Real → I Am Here → Transumanza → Harry & Avis → National Theatre Live: Of Mice and Men → The Week Mandela Died - A Rainbow Nation Drifting Apart? → Beyonce: Fierce and Fabulous → Nikolaï Lugansky à la Grange de Meslay → Queen Antigone → Wenn es blendet, öffne die Augen → Bibi & Tina voll verhext! → Jag är inte beredd att dö än → À la vie → Una storia sbagliata → Fort Buchanan → Private Revolutions: Young, Female, Egyptian → CSNY: Fifty by Four → Vi är bäst ändå → Das Sommerhaus → Pitkä vaihto → Stimmen → Faux accords → Son of Scarface → Transcendence → Tú y yo → Saudi's Secret Uprising → Maarten Van Severen: Addicted to Every Possibilty → Family → Learning to Drive → Audax → Korso → VEF 54th Season → Tutto molto bello → Llamas de Nitrato → Bocksprünge → Biðin: The Wait → Andelé vsedního dne → Kampen om Hardanger → Larger than Life → Histoire de l'ombre: histoire de France → Where Architects Live → Mass E Bhat → Salvation → Black Ice → Fekete leves → Kangchenjunga. I cinque tesori della grande neve → En drøm til havs → Reabhloidithe Hollywood → Bodom → Le baiser de Marseille → Schleckerland ist abgebrannt - mein Leben nach der Pleite → Vadelmavenepakolainen → God Help the Girl → The Perfect Husband → Hate's Roots → Anna in Switzerland → '71 → Boys Behind Bars 2 → Ett nytt liv → Shadows of a Stranger → WildMed. El último bosque mediterráneo → La sapienza → Flink Pike → Madame Bovary → Utelias iho → Aura → Moda e amore → Jolene: The Indie Folk Star Movie → The Golden Horse → Mau Mau Maria → Rosenn → Krieg der Lügen → Icicle → Balgar: The Movie → Jag är min egen → Eedenistä pohjoiseen → Quelque chose en plus → Elia Cmiral: Part 1 → Roma Termini → Spleen → La Chute de Vincent Nordon → Vie sauvage → Über-Ich und Du → Life Is Sacred → Georgica → En perfekt film → L'anima del Gattopardo → Worst Case Scenario → The Legend of Jebus Crisp → Karsten og Petras vidunderlige jul → Kismet: I zoi san tourkiki sapounopera → First to Fall → The Beauty Is Your Head → Gente que vive fuera → A escondidas → Afscheid van de Maan → Dreaming Dracula → Doktorspiele → Ombre → Plemya → Prr Fchx → Kaptein Sabeltann og skatten i Lama Rama → Waiting for August → Babysitting → Velociraptor McQuade → A Requiem for Syrian Refugees → Paranormal Bad Trip 3D → Trois contes de Borges → Pára-me de repente o pensamento → African Voices Against Corruption → Bikini Girls vs Dinosaurs → Coming Home → Barolo Boys: The Story of a Revolution → La mujer que hablaba con los muertos → Fünf Freunde 3 → Akte Grüninger → Temporal → Cold Blood → Lolo → Retour hemel → Banana Pancakes and the Children of Sticky Rice → Schmidthachenbach kennt keiner → Liebling → Odödliga → Sympathy For The Devil: The True Story of The Process Church of the Final Judgment → Vivir para Dibujar, Dibujar para Vivir → Beyond Evil: The Dead of Night → Touched by Auschwitz → After the World Ended → Daleko za sluncem → A.K.A Nadia → Essex Boys: Law of Survival → Cesta do Ríma → Still Loved → That's Life, You Know → Disco Polo → Brooklyn → Evento Frontera → Dreamocracy → Vårt liv med hund → Il professor Cenerentolo → Simón, contamos contigo → Des provinces lointaines → One Night in Powder → Amy → Manchester United vs Liverpool → Prison System 4614 → Dreamcatcher → Embers → Twice Upon a Time in the West → Mów mi Marianna → Should I Stay or Should I Go? → The Republic → Giuseppe Verdi e la Gloria: Il monumento del centenario → Andrea Chénier: Live from the Royal Opera House → Petting Zoo → Jennifer → Manifesto → Abschussfahrt → Inside Out of Mind → Retour hemel II: Keihard terug op aarde → Night Fare → La scultura → Le Cas Hamlet → Arsenal vs Manchester United → Nøgle hus spejl → Perdiendo el norte → Les chevaliers blancs → Sicily Jass. The World's First Man in Jazz → Le goût des merveilles → Grotesk → The Hoarder → Dead End → Looking for Alger → The Swedish Theory of Love → Awaiting → Non essere cattivo → Jesus Cries → I bambini sanno → Treppe Aufwärts → Night People → Lampedusa im Winter → Libres! → The Healer → Sedmero krkavcu → Social Suicide → Return → The Witching Hour → Christmas Slay → Conversas da Cinemateca: Michael Rogosin - On the Bowery → Antonia. → Alma Fashion Film → Soldato semplice → Terra di i Turmenti → Die Frau mit der Kamera - Portrait der Fotografin Abisag Tüllmann → Jayson Bend: Queen and Country → Axiome → Liverpool Football Club Season Review 2014/2015 → Satyagraha, the peace warriors → Víkend → Cash Only → Outre ici → Mysterious Scenes from Swamps → Traders → Kidnep → Folklore's Intimates → Anabel → Une histoire américaine → The Cursed Ones → Macbeth → Event for a Stage → Fortune's Wheel → Das richtige Leben → Bis → Chucho Valdes → Homesick → Det borde finnas regler → Matrimonio al Sud → Ocho apellidos catalanes → Portugal - Um Dia de Cada Vez → MH17: Het verdriet van Nederland → The Long Distance → Wintergast → Sladkoe proshchanie Very → Combat Trains → HEM Någonstans → Destinacija_Serbistan → Loro chi? → A Royal Night Out → Jack → Listy do M. 2 → Penguin → 874 Miles → Silver Shoes → Darkside Witches → Redemption: The James Pearson Story → Amor tóxico → Karawane → This was Hasankeyf → Mjesto sjecanja: Vukovar → Bridgend → Rollermania → I dine hænder → Colpa di comunismo → The Paragon Gate → Don't Grow Up → Tomorrow Never Knows → Czerwony Pajak → How Not to Disappear Completely → Fastentuch 1472 → Les châteaux de sable → Le fils étranger → Thanatos → Gimbaza. Gimby nie znajo! → Patries → The Donetsk People's Republic (or the curious tale of the handmade country) → Zagrebacke price vol. 3 → LiveJustine → Rise of the Footsoldier: Part II → A Parede → Als die Sonne vom Himmel fiel → La Californie → Breaking Britain → The Paradise Suite → Conveyor Belt → Human → Uncle Victor → The Book of Mikey → Promised Land → Territorial Behavior → Desire Will Set You Free → La volante → Crossing That Bridge → Celebrity S.R.O. → I nöd eller lust → Vybíjená → Amateur Teens → Non c'è 2 senza te → Tetro Rouge → Mein erstes Leben - Adoptierte Menschen ergründen ihre Wurzeln → Torri, checche e tortellini → You're Ugly Too → Pojkarna → Histoire de Judas → Adam's Passion → Bourek → Socks & Shoes Off: Tora Black Belt Academy → The Monday Club → Mana → For This Is My Body → Idila → High-Rise → Härte → House of Time → Den unge Zlatan → I Zoi Entaftha → The Stockholm Bloodbath → Mr Calzaghe → YouTube Bazaar → The Krays: Kill Order → Miracolul din Tekir → Die Krone von Arkus → Macho Man → Zeichnen gegen das Vergessen → Ztraceni v Mnichove → Tiempo sin aire → Dom → Con Men → Anger of the Dead → Efterskalv → Erba Celeste → Et ta soeur → Tubby Hayes: A Man in a Hurry → Vincent Peirani Quintet : Living Being → Manly Guys for Young Twinks → Road Games → The Next Time I Die → Lobos sucios → La part du solidaire → Kim → O Medo à Espreita → Mathieson Music School → Un Français → Urban Hymn → Armi elää! → Steve Jobs → Wilsonov → Erich Mielke - Meister der Angst → Me Rosvolat → Trop noire pour être française? → Los Chikos del Maíz: Fury Road → Conversas da Cinemateca: Licínio de Azevedo & Margarida Cardoso → Solitary → Christmas at Draculas → Holland: Natuur in de Delta → Shoot Me. Kiss Me. Cut! → 40 Kids by 20 Women → Angels vs Bullies → Zanetti Story → Watching the Moon at Night → I know where the money is Mum → The Uncondemned → Der kleine Ritter Trenk → Vleesverlangen → La trilogia della diversità → En mai, fais ce qu'il te plaît → Malady → Rico, Oskar und das Herzgebreche → All about People → Magie der Moore → Wir Monster → NinetyTwo → Lance → Österreich: Oben und Unten → Nasciturus: El que va a nacer → Mon maître d'école → Necrophiliac: The Lustful Dead → The 17 Greatest Dates of Matthew Reading → Decrecimiento → Giving Up The Ghost → MonaLisa Story → Manchester City vs Queens Park Rangers → L'Automne en fuite (Carnet Filmé: 10 novembre 2014 - 31 décembre 2014) → Liberi tutti → Prog Revolution → The Fog of Srebrenica → Lovemilla → Die Verlorenen → Doorways → Lo que vale un peine → #Beings → Le nouveau → Eva Braun → Ladies of Science: the Extraordinary Story of Mary Rosse and Mary Ward → A cambio de nada → La Corse, entre ciel et mer → Crache coeur → La taularde → Ahora o nunca → Dans les limbes → F.C. De Kampioenen 2: Jubilee general → The Messenger → El río que suena, reflejo del tiempo: Joaquín Díaz → W spirali → All Night Long → Merzluft → A British Exorcism → Sacramento → Svinjari → Welcome Home → Liverpool vs Leicester City → Billionaire's Paradise: Inside Necker Island → Coming In → Premier League 10. Matchday the Manchester Derby → Louder Than Bombs → O Mihail Marmarinos sto ergastiri tou Faoust → Luck → Lurk → Préjudice → Gipsofila → Dürrenmatt - Eine Liebesgeschichte → Liverpool vs Crystal Palace → Stag Hunt → Bambini nel tempo → Planet Ottakring → The Incident → Familie Haben → Råggywood: Vi ska bli rappare → La rabbia → C'est quoi ce travail? → Malá z rybárny → I-VIEW → Drejt Fundit → Abril Duras no Porto → Mile End → Au bout de leur peine → Kvinner i for store herreskjorter → Sixty Spanish Cigarettes → Born to Be King → The Hit Producer → Born to Lose → Otadzbina → Black Man White Skin → By the Sea → This Is Exile: Diaries of Child Refugees → Meurtrière → Le Naadam en Mongolie → Taking Care of Business → Fucking with the Stars → Problemski Hotel → Querida Gina → Pinocchio → Jambareeqi Reviews: The Morteus Saga → Schau mich nicht so an → Crisis, ¿qué crisis? → Blyskawica → Lo sguardo della banda → L'astragale → Nicht schon wieder Rudi! → Alki Alki → Jamais de la vie → Licence to Krill → Cinderella → Clank: Agent Recruit → Wir sind unschuldig! → Det han gjorde → Motley's Law → Rocco tiene tu nombre → Die Geschichte einer Legende → Stung → Gefahrengebiete & andere Hamburgensien → Vanessa → Camminando nel cielo → Feats First: The Life & Music of Lowell George → Iqbal & den hemmelige opskrift → Tiger House → Oavsett → Climb for Climate Action → Rich, Russian and Living in London → La isla del viento → Dead Slow Ahead → Tomoko → La felicità è un sistema complesso → Oi gabroi tis Eftyhias → Ovrha → Banat - Il viaggio → Domácí péce → Lennons Winstanley → The Long Road to the Hall of Fame: From Tony King to Malik Farrakhan → Un etaj mai jos → Mu Tiya Mu: The Mysterious Melody → Il ghetto di Venezia. 500 anni di vita → Palmes hemliga agent → Freiräume → Enragés → Leo Sayer: Live from the Harlow Playhouse → Olmo & the Seagull → Wild Women - Gentle Beasts → Jongens waren we → Slow West → Lida Vanda Liusia → The Dark Castle → Cirkeln → 4000: A Skydive Story → The Other Side → Lieux magiques, lieux sacrés → Baby(a)lone → Klopp's Journey to the Kop → Polit zolotoyi mushky → Nadie quiere la noche → Alicudi nel vento → Fixation: When Art Goes Too Far → O Leão da Estrela → Rammstein in Amerika → Pressure → Les bêtises → Manchester City vs Chelsea → Adrenaline → Paso a paso → Passeurs → Zio Tibia - Il documentario → Brothers → As Mil e Uma Noites - Volume 1: O Inquieto → St. Pauli Zoo → Un homme idéal → Survivors → 16 Years till Summer → Extinction → Chelsea vs Southampton → Poison Flower → Rodrig → S Is for Stanley → Za kralja i otadzbinu → Dheepan → Unhallowed Ground → Les brigands → Oradour, symbole de la barbarie nazie → Smac → Poli opposti → The Man from U.N.C.L.E. → Je suis daddy → 46, xx → Standing on Water → Romeo e Giulietta → Dromers → XConfessions Vol. 4 → Chelsea vs Liverpool → Une mère → Der kleine Prinz → National Theatre Live: Behind the Beautiful Forevers → Le bois dont les rêves sont faits → Ludku, vypravejte stale! → Nog even langs de fotograaf → Connasse, princesse des coeurs → 0,8 Ampère geluk → Les hommes d'argile → Der 8. Kontinent → Boom Bust Boom → O futebol → Drain the Titanic → Relève: Histoire d'une création → Industrial Soundtrack for the Urban Decay → Amerika → Seyfo 1915: The Assyrian Genocide → Appia, mémoires d'une oeuvre → Siska Deluxe → Hacker's Game → Pray for Ukraine → Der letzte Remix → Happy Hour → Loro di Napoli → L'equilibrio del cucchiaino → Quo Vadis? → Bendita calamidad → Ghoul → The Last House on Cemetery Lane → The Open → How 2 Make a Film: Billion $ Weekend → Irrawaddy mon amour → A Doctor's Sword → Couple in a Hole → L'art → Möt Dagen → I Am Gangster → La peur → Tin → Édes Erdély, itt voltunk → Bang Gang (une histoire d'amour moderne) → Ee-Aye-Addio - 1965 and All That → Et là-bas souffle le vent → La migliore età: La mejor edad → Vergine giurata → Alena → Wer hat Angst vor Sibylle Berg? → Meet Pursuit Delange: The Movie → Taxi → The Gates of Vanity → Theatre Without Audience → Royal Shakespeare Company: Love's Labour's Lost → Droga oral → Planetary → Iberia's natural border. → Torno indietro e cambio vita → Sonita → Ta mère! → Kibera! → Love Me Do → Klovn Forever → Viva → Partisan Kids → My Nazi Legacy → Slaba plec? → Love Is a Story → Dark Vision → Mr. Holmes → Spooks: The Greater Good → Ich und Kaminski → Chronik einer Revolte - ein Jahr Istanbul → Snow → Een dag in 't jaar → Original Copy → Syyllisyys → Masterpiece → Henkesi edestä → The Divide → Cel ales → Grunge: desde el Tan-Tan-Tanan! → Indochine: En Quête D'indépendance → Eclaireurs → La ligne de couleur → 87 ore → Cloro → Fuge → Weak Heart Drop → Stalking (Devenez prédateur) → Registro di classe. Libro secondo 1968-2000 → La famille Starewitch en Bourgogne (Carnet Filmé: 22 avril 2015 - 25 avril 2015) → Manchester United vs West Ham United → Usfahrt Oerlike → Snow Chick: A Penguin's Tale → Box → We Will Sing → World War Dead: Rise of the Fallen → Herbert → Doar cu buletinul la Paris → While They Watched → Tear Me Apart → De Überbliema oder Ois bleibt besser → Dmus → Evil Souls → La vanité → Cinema, mon amour → Apopse trome stis Iokastis → La jeune fille et les Typhons → Gli immortali → Tone, javi se! → Strangerland → Die Widerständigen 'also machen wir das weiter...' → Dietro gli occhiali bianchi → Koza → How We Became Military Volunteers → Ma che bella sorpresa → El virus de la por → MindGamers → Helmut Berger, Actor → Gitel → Redemption Song → Effetti indesiderati → Mia madre → Fahrt ans Ende der Nacht → Mara und der Feuerbringer → Burn Burn Burn → Football Manager Ruined My Life → Nina's Children → Un + Une → Free Bullet → Valley of Love → Colonia → Beneath the Skin → Hello I Am David! → True Appaloosa → Chevalier → Los amores inconclusos → Mirage d'amour avec fanfare → Older Than Ireland → Pourquoi j'ai pas mangé mon père → Seven Devils → Den nakna campingen → The Host → L'attesa → Easy → Papa ou maman → Genitori → World of Leem → At First Sight (Animation) → Sisters → Tango Pasión → Grozny Blues → Caprice → Ederly → La nuit et l'enfant → Souvenirs de la Géhenne → The Salon → L'inventaire filmé des rues du 2ème arrondissement de Lyon aux Archives Municipales de Lyon (Carnet Filmé: 30 juin 2015) → Bock Saga: Welcome to Hel → Arbitrary Decisions → La Cinémathèque de Bourgogne présente Ladislas Starewitch (Carnet Filmé: 22 avril 2015) → Ci devo pensare → Stalking Eva → A Slice of Life on Barcelona → Igra u tami → Adam Ant: Live from the 100 Club → Sword of Vengeance → Fukushima: A Nuclear Story → Invisible → Eté studieux (Carnet Filmé: 18 juillet 2015 - 8 septembre 2015) → Reach Your Limits → Spirit and Matter → Basira in London → Violet City → Death of a Gentleman → Grave → Pilecki → Zhyva vatra → Blur: New World Towers → Demning → Himmel över Flogsta → Family Business → Replay: In viaggio nell'upcycling → Zahublene misto → Absolution → Évolution → Zadnji krog → A Perfect Day → Brothers of War → Nopoki 'yo vengo' → Ziarno prawdy → Royal Opera House Live Cinema Season 2015/16: Viscera/Afternoon of a Faun/Tchaikovsky pas de deux/Carmen → Les chemins arides → A Strange Love Affair with Ego → Making It → Under Milk Wood → La vida pura → Waffen für Mexiko → We Are Fucked, Sunshine! → Carlos París, soy un animal teórico → Veszettek → Sunset Song → Lo chiamavano Jeeg Robot → Bunny the Killer Thing → Beau Diable → The Noob Movie III: Descent Into Eternal Darkness → Hector → Opening → Gaston Méliès and his Wandering Star Film Company → Home Is Not a Place → Dora oder Die sexuellen Neurosen unserer Eltern → Der Blunzenkönig → National Theatre Live: The Hard Problem → Høst: Autumn Fall → Heimatland → Brash Young Turks → Filip & Fredrik presenterar Trevligt folk → Gorzów w rózowych okularach → Los sueños al viento: Dreams into the wind → Moon Shots 4K → Abdul & Hamza → Headlock Security → Famouras → Hänsel und Gretel → Liverpool vs Tottenham Hotspur → Curse of the Witching Tree → Forgotten People of India → La nuit (Parisian Nights) → Karun → What You Want Is Gone Forever → The Slayers → Une Réalité Par Seconde → Woman in Gold → Buschow → Johnny Walker → Neville Rumble → Of Humans, Horses and heinous... → Nasa svakodnevna prica → Socotra: The Hidden Land → Doberdob - roman upornika → Hervé Aubron analyse Ladislas Starewitch (Carnet Filmé: 23 avril 2015) → Gascoigne → Carbon Foxes → Une histoire commune → Ma folie → Life of Ukrainian Youth Generation Before the Maidan → De l'ombre il y a → Knutsen & Ludvigsen og den fæle Rasputin → The Fear of 13 → The Blood Between Us → Sommer in Wien → I am Chut Wutty → Back Home: Terug naar huis → Ein Engel auf Reisen → La repubblica dei ragazzi → Parchim International → Dragonfly → Albert → Ethiopia Rising: Red Terror to Green Revolution → Guillaume Tell: Royal Opera, London 2015 → Une jolie vallée → Code M → Looking for Love → La solita commedia: Inferno → I Believe in Miracles → Der Bunker → Destination Home → Historia kobiety → Alfredo Bini, ospite inatteso → Mind-Bender → Hunt → The Second Act of Elliott Murphy → La capture - En compagnie de Pierre Bergounioux → Rabbuni - Oder die Erben des Königs → Trans Somnium → Mythos Byzanz → Bayerisch ausnüchtern → Departure → Une jeunesse allemande → Demon → The Deepest Depths of the Burrow → Einer von uns → B → Nya Moderaterna → Ljubljana, London, New York → Surviving the Holocaust: Freddie Knoller's War → Comoara → Crumbs → Die 30 schönsten Liebeslieder der Siebziger → Jelenetek egy operatõr életébõl → Icelandic Impressions → Kristen → B-Movie: Lust & Sound in West-Berlin 1979-1989 → Swansong → Dartmoor Killing → Las aventuras de Moriana → Night City → Terra di nessuno → Superwelt → Riding 4000 → Error 404 → Bizarre → Bazz Norton - Live Jazz from Groombridge Place → Deconstructing Dani García → Albania Travel Video Guide → A toca do lobo → Creepy Campfire Stories → Bitter Lake → Hunting 4 Hubbies → Där björkarna susa - Jailbird Singers → Kick-Sudden Death → Romeo n' Juliet → Live → Les amigues de l'Àgata → The Marriage of Reason & Squalor → L'esercito più piccolo del mondo → Sky → Moonwalkers → Dotkniecie aniola → Toro → Chelsea vs Norwich City → Lejos del mar → John From → Silhouette Secrets → Kill Your Friends → L'étudiante et Monsieur Henri → Rezeki → The 1000 Eyes of Dr. Maddin → The Propaganda Game → The Tolpuddle Martyrs → Journal d'une femme de chambre → Keet & Koen en de speurtocht naar Bassie & Adriaan → Floride → Cieli rossi - Bassano in guerra → Dark Waves → Amor Impossível → De Grote Zwaen → Min lilla syster → Conwy Castle: Medieval Masterpiece → Les forêts sombres → 5 maschere → Campania - Arcadia World 7 Days Travel Film → AfterDeath → Fifty Shades Uncovered → Je suis Annemarie Schwarzenbach → Kidnapping Mr. Heineken → Bombenjäger - Oranienburgs explosives Erbe → Dos à la mer → All the Right Moves → Shaun the Sheep Movie → Sud profond → Milano Up Date → Les Lions de Cannes 2015: Le meilleur de la pub → Streetkids United II: The Girls From Rio → Sariel → Essex Boys: The Truth → Alle anderen sind nicht gleich anders → I Remember When I Die → Nocturnes → Vincenzo da Crosia → Gabo, la creación de Gabriel García Márquez → National Theatre Live: Jane Eyre → Le acque segrete di Palermo → A Haunting at the Rectory → Meleg Férfiak Hideg Diktatúrák → XIa → Pára nad rekou → Losers → Boxing for Freedom → Sipelgapesa → Saveart: Recycling Art → Die 30 beliebtesten Radio: Berlin-Popstars → Guldkysten → La tête haute → Wendyeffekten → El Rey Sol → Of Shark and Man → Medical Research: Houston, We Have a Problem... → Lo scambio → Winners → Blóðberg → Odgodjena revolucija → Howl → Tetarti 04:45 → Die letzte Kolonie - Das vergessene Volk der Westsahara → Skammerens datter → Webcam → La marcheuse → Ruch and Norie → Lejos de la orilla → Multiverse Ghana → I Am Me → Lungo la Blue Line → Schwester Weiß → Motel: A or How I Crashed My Plane on Isla Sorna and Fell in Love with Sandra → Under sandet → Dybuk. Rzecz o wedrówce dusz → Ornamento e Crime → Thomas & Friends: Sodor's Legend of the Lost Treasure → Verfehlung → Viaggio nella dopo-storia → Truman → The Newspaper → Makanna → Et lyst sind → La poesia spezzata - Zuzanna Ginczanka 1917-1944 → Manchester United vs West Bromwich Albion → Sparks and Embers → Manchester City vs Liverpool → Sverige er fantastisk → Ghosts → In fondo al bosco → Malpartida Fluxus Village → Mädchen im Eis → De Masters → Anton Tchékhov 1890 → Aurora → Ur: The End of Civilization in 90 Tableaux → Moj Brate: My Brother → Io e lei → Feed Me → Fátima o el Parque de la Fraternidad → Ohne Titel → Dog Men → I fiori del male → Peace to Us in Our Dreams → L'adopció → Il soldato innamorato → Dreams Rewired → Soldiers of the Damned → La Screwball : une histoire de la comédie américaine → Voyage en Chine → Cast me! Die Show ihres Lebens → The Man Who Knew Infinity → Chuck Norris vs. Communism → Comeback → The Road to the West → A Man Can Make a Difference → Infames → Symbiofaerietaxiplasm oder die Feen von Hadres → Following Footsteps → Gespensterjäger → Le Pan prima della Pan → Bon Bini Holland → Onnelin ja Annelin talvi → Carl Andersens Underground der Liebe → Swinging Roma → Een lijk in het bos → Kanthari, Change from Within → Scrawl → Valmis → O Último Guerreiro Romântico → Westwood Murders → Walking on a thin Line → My Horrible Love → Voyoucratie → Rock and Roll Isn't Only Rock and Roll → La gente resta → Dames 4 → Moje córki krowy → Remainder → Legacy → Fiddlesticks → De Bond tegen vloeken → Novyy god v Moskve → So weit weg immer näher → The Happiest Man → Armânii → Look at Us Now, Mother! → Norfolk → 2 yötä aamuun → Mur → Altamente → Boy 7 → Hårda bögar → Mirabilis → The Unraveling → The A 350: Star of the Skies → III → 4 Könige → Knox → Suburra → Tottenham Hotspur vs Liverpool → Twenty-Five Palms → Ik ben Alice → Il racconto dei racconti - Tale of Tales → East Africa - Arcadia World Cosmos Global Travel Films → Le coeur en braille → Angélica [una tragedia] → Beágyazott emlékeink → Slonce, to slonce mnie oslepilo → The Fall → Papa Francesco, Cuba e Fidel → Kalebegiak → La Tragédie des Brigades Internationales → Blood Feast → The Attachment → Kristalat na dushata → 03.ByPass → Tracking Edith → 90 hronia PAOK: Nostalgontas to mellon → The New Gypsy Kings → Von Sängern und Mördern → Elinkautinen → El arte de Vampirela → La papesse Jeanne → Le cabanon rose → Tras la Huella de Aníbal → Retribution → Père fils thérapie! → I babysitter → The Legacy Run → The Fourth Phase → Fucking Berlin → Everybody Knows... Elizabeth Murray → Willy 1er → Amore Synthétique → The Banksy Job → Die Reise mit Vater → El arquitecto de Nueva York → Teit meistä kauniin → Hi8: Resurrectio → Of ik gek ben → Faith and Fidelity → Les étoiles restantes → Les ronds-points de l'hiver → Okus doma → Anisoara → La Belle at the Movies → Framtid i varje andetag → The Code of Cain → Éperdument → Cruel Summer → Justin Timberlake: Dressed to Thrill → Seconda primavera → Rupture pour tous → Uzbekistan - Arcadia World 7 Days Travel Film → We Will Part → The Watcher Self → Burning Out → Luca tanzt leise → La cour des grands → Hugo på bas → Les démons meurent à l'aube → She Claims → Wszystkie nieprzespane noce → One More Time with Feeling → Play On! Shakespeare in Silent Film → The Making of the Anna Sophie Story → Bacalaureat → Pendjab, le pays des cinq rivières → Lumière ! L'aventure commence → Chungul → London's Burning: Campino auf den Spuren des Punk → Tutto in una notte - Live Kom 015 → The Jump! WTF Experience → Fuga da Reuma Park → The Twisted Death of a Lonely Madman → No Reasons → Rosemari → Another Me → Luise und Mohamed: Aufbruch nach Algier → The Blind King → 24 Wochen → House of Flying Arrows → Looks like Lightning, Live! → Sommar och en jävla massa trubbel → De held → Gladiator Wars → The Journey → The Rolling Stones: Havana Moon → Due euro l'ora → Slasher House 2 → Dragon Girls → No Panic, With a Hint of Hysteria → Bugs → Flickan, mamman och demonerna → Peripherie → Crossing the Line → A Los Angeles-i Kárpátok története → The War Show → Kafsi → Au nom de ma fille → Vlaznost → Skinny Love → Family Lies → Osporena secanja i zamrznuti konflikt → Brasserie Valentijn → Elisabetta → Stanley a Man of Variety → David Bowie: The Man Who Stole the World → The Joy of Rachmaninoff → Chelsea vs West Ham United → Madame Hollywood → Chelsea vs Everton → La punta del iceberg → The Rift: Dark Side of the Moon → La mécanique des flux → Liverpool vs Leicester City → JLO: Lets Get Real → Des doris et des hommes → Aurelia → Grüsse aus Fukushima → McGuffin 3: Salto de Tiburón → Potseluy oseni → Dnevnik masinovodje → Party-zan Film → Las, 4 rano → Essex Vendetta → Chernobyl's café → Mujeres Heridas → María conversa → Debaltseve → Gut zu Vögeln → Among Houses and the Cosmos → La Fille aux 2 visages → The Truth Commissioner → Fado → The Point of No Return → British Winters → Forever Pure → Réparer les vivants → My Friend Boris Nemtsov → Kurt Dirt: The Duke of Puke → Mullewapp - Eine schöne Schweinerei → Pescatori di corpi → Câini → Offline → In a Moment → Andel Páne 2 → Inkarnacija → My First Highway → Kanelia kainaloon, Tatu ja Patu! → The Curse of the Witches Blood → Women of Maidan → Jota de Saura → Powidoki → 100 metros → Metamorphosis → Maremmamara → El Amor se vuelve Sombrío → Toxic Kids → Take Down → Cahier africain → El cielo en el infierno → 2night → Een idee van de zee → Mimosas → Fighter → Hearts at War → Devil You Know → Therapy → El Guincho at Sónar Festival 2016 → Jonathan → Goldfish → Monkey → 249. La noche en que una becaria encontró a Emiliano Revilla → Shakespeare's Diaries → Circle/Line → London Horror Story → My Cousin Is the Mayor of New York → Peter von Bagh → Nine Lives → Fritz Lang → Ismyrne → Vampire Resurrection → Otvorena → David Brent: Life on the Road → Die Wilden Kerle 6 - Die Legende lebt → This Is a Dog's World → Nima → Hallows Eve → Les innocentes → Théo et Hugo dans le même bateau → La bataille de Florange → Amanda Knox → Night Call → Born to Be Free → A Deathtrip in Berlin → Sasha → Arte por prescripción → L'indomptée → Gilberts grusomme hevn → O, ne! O, taip! → Granatmannen → Whatever Happened to Gelitin → L'ultimo sparviero → Il mondo magico → Bunker77 → Crash and Burn → Travel → L'âme du tigre → Järven tarina → Hotel of the Damned → Gautas Iskvietimas → Débarquement immédiat! → Malawi - Arcadia World 7 Days Travel Films → El rei borni → Boko Haram: Terror in Africa → El pregón → One Simple Idea → London Town → Hard & Soft → We Are Moving → Postscript → SD Eibar vs Sevilla FC → Versus: The Life and Films of Ken Loach → Pirko → All That Remains → The Lighthouse → Safari → Another Death Level → Tödliche Gefühle → Ghostland: The View of the Ju'Hoansi → Eteros ego → Wildernis in Drenthe → The Black Sheep → Letters → My Crazy Love Story → Bieffekterna → Hamlin → My Dad's on Death Row → #Sohavégetnemérös → Qualcosa di nuovo → Le voyageur → Hunter Moore, the Revenge Pornographer → The Wait → CF Reus Deportiu vs Levante UD → Shadow Trade → Les Portes d'Arcadie → Días color naranja → Girls for Sale → Jelger de Goochelaar en de Gouden Paprika → Fifty fifty → 31 → Good morning Transnistria → Kaila dziviba → The Photographer 2: Inside the Dark Room → Non c'è più religione → One Long Journey → Rudý kapitán → Footloose in Italy IV: Rimini Tuscany Rome → Förbjuden kärlek → Forældre → Iris → Nebel im August → Unearthed → Life Is an Eternal Swing → Ostravak Ostravski → Împãrãteasa rosie. Viata si aventurile Anei Pauker → On the Road → Realive → Julie → Grindsploitation → Atentatet e medha → Aus dem Nichts → Hey → Min faster i Sarajevo → La familia - Dementia → La máquina del tiempo del cine aragonés → Toni Erdmann → Herobrine Origins Part III → Tenemos que hablar → Busking Turf Wars → Bloody and Trash → L'idéal → Noces → Lines in the Sand → Ik wil gelukkig zijn → The Railway Children → Verve → Beyond the Tryline → Swagger → On the Milky Road → Backstage → Frank O'Connor: Idir Dhá Shruth → Pyromanen → La vie à venir → Mykyta Kozhumyaka → Home Is Here → Robin de Puy: Ik ben het allemaal zelf → A lovasíjász → Clank: Legacy → Aloys → Simana → Our War → Rising/Falling → Souvenir → The Blood Harvest → Das Mädchen vom Änziloch → Lady Macbeth → A Gangster Story → The Habit of Beauty → Seeing Voices → Im Schatten des Waldes → Tottenham Hotspur vs Liverpool → Iron Fire: Lost Gains → Liliom ösvény → Strike a Pose → Out of Love → La leggenda di Bob Wind → Gråtass gir gass → O Segredo das Pedras Vivas → Don't Listen → Ama-San → The Light Between Oceans → InnSaei → La macchinazione → Wolyn → Grammes → Conversas da Cinemateca: Jonathan Rosenbaum com Orson Welles → Arcadia → Under the Shadow → Espías en la arena. Objetivo España → Mi rifaccio il trullo → Kochaj! → Landstück → Fixeur → J'entrerai au ciel en dansant → Libertad Negra → La Terre ferme → Liverpool Football Club vs Borussia Dortmund → Jean Troillet, toujours aventurier → Magna Carta UNLOCKED → Zlodeji zelených koní → Nelson Mandela: Madiba → Angel of Decay → Brood Parasite → Argo Navis → El hombre de las mil caras → Morris from America → La Tour Paris 13 → Vojna akademija 3 → La mécanique de l'ombre → Don't Knock Twice → Bliss! → Wimbledon Official Film 2016 → Mammal → Traceroute → Ivan Tsarévitch et la princesse changeante → Bezbog → Aneeda Night Out: Will.I.Am Live from London → Se mi lasci non vale → Passenger → El hombre que embotelló el sol → The Healer → Seitenwechsel → Arsenal vs Stoke City → Chronicon Z → Äpfel und Birnen → The Beatles and World War II → Deep Swimmer → Antonio, ihm schmeckt's nicht! → Zavestanje → DeXit: Der nächste Flüchtling bist du → Gorchlach: The Legend of Cordelia → Adult Life Skills → A martfüi rém → Songs for Madagascar → Voyage à travers le cinéma français → O zografos Kostas G. Haronitis → Si vis pacem, para bellum → Afacerea Est → Irréprochable → Assolo → Il treno del Po → Dalida → Sto kentro tou kyklou → Alt det vakre → Dalisay → The Curse of the White Woman → Viking Legacy → The Pearl of Africa → Über Stock und Stein - Es steht ein Baum im Odenwald → The Amazing Tour Is Not on Fire → The Last Shaman → Do Re Mi Fa → Streik → Las furias → Born and Reared → Genocide of Roma → Beyond the Woods → Slam: Tutto per una ragazza → Cage → Tout schuss → Ostfriesisch für Anfänger → AL di qua (Life/Here) → Odiosa Juve → Germano Sartelli: La forma delle cose, conversazioni → The Picture of the Day → Tonio → The Model → 4th Floor of Singapore → The Ivory Game → Leicester City vs Liverpool → UN: Impunity for all → Someone visited my soul → Az utolsó nagymester 2 → The City Talking: Tech in Leeds → Jean Ziegler, l'optimisme de la volonté → Slava → We Are the Nation → Juegos de familia → Angels in Notting Hill → Costa Rica - Arcadia World 7 Days Travel Films → Liverpool Football Club vs Sunderland A.F.C. → Northern Lights → Copa del Rey Final 2016 → Heroes of the Somme → Genius → Bauer unser → Reykjavík → Video Killer → Netizen Mo → Adopte un veuf → Krigarnas ö → La fille de Brest → Beyoncé: Queen B → Karussell → Vivre sa mort → My world is upside down → Seizure → In Embryo → Una nobile causa → Jelger de Goochelaar en de Verdwenen Pieten → Zycie motyla → Ein Abend Ewigkeit → Royal Shakespeare Company: Hamlet → Airelle Besson - Radio One → C'est quoi cette famille?! → Genius Loci → Jouko vailla tulevaisuutta → Moya babusya Fani Kaplan → Have you Heard of Harper → Pedro Cano: Travel Notebooks II - The Fundation → Das unmögliche Bild → Trois Tôles et un Manou → Vor der Morgenröte → No Trilho dos Naturalistas: Viagens Philosophicas → In View → De Vrije Markt → Raoul Ruiz: Contre l'ignorance fiction! → Suntan → Enfin des bonnes nouvelles → Mademoiselle de la Charce → Frank Phoenix → Dog Eat Dog → Ostatnia rodzina → Arsenal vs Liverpool → 50 Cent: Rap Star → Dincolo de calea ferata → La invasión de los cerdos simbióticos → Irrintziaren Oihartzunak → Todo es de color → People You May Know → The Curse of Robert the Doll → The Quest for the Perfect Athlete → Meteorstraße → Ultimul Caldarar → Waiting for Giraffes → Ouvert la nuit → La jeune fille sans mains → Die Nacht der 1000 Stunden → Moon Dogs → Pull Like a Dog → Le bien-aimé → Willkommen bei den Hartmanns → The Angry Birds Movie → The Merchant of Venice → Hardcore Rave → Castro → Que Dios nos perdone → An Electric Samurai in London → Princess → Ethiopia - Arcadia World 7 Days Travel Films → Un amore di bambola → Bye Bye Bakken → Hel → À la recherche des femmes chefs → Radio Kobanî → Fui banquero → Les premiers les derniers → Ani ve snu! → Stille Reserven → Ungehorsam → Backyards Project → Lyon au mois d'août (Carnet Filmé: 17 août 2016) → La ruta de los elefantes → Gråtass - Gøy på landet → Baserca → Barter → MAL Miedo Aflicción Locura → Nocturama → Joaquín Díaz, palabras contra el olvido → Pale Star → Sexarbeiterin → Art Lesson in Fécamp with Gerard Vilage → Isolated → Coming From → My Own Private War → La vera natura di Caravaggio → Clitopraxis → Arrête ton cinéma! → To Dream → Motherland → memORIA → Lotte → Astronauter og filmstjerner → L'Art traditionnel du Silat → Verrückt nach Fixi → Los Feliz → Komunia → Dragqueens: Motorsportens okrönta drottningar → COOL MAMA → DeVoid → Ferne Liebe → American Honey → Jours de France → Mattress Men → Alcaldessa → Cleo's Choice → Fantastic Beasts and Where to Find Them → Almost There → Planeta Petrila → Double Sentence → My Name Is Adil → Herberg van het geheugen → O Vyssinokipos, O Miki Maous & o Nikos Karathanos → The Ultimate Triathlon → Nick → Gaza Surf Club → Das letzte Abteil → Water and Fire → Miguel Bahía: el último cineasta → Les bâtisseurs → Wir sind nicht allein → RED by James Hogan → Will.i.Am: The Way I Am → Royal Academy Summer Exhibition → Klassikokkutulek → EGOnomics → Punch Line - Eine Frau steigt in den Ring → Pravilo boya → LenaLove → Biserici de lemn din România → La supplication → Uma Vida à Espera → Caring and Killing → Più libero di prima → Risk → The Book of Gabrielle → Oi Suomi → Burg Schreckenstein → Plac zabaw → The Gift → Lobanovskiy Forever → Grave → La route d'Istanbul → Den sidste dans → Love Is Thicker Than Water → Zjednoczone stany milosci → Il respire encore → Miami Beach → Género → L'estate addosso → Dishonoured → La rage du Démon → Top 10 Ghost Videos → Dubina dva → Tout, tout de suite → Pr' Hostar → The Hunt for Dr Carl Goerdeler - Hitler's Accountant → Overcast-Klimaexperiment am Himmel → Paranormal Shades → A Canterbury Tale → Sicixia → The Wheat People → Cop Mortem → Reeperbahn → Shoes Don't Fly → Perfetti sconosciuti → I Cantastorie → Höre die Stille → Breakdown → Sve je bio dobar san → Brimstone → Palace of Fun → Stadtlandliebe → Solange et les vivants → The Holycoaster S(HIT) Circus → Merci Docteur → Mathias Gnädinger - Die Liebe seines Lebens → Le correspondant → Auf der Brücke von Tod und Leben → Je veux être actrice → Bad Caller → La Belle → Badia Rock City → Neighbours from Hell → Voyage en occident → Déjà Vu → Looking for the Wild → Sve najbolje → Dark Circus → ChickLit → Anti → Cigarettes et chocolat chaud → Esa sensación → Respectable: The Mary Millington Story → Abduct → La femme de l'armateur → More or Less Cracked → Gigis Traum - Interview mit einem Toten → West Coast → De sas en sas → Robbi, Tobbi und das Fliewatüüt → Bozzetto non troppo → Blood on Méliès' Moon → Brother Jakob → Sloboda pod nákladom → Kiki, el amor se hace → The Kids Aren't Alright → Igelak → The White King → Quand on a 17 ans → Kesävartija → Ex Tenebris Lux (Carnet Filmé: 19 mars 2016 - 20 mars 2016) → Le cri des fourmis → Vindmøllernes sus → Ellie → Rudolf Thome - Überall Blumen → Razors: The Return of Jack the Ripper → Les Merveilles du Sichuan → Paa Joe & The Lion → Yarn → El milagro de Ferrol → Un nuovo giorno → We Are X → Catacomba → 50 Days in the Desert → Cave → Zen for Nothing → Sadie → Hostage to the Devil → Siblings → Plongée en eaux amères → Don't Hang Up → Once Upon a Haunting → Lana Turner, l'indétrônable → Al posto tuo → Pendechos! → Free to Run → Gelo → The Last Day → Mannen fra Snåsa → Paspin kut 3 → Amok → Tape → Skuggornas stad → Gleißendes Glück → Kongens Nei → Royal Opera House Live Cinema Season 2015/16: The Nutcracker → The Challenge → This Beautiful Fantastic → Timeless: The Making Of → The Die Is Cast → Il Constantia → 7 rzeczy, których nie wiecie o facetach → She Got Game: The Movie → All You Need Is Me → Servants' Quarters → Cinque mondi → The Flag → Daimonion → Michael Jackson: Unmasked → La coppia dei campioni → Questi giorni → Money Talks → À fond → En dependencia → The Gospel of Ross McKim → Médecines et sac à dos → Olovne Godine → Patara → Change Itself: An Art Apart - Genesis Breyer P-Orridge → Pippa → The Pills: Sempre meglio che lavorare → Vetar → Uebergeil → Temperado → Liverpool Football Club vs Tottenham Hotspur Football Club → Elle → Monolith → Mosquito: A Fistful of Bitcoins → Wrobiony → Plan Z → Dream Empire → Das Versprechen → Einfach Leben → Mali Blues → Nincs kegyelem → Ballad in Blood → Das große Glück → Footloose in the Cotswolds: Part 1 → Donne di marmo per uomini di latta → André et les martiens → Frauen → Zivot v oblakoch → Royal Opera House Live Cinema Season 2015/16: La Traviata → Flaskepost fra P → MeesterSpion → Donbass → Luz de Soledad → Ombre dal fondo → Jak básníci cekají na zázrak → Ikaro → Billy Connolly: High Horse Tour Live → Sex & Crime → Mutter reicht's jetzt → No Trilho dos Naturalistas: São Tomé e Príncipe → Die tollsten Berliner Parks → Royal Opera House Live Cinema Season 2016/17: Les contes d'Hoffmann → Swinger → Hinter dem Schneesturm → Bar Bahar → No culpes al karma de lo que te pasa por gilipollas → Decibely lásky → Land of Light → The Sad & Beautiful World of Sparklehorse → Den allvarsamma leken → Royal Shakespeare Company: King Lear → Soul Exodus → Living Without Water → Strange Occurrences in a Small Irish Village → Prevenge → Marija → Twice Shy → HyperNormalisation → Amarás sobre todas las cosas → Outdoor Pleasures → Lethal Point → Plateia Amerikis → Bratrícek Karel → FinTech Made in Switzerland → Dancer → Fratelli di sangue → Le parc → La corona partida → Prazdniny v Provence → Des nouvelles de la planète Mars → The Wonderful Kingdom of Papa Alaev → My Guardian Angel → Vanatoare → Grimsby → Exhibition on Screen: Renoir - Reviled and Revered → The Making Of: Iris Warriors → Exiled → Aïmara, Terreur d'Amazonie → Tripolitania - Arcadia World Cosmos Global Travel Films → Correspondências → Despite the Falling Snow → Short Term Memory Loss → Freedom → Sam Was Here → Waldstille → Wild Goose Lodge → La vache → Seat in Shadow → Mama → Free Speech Fear Free → Giselle → De Claim - Zoektocht naar Roofkunst uit de Tweede Wereldoorlog → Vier gegen die Bank → Acqua e zucchero: Carlo Di Palma, i colori della vita → Dark Signal → La ciudad de las mujeres → Pet → Max Steel → Le fils de Jean → The New Man → Les têtes de l'emploi → Il fascino dell'impossibile → The Great Game → L'uomo che non cambiò la storia → Nihao Hamtaï: Magma, first Chinese tour → O Tardo → Everybody Happy → La prima meta → Toril → The Unknown Battle against Mediocrity → Tres días de julio → Danny → I Am Bolt → Kleinstadt - Dirty Little Secrets? → Die Habenichtse → Deadman Apocalypse → The Passing Years → Liverpool vs West Bromwich Albion → Wild → Miséricorde → Stop Over in Hell → Une jeune fille de 90 ans → CF Reus Deportiu vs CD Tenerife → Sasquatch → Alone in Berlin → Segantini - Ritorno alla natura → Le cancre → Our Kind of Traitor → O lugar que ocupas → Mancanza-Purgatorio → Porto → I Go Back Home: Jimmy Scott → Lames Ultramarines → The Limehouse Golem → BitterSuite → The Greenstone → España en dos trincheras. La guerra civil en color → The Tower → Alaska - Arcadia World 7 Days Travel Films → The Afghan horsemen → Zona Franca → De Premier → The Night Watchman → A Queer Country → Liverpool Football Club vs FC Augsburg → Marseille → Teesklejad → Uncle Howard → Apnée → Risto Räppääjä ja yöhaukka → Life → Jätten → 73' → 10 años con Bebe → Kampioenen van Amsterdam → Regrets of the Past → Kids in Love → Billion Star Hotel → Hello, Me Again → Moritz Daniel Oppenheim: The first Jewish painter → Looking for Monica → Revolution: New Art for a New World → A Brush Soaked in Carmine → La noche que mi madre mató a mi padre → O Vídeo → Vangelo → Passage → Les vieux amoureux → Soof 2 → Vangelis: The Interviews → Secondo Me → Schultersieg → Tommaso → Francisco visto por sí mismo → Goran → Back Home → Non si ruba a casa dei ladri → La corrispondenza → Egon Schiele: Tod und Mädchen → Glamour Dolls → Appennino → The Holly Kane Experiment → A day in Life of Joel Malcolm at Halloween HQ → Opus Zero → Smoking Club 129 normas → The Watchman → 90 BpM → 109 Hours → O Vídeo 2 → Zaba → Chervonyi → Reevolution → Liverpool vs Southampton → The Hunt for Transylvanian Gold → Nutcracker and Mouse King → You Can Call Me John → Mirgorod → My Father's Choice → After Auschwitz → The Ultimate Truth → Shelter → Peliculas Fronteristas → Ciapani → The Real Target → Liverpool Football Club vs Everton F.C. → Los gigantes no existen → Frank Lloyd Wright: The Man Who Built America → Pride → Dene wos guet geit → Crooked House → The Wife → Antifascisterna → Luurankoluola → Amy Winehouse: The Legacy → Torment → Ron Goossens, Low Budget Stuntman → Nerodic → Tawai: A Voice from the Forest → Oum Kalthoum La Voix Du Caire → Gholam → Grazing the sunny grass → Lass den Sommer nie wieder kommen → La villa → Waiting for the summer's return → The Testament → Minion Moments: Drenched → The Russian Revolution → Kvarteto → Coração Negro → The Harvest → Hellriser → Paul Daniels: My Life in Magic → If the Sun Explodes → Son morto che ero bambino → Macbeth → Aggression → Le Départ de la 2ème étape Ambérieu-en-Bugey-Saint-Vulbas du Tour de l'Ain 2017 (Carnet Filmé: 10 août 2017) → Django → Izgrednici → Ferrante Fever → Olegs krig → Cum on Feel the Noize → Julie Taymor: Shakespeares Kino → Zygmunt Hübner. Gra z rzeczywistoscia → Gordon & Paddy → Tango on a Visit → Eliott, paradis perdu → Tottenham Hotspur Football Club vs Chelsea Football Club → Born in Deir Yassin → Infernal Pain → Ach spij kochanie → Mi vida entre las hormigas → Royal Opera House Live Cinema Season 2016/17: The Sleeping Beauty → Desecration → It Came from the Desert → Jaded Heart → Nox.3 & Linda Olàh → Bonheur Académie → Do It Yourself → L'école buissonnière → Dunkirk → Do Not Feed the Pigeons → Iscelitel → El señor Liberto y los pequeños placeres → The Espadrillo Fortune → Nina → St Joseph's Convent Documentary → Liebes Ich → Well Fed → Moritz Daniel Oppenheim: Director's Cut - Extended Version → The Night Watchman → Ein Weg → Alone through Iran: 1144 miles of trust → Moi, Candidat → I Know You Are There → Quand je serai grand → Cold Skin → Transhuman → Interlude in Prague → A Year of Hope → Ombres et lumières → Handia → Picture of Beauty → Tiro libero → I'm Talking to You → Moglie e marito → Pokot → Charlotte Wakes → Hawaii → Spunti na vode → Pin Cushion → Liverpool Football Club vs Southampton Football Club → Málo lásky → Harry Styles: Behind the Album → Ciao Chérie → Whatever Happens → Man at Home → Le viol du routier → Budynok 'Slovo' → Bahama Sunrise → Mala: Notes on a City → Vinterbrødre → Jour J → Tazzeka → Le Accelerator → Johnny Hallyday → 60 Seconds to Die → Gatta Cenerentola → Tibetan Dreams → Unhinged → Verão Danado → The Song of Scorpions → Wer war Hitler → Raffaello: Il Principe delle Arti - in 3D → I Love... Marco Ferreri → Præsidenten fra Nordvest → The Lonely Battle of Thomas Reid → SD Eibar vs Valencia CF → Overextracted - The Swiss Coffee World → Hoggeren → Hamlet → Procesul → Ronald Koeman: Destination Wembley → Den Haag Alert → A Very Ghostly Murder → Par instinct → Experiencing Comic Con → La petite mort → Hjertestart → Kenny → A Ciambra → Maze → Derrière les fronts: Résistances et résiliences en Palestine → La voce di Fantozzi → Bobbi Jene → Royal Opera House Live Cinema Season 2016/17: Il trovatore → Barley Fields on the Other Side of the Mountain → Plannen voor Plaats → Tom of Finland → Joe Cocker: Mad Dog with Soul → Bingo → Underverden → Andi → Le musée des au revoir → Ghetto Heaven → Aktivisti → Bonne pomme → Berlin Excelsior → Forget About Nick → Shop of Little Pleasures → Le chemin → Mens vi lever → Lazaro: An Improvised Film → The Vampire King → La consolation → Sumsare → La batalla desconocida → Ksana → Thea: To somre, en vinter → 72hrs the Hague → De gelaarsde poes → Una questione privata → Tokyo Idols → Monstres, Ennemis intérieurs → Dick Verdult: It Is True But Not Here → Drôles d'oiseaux → Shootball → Muskarci ne placu → Der Konzertdealer → O Fim da Inocência → Schizophrenia: The Voices in My Head → La Sainte Famille → Stekle lisice → Kate's Chocolates → Jako z filmu → Zombillénium → L'ordine delle cose → Belle et Sébastien 3, le dernier chapitre → Nymphadelle → Death of a Child → Super Small Animals → The Three Don'ts → Two Sevens Clash: Dread Meets Punk Rockers → Fame → Loue-moi! → Manchester United vs West Ham United → Our Little Haven → The Arrow of Time → Ho amici in paradiso → Genius Montis: Spirit of the Mountain → Le serpent aux mille coupures → Horizon → Werner Nekes - Der Wandler zwischen den Bildern → The Last Scout → Kingdom of Us → Los desorientados → Coco → Libere → Menace → What Waits in the Red → Traffic 2 → Smoking Tar → Island Songs → Den anden side → Portolago: Fantasmata sto Aigaio → Hampstead → Los demás días → Unter deutschen Betten → The Secret Kiss → Chien → Knock → 144 → 250 Stepenika → Leon muss sterben → Encontro Silencioso → Bonne arrivée à la M.A.C.O., Papa Francois! → Le jeune Karl Marx → Into the Unknown: Reality Is An Invention of Imagination → Le prix du succès → Divino inferno: Et Rodin créa la Porte de l'Enfer → Wendy → Når du kigger væk → AD Alcorcón vs FC Barcelona B → Remake_Bodony → Medronho Todos Os Dias (Unedo Omnes Dies) → Socasja → Magical Mystery oder: Die Rückkehr des Karl Schmidt → It Was Fifty Years Ago Today! The Beatles: Sgt. Pepper & Beyond → Spin Round → K3 Love Cruise → KIM: Bald Prima Donna → Sleep Has Her House → El Viaje de Nuestras Vidas → The House of Screaming Death → Unrest → Hannah → As Vozes do Fado → Mobile Homes → Nabospionen → The Demonic Tapes → Discarnate → Stay Behind - Min farfars hemmelige krig → A Common Connection → Rememory → Chelsea FC Season Review 2016/17 → Jean Epstein et Rossella Mezzina à Olonne-sur-Mer (Carnet Filmé: 18 novembre 2016) → Interview with the Alien → Autism: A Curious Case of the Human Mind → En attendant Violette → Post Human: An Event → Favola → The Great Unwashed → Parade → Nous sommes l'humanité → Liverpool Football Club End of Season Review 2016/17 → Out → Onneli, Anneli ja salaperäinen muukalainen → La sombra de Ararat → B&B → Destination Unknown → Kleine ijstijd → Hitler's Hollywood → Dræberne fra Nibe → Crooked Billet (3D) → The Uncertainty Has Settled → No Stone Unturned → Luft → Turkey on the Edge → Vitalium, Valentine! → Letters → Room 431 → El autor → Noi, oltre il tramonto → Sex Abuse in the Church: Code of Silence → Royal Opera House Live Cinema Season 2016/17: The Dream/Symphonic Variations/Marguerite and Armand → Prioni → Weg van jou → Z-Office → L'architecte textile → Moja walka. Mamed Khalidov → Tutto quello che vuoi → La nuit juste avant les forêts → Mad to Be Normal → Ego, o allos anthropos → Le Redoutable → Los Angeles narrates → Toivon tuolla puolen → La fureur de voir → Motori ruggenti → Le rouge et le gris, Ernst Jünger dans la grande guerre → Happy Winter → Kazantzakis → Les Six Dijon (Carnet Filmé: 16 février 2017) → Napapiirin sankarit 3 → Amphibious → Un selfie con il Papa → Drôles de petites bêtes → Conversation with a Cactus → Warpeace → Gene Tierney, une star oubliée → Shaun Barker: One More Time → Human Flow → Es por tu bien → Ruza → Kuluut → Arjan's Big Year → A hentes, a kurva és a félszemü → Waiting for Leonard Green → It's me → Koga denot nemase ime → Super vacanze di Natale → Kirby at War: La Guerre De Kirby → Synthetic Void → Mario Lanza: The Best of Everything → La niebla y la doncella → L'échange des princesses → En attendant les hirondelles → Rückkehr nach Montauk → Cleaner → Aires Mateus: Matéria em Avesso → Arsenal vs Newcastle United → Newcastle United vs Liverpool → Your Flesh Your Curse → El Proceso → Auf der anderen Seite ist das Gras viel grüner → Vista mare → Moleman 4: Longplay → Ashbal, les lionceaux du califat → Burn Out → Samy Thiébault au Nice Jazz Festival → Euphoria → Dag Max → Elias og Storegaps Hemmelighet → VHS Lives: A Schlockumentary → Cerrone at Sónar Festival 2017 → Ensitreffit → Moor-Monster 2 → The End of Meat → Prání k mání → Sanfelices → Evil Rising → Blood Money → Corporate → Christmas Presence → Tallinn Under the Horns → In the Name of Peace: John Hume in America → Jiyan's Story → Bonington: Mountaineer → The Beyond → Parasozial - Fiktive Detektive → Liverpool Football Club vs Arsenal Football Club → Marikas Missio → The Trip to Spain → Die Vierhändige → Sammen om drømmen → La tenerezza → Vollmond → Ticket Holders or: A Metaphysical Journey Through a Cineast's Brain → Impossible Is Just an Opinion: Lincoln City Season Review 16/17 → A Residence above the Clouds → Alberto García-Alix. La línea de sombra → William und das Petermännchen → Walter Pfeiffer: Chasing Beauty → Sorceress → Le rire de ma mère → Things I Know to Be True → A Letter from London → Una gita a Roma → Wimbledon Official Film 2017 → Sans déconner → Northern Man Struggling Actor to Film Director → Sous peine d'innocence → Rökkur → Das letzte Loch ist der Mund → Au service de Jean-Christophe Averty mode Jarry (Carnet Filmé: 22 novembre 2014) → Trinta Lumes → Still Alive → Die Geschichte der Krim → Chance 2000 - Abschied von Deutschland → Mesteren → Denk ich an Deutschland in der Nacht → Al sur del swing → Perrolobo (Lycisca) → Manchester United vs Chelsea → Snjór og Salóme → Michael - (K)ein harter Vampirfilm → Problemos → The Gift → Freedom → Dröm vidare → Montserrat Roig: L'hora violeta → Vida y muerte de un arquitecto → Dance Fight Love Die: With Mikis On the Road → Jake → The Pugilist → Karsten og Petra ut på tur → No Place for a Rebel → Rett Vest → A Moment in the Reeds → Something → Delirium → The Liberator → The Willows → Six portraits XL 3: Philippe et Bernard → Il figlio sospeso → Victoria & Abdul → 4:00am → Avant la fin de l'été → The Insatiable Enzo Lemercier → Expedition Happiness → Lasciami per sempre → Pilgrimage → La carica di Isbuscenskij → The Maze → Spindl → Liverpool vs Middlesbrough → Spit'n'Split → Kabullywood → Empty Quarter, Half Full → Milice 2 → Tammisunnuntai 1918 → Baumschlager → Trädgårdsgatan → The British & Irish Lions: Uncovered → Western → Sommerhäuser → Les mains libres → An Act of Kindness → The Snare → Resident Forever → Sicilian Ghost Story → The Enemy → Die Stille Revolution → Voyage au Territoire du M² artistique → David Gilmour Live at Pompeii → Angel's Flight → Cinéma par Albert Dupontel → Ouale lui Tarzan → Stars in Brazil → Dasein → Vasco Gonçalves - O General No Seu Labirinto → Il coraggio di credere → Frosch, Schenkel und Prinzen → Svingerid → Sons of God → The Rolling Stones: From the Vault - Sticky Fingers Live at the Fonda Theatre 2015 → Damnatorum → Como la espuma → Demain et tous les autres jours → Fuck Dig, Jeg Er Klart Kendt → The Circle → The Making of a Dream → Olaf Ittenbach's Colourman → Song of Granite → A Room to Die For → Close But No Cigar → Another News Story → Früher waren die Drachen schöner → Mikhail Tal. From a Far → Manchester United vs Liverpool → Cruel and Unusual → Stella → Juliet vs. Romeo → Anina provizija → Yösyöttö → Loving Pablo → This Was My Dad: The Rise & Fall of Geoffrey Matthews → Light: Dritë → Mrtve ribe → Wscieklosc → Charles X at Ocean Climax Festival → Winter War → Borstal → Desperate Youth → Aus dem Nichts → Contes de juillet → The Devil Dogs → He jäivät → Quand j'étais Cloclo → Come un gatto in tangenziale → The Black Madonna at Sónar Festival 2017 → Undir trénu → Manchester City F.C. vs Tottenham Hotspur Football Club → A Fábrica de Nada → Zradnyk → Sara Baras. Todas las voces → Madame → Naken, sårbar & skitsur → Liverpool Football Club vs Tottenham Hotspur Football Club → Romans → Sunshine Ukulele → The Legend of the Ugly King → Alone → Lommbock → Maurice El Medioni → Gunned Down → Colo → Marrowbone → Lyubov - Kärlek på ryska → Ramiro → The Bookshop → The God of Small Things → Cornélius, le meunier hurlant → V imenu resnice → Halt! Los! → Orpheus Rising → Raymond's 5 → Fatum: Room 216 → A Caribbean Dream → Tok → La Llamada → Sammy Davis, Jr.: I've Gotta Be Me → Deny Everything → Knaster → Chroniques Balanines → Krotkaya → Game of Death → Cute Little Buggers → La fuga → Labirynt swiadomosci → Crispy's Curse → Annies Life and Work as a Metamorphosexual Sex Worker → Sage femme → Dancing with Monica → Ritter Rost 2: Das Schrottkomplott → Pihalla → Home Videos → Postcards from the Verge → Rota n' Roll → Amori che non sanno stare al mondo → O megalos peripatos tis Alkis → Wir töten Stella → Kundschafter des Friedens → Babylon Sisters → Hotel Inferno 2: The Cathedral of Pain → Werewolves of the Third Reich → A Viszkis → La parrucchiera → Princes Among Men → Marvels of the South-West → Carnival Messiah The Film & Documentary → Liverpool vs Bournemouth → 8 hlav sílenství → Visages villages → Oh My God → Silvana - Väck mig när ni vaknat → Unter aller Augen → Caniba → Tony → What Is Consciousness? What Is Its Purpose? → Miluji te modre → Blue My Mind → El intercambio → Verborgen verlangen → Kameleon → Stars 80, la suite → Grenade → Centro de Dia → Wind River → La tercera ley de Newton → The Apple Picker → Storia probabile di un angelo. Fernando Birri: (auto)ritratto di un poeta → Die Gentrifizierung bin ich. Beichte eines Finsterlings → For the Love of Godzilla → En équilibre sur l'océan → Vazvishenie → Horizonti → A Very Childish Murder → Seuls → Vida de Luis Vega, memoria de Paterna → Cuori puri → Brutti e cattivi → Franky → Pagine nascoste → Proyecto tiempo → Bd. Voltaire → The Girl from the Song → Selbstkritik eines bürgerlichen Hundes → Ferrari 312B: Where the Revolution Begins → Dream Songs → Roth → Suomi radalla → Syn Królowej Sniegu → #Starvecrow → Kaiken se kestää → Tehdy spolu → Moldovan Miracle → El equipo de mi barrio → Storozhova zastava → Wendy and the Refugee Neverland → España en la Fórmula 1 → Más allá de las olas → Ultra Music Festival Miami 2017 → Alan Hinkes: The First Briton to Climb the World's Highest Mountains → Inca Garcilaso, El Mestizo → The Stolen → Gli asteroidi → Pour le réconfort → Bijeli Put → Going for Golden Eye → Strangers Within → Somniloquies → Il primo meraviglioso spettacolo → Infinitium → La guerra dei cafoni → Diana: The Woman Inside → The Iconoclast → Desenterrando Sad Hill → 7 jours pas plus → Boys on Film 16: Possession → Et mon coeur transparent → Silk Road: Drugs, Death and the Dark Web → Prince: Purple Reign → Whitney: Can I Be Me → 2761 → De dag dat mijn huis viel → Konwój → The Prince Story: Icon, Genius... Slave → Usire → A Prayer Before Dawn → Libia: l'ultimo esodo → In a Year → Jordgubbslandet → Le Journal d'une étudiante → Ombra e il poeta → Lost in Florence → Almost Tomorrow → Mad Frankie Fraser → Tulevilla rannoilla → Ivan → Rendel → Herbert West: Re-Animator → Licht → American Moon → Las cloacas de Interior → The Broken Key → Elisa → The Granary → Dans la tête des quatre généraux → Michael Inside → Dalla Regia Marina alla Decima Mas → Daphne → Big Time: Historien om Bjarke Ingels → Everest: The South West Face → Sam Szafran/Outlaw Painter → Tottenham Hotspur vs Manchester United → You'll Never Walk Alone → Ex Dominatrix: A True Story → Dog Years → 12 jours → Love Scars → All You Need Is Love - A Course in Miracles Documentary Europe → Making the Grade → Becoming Cary Grant → Die Körper der Astronauten → uk18 → Numéro une → Tarpaulins → Filles du feu → Dummie de Mummie en de tombe van Achnetoet → Lo que dirán → Penélope → Askeladden: I Dovregubbens hall → The Ransom → An Ordinary Man → My Name Is Nobody → Unlocked → Professor Julian Leff: Unravelling Schizophrenia → Magic Hour 4 → Fantasmes et fantômes → A Inceput Ploaia → Bangers and Cash → Zgoda → Sea Sorrow → Elián → Überleben in Neukölln → Easy → Sök och du skall finna → Walk Away → L'héroïque lande - La frontière brûle → From Top to Bottoms → La ragazza nella nebbia → Comme tout le monde → A Christmas Star → Holy Lands → 63 slag - Henrik Stensons bragd på Royal Troon → Sauvage: Survivre au Cinéma → Une vie violente → Les espions qui venaient d'Hollywood → Ciao Ciao → Lasciati andare → Paha poliisi → Kreatura → Black Woods → Al Berto → One Ticket Please → Gnome Alone → Madame Hyde → Breathe → Nashla kosa na kamen → Sommerfest → Reakcja lancuchowa → Guardians → Whose City? → Einsamkeit und Sex und Mitleid → Asszonyok lázadása → Néstor Almendros, el hombre que pintaba con luz → Je suis resté dans les bois → Grillo vs Grillo → Let Me Go → The Hatton Garden Job → Kings of the Desert → Europa: The Last Battle → Avicii: True Stories → Exfrun → Bottom of the World → Miss Rosewood → Des amours, désamour → And Violet → La Holandesa → Brothers → Where the EDELWEISS are → The Foreigner → Paula Rego, Secrets & Stories → Das Wassup → Ethiopiques: Revolt of the Soul → Álmatlan: Dreamless → Sum1 → Songs in the Sun → Walk with Me → Mexique, justice pour les disparus → Print-Temps → Mary Shelley → D'après une histoire vraie → Teströl és lélekröl → Paris la blanche → The last days of Earth → Frost → Sous le même toit → Classe Z → Wedgetail → Tangent Room → Finding Fatimah → Sztuka kochania. Historia Michaliny Wislockiej → Il permesso - 48 ore fuori → A pas aveugles dans la nuit → Beast → Deathgrip → Atelier de conversation → The Shepherd → Fell in Love with a Girl → Hi-Lo Joe → Armastus → Vitalic at Sónar Festival 2017 → Habaneros → Hagazussa → Bodo → Schneeflöckchen → Empatía → Júlia ist → House of Afflictions → Jugend ohne Gott → Julius Caesar → Telle mère, telle fille → El color del camaleón → Le fort des fous → Cortos infinitos → Zero 3 → Doof kind → Beerput Nederland → Shlakoblok → Une Cinémathèque et une exposition en Bourgogne (Carnet Filmé: 2 novembre 2017 - 4 novembre 2017) → The Black Prince → Money → Slender Poltergeist → English Premier League Review of the Season 2016/2017 → This is my blood → Das System Milch → Félicité → Day of the Dead: Bloodline → Die Pfefferkörner und der Fluch des schwarzen Königs → Ciel rouge → Braguino → Time Trial → Jetzt.Nicht. → Drácula Barcelona → Les garçons sauvages → COPEL: Una historia de rebeldía y dignidad → Sõda → Latter-Day Saint → Entre le jour et la nuit → Finding Your Feet → The Current War → American Exchange Documentary → La voce del terremoto → Lajka → Raghu Rai: An Unframed Portrait → Gravity and Me: The Force That Shapes Our Lives → The Son of Bigfoot → Zahradnictví: Dezertér → 9 doigts → Neurococcyx: 'Unicorns on Sticks' Session → 47 Meters Down → Armomurhaaja → 2Close2U → Wilderness → Skyggenes dal → Addicted to Altitude, Part II: Cruel Everest → Den enda vägen → Golani → The Writer with No Hands: Final Cut → Memento Amare → F. Scott Fitzgerald: Seine Sekretärin Frances Kroll Ring erzählt → Le sens de la fête → The Acting Class → Ma mère est folle → Ishgyventi vasara → Topo y Wera → Caravaggio: The Soul and the Blood → Voices of the Sea → Lords of Chaos → Hitlers svenska soldater → Szeretlek, mint állat! → Portraits → Capri-Revolution → Una festa esagerata → Vaginator: Dawn of the Bitches → Tara Reata → The White Crow → Baltu Ciltis → El pacto → Pozyvnyy 'Banderas' → Ein wilder Sommer - Die Wachausaga → Sex Story → Genesis → Sant Martí → Männerfreundschaften → Utøya 22. juli → le Roi de la Vallée → Tuntematon mestari → The Best Day of My Life → Renault 12 → Terminal → Herrliche Zeiten → Sin rodeos → Postcards from London → Darwins Law → Ainda Tenho Um Sonho ou Dois - A História dos Pop Dell'arte → America Land of the Freeks → Death Fall → Sya → La Grand-Messe → Dirty Work → Il clan dei ricciai → The Fifth Sun → Isabelle → Lune de miel → The Good Death → A.I. Rising → Il destino degli uomini → Amin → Fleetwood Mac: Their Own Way → Heroes of the Empire → Gladiator Episode 2 → Miranda Barbour: Serial Killer Or Liar → Ruben Brandt, a gyujto → Stan & Ollie → The making of oom Jo → The Orchard → Pierino → I Am A Spy: Istanbul → Willy and the Guardians of the Lake → La Légende du Hérisson Doré → The Ark of Lights and Shadows → La terre est plate → Bimbo bambino → Children of Darkwood House → Hollywood rueda en España, 1955-1980 → Auf der Jagd - Wem gehört die Natur? → 'Nu verandert er langzaam iets' → Boat Squad: The Legend of Martha King → Neocalorrismo & Rumba'n'Roll → Help → Entre les barreaux les mots → Looking for Sunshine → Monsoon Tide → Madame Mills, une voisine si parfaite → Eagles: The Long Road → La sombra de la ley → Igapäevaelu müstika → Arsenal vs Manchester City → Paranormal Investigation → Khrustal → Das schönste Land der Welt → Retrospekt → Svéd v zigulíku → Rooted with Wings → Krymskaya Istoriya X → Chvilky → Die Gewissensfrage → Il banchiere anarchico → Curse of the Scarecrow → The Kissing Booth → Hmyz → El guardián de la cueva → Yucatán → Der letzte Mieter → En gang Aurora → Swirniety Mikolaj → Leyla → Czech Republic - Arcadia World 7 Days Travel Films → Buh s námi - od defenestrace k Bílé hore → Happy Ending → Steel Country → Sinterklaas & Het Pieten Duo: Het Gestolen Speelgoed → Perfect Skin → The Things We Keep → Germania → Uncle David 2 → Entrialgo (La película) → Skjold & Isabel → Haunted 2: Apparitions → Sune vs. Sune → Harry & Meghan: A Modern Royal Romance → Frères ennemis → Tomorrow is gonna be ok → White Goods → Paranormal Farm 2 Closer to the Truth → Tempo Comum → Tamara Vol. 2 → Lad de døde hvile → Il toro del pallonetto → Ljetnikovac → Nos vies formidables → Je ne suis pas un homme facile → Real Betis vs F91 Dudelange → Harcosok Serlege → Suspiria → Voetbal is oorlog → The man behind the Portrait → Reggae Fever: David Rodigan → Seuls les pirates → Loro 1 → André Robillard, en compagnie → De uønskede → Projekt: Antarktis → I will speak, I will speak! → The Commodore Story → Marion → Happy Lamento → King Lear → The Trial of Ratko Mladic → Liverpool vs Bournemouth → Unearthing → Escape from Marwin → Zoe → Sunshine of Your Love: A Concert for Jack Bruce → Wild Honey Pie! → L'amour flou → My way 50/My way 50 → Smågodis, katter och lite våld → Catacombe → Natsværmer → De zaak gebroeders R. → Teen Spirit → Habbilni Ha Nirbah → Loulabelle's Café → The Other Side of the Wind → Norway's Great Sled Dog Race: Bergebyløpet N70 → Syn → Un frère → Sonja: The White Swan → Le circostanze - I romanzi disegnati di Vittorio Giardino → Jesters → Die 1000 Glotzböbbel vom Dr. Mabuse → Remélem legközelebb sikerül meghalnod:) → Sidney & Friends → Angels Are Made of Light → Der sechste Kontinent → Meeting Gorbachev → Tottenham Hotspur Football Club vs Burnley Football Club → Chosen Men → Dragon Kingdom → Return to Podor → Michel Vaillant, le rêve du Mans → Drake: Rewriting the Rules → Hjärtat → The Motorbike aka Motorut → ASHCAN: The Secret Prison → De Nacht → Manchester United vs West Bromwich Albion → Lost Reactor → Buying the Band → Painkillers → Brava Gente. Lungo viaggio per tornare → SOLO! → Welcome to Hell → Si linghun → Jeremiah Terminator LeRoy → Olavi Virta → Oscuro y Lucientes → The Grief of Baudouin → Project Alpha or Short Instruction on Self-Realization → USA: Fear the Police → AD Alcorcón vs Real Zaragoza → La voix du tambour → Between Worlds → Wiosna Smoków → No Shade → Spitfire → Henry V → Forgotten Soldier → Les drapeaux de papier → Blurred Border → Kralj Petar I → Un pays plus beau qu'avant → Nous, Tikopia → Tkanje Pogledov - Joze Dolmark → Womit haben wir das verdient? → Newcastle United vs Chelsea → Russian Accent → Being Missoni: Memories from the Future → En el corazón de la Duodécima → Poslednja avantura Kaktus Bate → Under the Wire → Hit the North → Katrina's Dream → Azahar → Nemesis → La cifra negra → Landlocked → Winter Ridge → Aparição → Jack Stone: Rogue Albion → Hodja fra Pjort → Journal d'un disparu → The Kleptocrats → Electric Angel → Sacrifice → Wheels of Freedom → A Private War → Il ragazzo più felice del mondo → Bon Bini Holland 2 → Spielmacher → Troppa grazia → Tlmocník → Epsykoi, la santé mentale et les jeunes → Hurricane → Hamburger Gitter → Les filles du soleil → Amare amaro → Lyckligare kan ingen vara → From Source to Sea → A Trip with Friends → Munch i helvete → Yo la busco → Russia's Journey: Building the 2018 FIFA World Cup → Renzo Piano: An Architect for Santander → När Skogen Tystnar → Vegan 2018 → New You → Point of No Return → Kobro/Strzeminski. A Fantastic Tale → Selena Gomez: Dreaming → Where Does All Your Money Go? The Deadly Cost of Humanitarian Aid → Leslie brinner → Vacancy → Banditi u potrazi za mamom → The Return of the Ding → The Long Road to War → Za ona dobra stara vremena → Ricordi? → Auf der Sonnenroute des Ostens → Neuilly sa mère, sa mère! → Goliat → Un homme est mort → Zerschlag mein Herz → Snap Shot → Tattoo Girls → Le Cahier Noir → Suede: The Insatiable Ones → Town of Strangers → La légende → The Chaperone → Bava Puzzle → Swimming with Men → Den' Pobedy → Au nom du fils → Safari: Match Me If You Can → Dei → Syndebukken: Prosessen mot Harry Lindstrøm → Quién lo impide: Tú también lo has vivido → Scala Adieu - Von Windeln verweht → Manchester United vs Juventus → Angelo → Valami Amerika 3 → Le gendre de ma vie → Greed → As Zvaigzde → La finale → My Darling Son → Deux, trois fois Branco → La felicidad de los perros → Sisters → România neîmblânzitã → Away From Home → The Haunted → Mechanical Monsters → Le vrai film est ailleurs → Dinosaurs → Pink Elephants → Evropi, to oneiro → 100 días de soledad → Accident Man → Wraith of the Umbra and Eidolon → White Chamber → Trees → Kvepavimas i marmura → Il triciclo → Coulda, Woulda, Shoulda → Act! Performing Arts, Transforming the World → The Surrogate of Infidelity → Robert Vano - The Story of a Man → Nureyev → Bene ma non benissimo → Healing Scars → Liverpool vs Newcastle United → Serengeti Rules → Vandringsmanden → Real Betis Balompié vs CD Leganés → Smart Christmas → De dirigent → Paranaue: The Documentary → Dantza → Bruxelles, le grand mix → Il mondo o niente → Pasaje a Hawaii 1907-1913 → Butterfly → Maran → From Knee to Heart → Før frosten → Tabaluga → Tina Pica → Non può essere sempre estate → Sarà Paradiso → Influenza: on Kirstine Roepstorff → Stress → Caina → Le Lieu du Mélodrame - L'Appartement → Inside the Russian Info War Machine → Acts of Cinema → Commando Ninja → Loro → Canal V → Ma reum → Die defekte Katze → Fünf Freunde und das Tal der Dinosaurier → Anders, jag och hans 23 andra kvinnor → Podatek od milosci → Comandante Arian, una historia de mujeres, guerra y libertad → StellaStrega → Carl Laemmle: Ein Leben wie im Kino → Romeo and Juliet → Está Todo Bien → The Spiritualist → Les invisibles → Subs Heroes → Ruth → Battle → Hjerter dame → Holy Boom → Flotten → Bohemian Rhapsody → In Darkness → She's a very nice lady kaléidoscopique → Westwood: Punk, Icon, Activist → Rudeboy: The Story of Trojan Records → La femme la plus assassinée du monde → Mon cochon et moi → Une intime conviction → Le dernier boucher → Minuscule 2: Les mandibules du bout du monde → 1200km → Feeling of revulsion → Autsajder → Yalla Baby! → Tutto davanti a questi occhi → I am what I have learned to be → Angkar → El aviso → Blockbuster → Caminhos Magnétykos → Diplo at Sónar Festival 2018 → L'Empereur de Paris → La profezia dell'armadillo → Inchoate → Na krátko → X. → CS Go: For Gold → Comic Sans → Imagens Proibidas → Lyrro - Ut & invandrarna → Kill Ben Lyk → Incoming → El barman de las estrellas → Distant Sky - Nick Cave & The Bad Seeds Live in Copenhagen → Das schönste Paar → The Dead and the Damned 3: Ravaged → Ronny & Klaid → I Am the Revolution → Say My Name → Evelyn → Where Are You, João Gilberto? → All She Wrote → Todos lo saben → Den blomstertid nu kommer → Sgt. Stubby: An American Hero → Aleksi → Therapie für Gangster → School Circles → Úsmevy smutných muzu → Solo → Never trouble trouble until trouble troubles you → Lukas → Ami-ami → The Hollow World → El árbol de la sangre → Van Gogh: Tra il grano e il cielo → The King of Paparazzi - La vera storia → The Salzburg Story → Road to Gymkhana Grid → Vándorszínészek → Spreeland. Fontane → The spirit chaser → Hálito Azul → Grâce à Dieu → En las estrellas → Lysa Hora → Søvn → Jak pies z kotem → Nachtwacht: De poort der zielen → Krank → L'albero delle parole (Ermanno Olmi a Barcelona) → Jean-Claude Izzo - Mediterraneo Noir → Untie the Lines: a Journey of Salt, Sweat and Determination → La vita dopo → Sveriges farligaste man: Svartenbrandt → Carga → Let's Rock! - The 2017 Status Quo Fan Convention → Posledice → Deux fils → Anon → Rosie & Moussa → The Jester's Plane: A Curious Journey Down the Rabbithole → Casi 40 → Shlyakhetni volotsyuhi → #Indestructible → Grindsploitation 4: Meltsploitation → So was von da → Becquer and the Witches → Liverpool vs Manchester United → Retur fra de døde → Shéhérazade → Cantares de una revolución → Abdel et la comtesse → London Unplugged → Hölmö nuori sydän → Lord of the Toys → Angst → Love Is All → Amour en ligne → Dark Vale → Blood Paradise → Living with the Secret Kogi-Tribe → Don't Go → Le temps d'une valse → Jainkoak ez dit Barkatzen → Ettore Majorana: L'uomo del futuro → XConfessions Vol. 14 → I Hate New York → Antall József portréfilm III. rész (Antall József 1365 napja) → Zimna wojna → Death Records → Kibera Sauti → Hilfe, ich hab meine Eltern geschrumpft → Zen sul ghiaccio sottile → Five Red Roses - one for every syllable of your name → La mia amica geniale → Place publique → Coming Home Soon - The Refugee Children of Geislingen → Daydream Believers → One Girl → Great Great Great Great Great Great Great Great Great Great Great Great Movie → Axel der Held → Jiazú. Láodòng. Syoping. → Pup-o, ma! → Much Ado → The Ballymurphy Precedent → Anunnaki, los caídos del cielo → The Official Film of 2018 FIFA World Cup Russia → Nina → Funny Girl → Une fois comme jamais → Harry Gruyaert - Photographer → Mémoires Corse → Rekonstruktion Utøya → Vote Debra Gray → Akram Khan's Giselle → My Brother, My Love → The Demonic Doll → Chelsea FC Season Review 2017/18 → ¿Eres tú, papá? → Home of Springs, Trengwainton → Tchad, quand la pluie attend la paix → Level Up Your Life → Just Drifting Along → A Christmas Carol → Prosengizontas tin psyhi: Amalia Zoglopitou → Dans la peau de Don Quichotte → Liverpool vs Southampton → A glorious delegation to Pyongyang → Der Esel hieß Geronimo → Indiana Jones and the Crown of Thorns → After the Lethargy → Skjelvet → Cuentos → Webcast → The Con Is On → The Madness of Tellaralette Seville → Good Girl → One Way → We the Kings → Spur des Terrors → Fenster Blau → Goin' Rectal → 1914-1945: Les hommes des deux guerres. → Metal Heart → Het leven is vurrukkulluk → Dilili à Paris → Waldheims Walzer → Kluci z hor → Gudrun - konsten att vara människa → Maya the Bee: The Honey Games → Nessuno come noi → The Outsider → Rash → Where is home? → La visite → La Légende du Château de Chillon → Teret → Phantom → Leva. Älska. → I nostri passi diversi → La memoria no olvidada → Leben für den Tod - Menschen am Zentralfriedhof → Full of love - pakomatka pakastimesta → Liverpool Football Club Season Review 2017-2018 → Red Land (Rosso Istria) → Córka trenera → Voyez comme on danse → Footloose in Ireland: Dingle Way & Dublin → La spartenza → Phaidros → The Beatles: Made on Merseyside → Looking for Zion → System Error → Les démons de Ludivine → Metti la nonna in freezer → Silence not silence, red not red, live not live → Jaguar - Going Electric → National Theatre Live: King Lear → Les grands squelettes → Uma Vida Sublime → Zwaar verliefd! → Elevator to Insanity → Mowgli → Hell's Angels → 11:23-09:59 Projekt Angst → Farming → Caballos locos → Kobiety mafii → Lemon Popsicle - of Winners and Losers → Trezor → The Bobot → Fishbone → Notatki z zycia. Edward Zebrowski → Being with Animals → Continuer → This Weekend Will Change Your Life → Timebreakers und die rätselhaften Grabzeichen → Na vodi → Constance Smith - Hollywood Tragedy → Expertises → Youth Condemn → Back to Berlin → Forever → Il mio uomo perfetto → Digital Addicts → Ceres → Holy Mountain → Bamse och dunderklockan → Vinylholic - Because Vinyl Loves Music → Saint-Marcellin vu par Gérard Courant II (2009-2017) (Carnet Filmé: 2 avril 2009 13 avril 2017) → Mute → Inner Ghosts → Thinking Nietzsche → Made in Argentina: Sergio Aguero → Overwatch: Be the Hero → The Devil Outside → The Three Kings → Les chatouilles → La primera cita → The Sun Sets in the East → El Guion de tu vida → The Life After → Lietuviski svingeriai → Bernini → M → Dom → The Hog Boon → This is Måneskin → Maria's Place → Féminin plurielles → Through Our Eyes → Stories of the Half-Light → Tucked → Crossing the Line → Liebesfilm → Die Seele der Geige → Peggio per Me → The Tower → Kinetics → Forget Winnetou! → Corey Taylor - Live in London → Golpe de Sol → Mia et le lion blanc → Un violent désir de bonheur → Celebrity Fight Night in Italy → A Swedish Elephant → En svensk tiger → Ei tietä kotiin → Operasjon Mørkemann → The Scrooge Mystery → Nothing Like a Dame → Zentralflughafen THF → Hondar 2050 → At Eternity's Gate → De l'amour sous la haine? → L'inatteso → Kilian Jornet: Path to Everest → Casa de sudor y lágrimas → Meghan Markle: From Hollywood to Windsor → Sakawa → Zvicra → Kärlek & vilja → Zorn II (2016 - 2018) → Quién te cantará → Faraway Land → O teleftaios partizanos → Les fantômes → Cruxman → Bécassine! → Rossz versek → Love Possibly → Hooligan Escape The Russian Job → The Party's Just Beginning → Acid Forest → Ritratti di famiglia → Do vetru → Duverný neprítel → Happy New Year, Colin Burstead → Causa especial 20907/2017 → Hunger for Truth: The Rhea Clyman Story → Teidät tuomitaan elinkautiseen → El mejor verano de mi vida → We Are Not Princesses → La prière → Seestück → Klimatexprimentet → The House That Jack Built → Bobby Robson: More Than a Manager → Grimsey → Madama Butterfly → I diari di Angela - Noi due cineasti → The Curie Case → Cellar Door → Holy Spirit → Polterheist → The Camino Voyage → Girl → Lara - Aribelle si mana destinului → Menocchio → Big Wata → They Shall Not Grow Old → Ein Viertel der Welt → Lovers: Piccolo Film Sull'amore → Studniówk@ → Take the Ball Pass the Ball: The Making of the Greatest Team in the World → Dark Highlands → I bambini della Grande Guerra → Im Schatten der Netzwelt → Mario Botta. The Space Beyond → Walk → El secadero → Andið eðlilega → Trash Arts Killers: Volume One → Das schweigende Klassenzimmer → Ride → Le collier rouge → Only One Day in Berlin → Das Ächzen der Asche → Relatos de Eleria: El Viaje de Gawain → Tracks → Ma belle jeunesse → Ulysses: A Dark Odyssey → I, Dolours → L'empire de la perfection → Black Site → 7 uczuc → Lof mér að falla → Flesh Memory → The Living Thames → Lustrum → The Superpowers of the Bear → Backstage → Wer hat eigentlich die Liebe erfunden? → Fishermen Vs. Bikers → Dogman → Ronco rumor remoto → Symphony of Now → Chelsea vs Liverpool → Svinhery → New Town Utopia → Tijera contra papel → Marche ou crève → Buñuel en el laberinto de las tortugas → Trondheimsreisen → The Man Who Fights with Ghosts → The Curious Works of Roger Doyle → Ahto. Unistuste jaht → Cops → Film catastrophe → Path of Blood → La strega di Belvì → Th'dread Rattlin' → Örök tél → Liverpool Football Club vs Manchester City F.C. → Playing Dead → Wuff → Notte nuda → Matoma: One in a Million → Dove tutto ebbe inizio → An den Rändern der Welt → Pleasureland → Dos Cataluñas → Das Höllentor von Zürich → Amanda → Bostofrio, où le ciel rejoint la terre → La traversée → Faust by Charles Gounod at Teatro Real, Madrid → Les anges vagabonds → Mes provinciales → La Ballade de Lyon (Carnet Filmé: 15 août 2018) → El secadero de iguanas → La Befana vien di notte → Maj Doris → Prioni II → Paradogma → What About Us Documentary → The Grinch → Engel Über Europa: Rilke Als Gottsucher → Licentious → Le cri du masque → Linfa → Murer: Anatomie eines Prozesses → Petting statt Pershing → El viaje a Kioto → Captain's Dream: Art Biennale in Antarctica → God Forsaken → French Kisses → The Elephant Queen → Real Betis Balompié vs Real Valladolid CF → Le jeu → Les bonnes intentions → Deep Web XXX → The Undamaged → A Northern Soul → Zwischen Sommer und Herbst → Chris the Swiss → Around India with a Movie Camera → Valmentaja → Lacrimosa → Brillantissime → Palace for the People → The eagle's shadow → The Aspern Papers → Be Kind → Bille → Exhibition on Screen: Cézanne - Portraits of a Life → Sauver ou périr → La Grande Famille → Der Schurke Robert Otto → Who in the Hel Is Ior Bock? → Lói: Þú Flýgur Aldrei Einn → The Cacophony of Donbas → The Barge People → Mo Salah: A Football Fairytale → Dead in a Week (Or Your Money Back) → American Woman → Redcon-1 → Retorno → Jak se mori revizori → A Reel Life → Viking Destiny → Douglas Fairbanks: Je suis une légende → De man van 85 miljoen → The Mover → Around Here → Ana de día → Campeones → Mandy the Doll → The Unanswered Ives: American Pioneer of Music → Ein Anderer → Zgodovina ljubezni → The Old Man & the Gun → Suomen hauskin mies → Les aventures de Spirou et Fantasio → Wintermärchen → La innocència → Se c'è un aldilà sono fottuto. Vita e cinema di Claudio Caligari → Extra Ordinary → Arsenal vs Manchester United → Les parfums → Mystinen metsätyömies → Justin Timberlake: The Man of the Hour → The Spy Who Fell to Earth → April, May en June → Cool Daddio: The Second Youth of R. Stevie Moore → Colectiv → Bee Gees: Everlasting Words → Can I cum in your mouth... pretty please? (Under Desk POV) → Viking Blood → La nature → Pan T. → Olliver Hawk → Deepthroat and Gag Noises → Books VS Cigarettes → The Mikado → Les beaux menteurs → A Music Story → All Inclusive → Brecht → The Good Terrorist → Vulnerabile bellezza → Epilog → Lucky Day → Living with Spirits - part 1 → Liverpool Football Club vs Fútbol Club Barcelona → Piuccheperfetto → La filla d'algú → 99 Luftballons und ein bisschen Frieden - Der tolle Schlagerabend → Pohjankävijäin merkintöjä → Karelia: International with Monument → Muscle → Arifa → Bad Girl → El Sueño de Olavide → Toni Kroos → Leur souffle → The Edge → The Illegal Film → Salt → Noir After Noon → Ma famille et le loup → Vsi proti vsem → Els dies que vindran → Rêves de jeunesse → Victor et Célia → Lest We Forget → A mano disarmata → Paradise → Ghost Tropic → Revolt → La guerra empieza aquí. → Sesión Salvaje → Rebelles → Lions of the Pyrenees → Forman vs. Forman → La paura trema contro → Stanley Kubrick, de l'autre côté de l'arc-en-ciel → Keith Haring 1989 Barcelona → Exploring Hans Hass → La vie scolaire → Anbessa → Bittersweet Symphony → Io sono Sofia → Killers Anonymous → Pijavice → Apocalyptic 2077 → The Cave → 501 Not Out → En ziro per la Val de Non → Netherlands vs England → Arsenal vs Fulham → Pharaohs Unveiled → Inland → Viking Warrior Women → A prescindere... Antonio de Curtis → The White Maasai Warrior → Finis Terrae → Mick Jagger: A Knight to Remember → Moyi dumky tykhi → A Christmas Carol → Manchester United vs Leicester City → Draw a Line → Dreissig → The Baylock Residence → Terminal Sud → Huisvrouwen bestaan niet 2 → Volanie → Zelazny most → Erde → COPA DEL REY First Round Club Atlético Antoniano vs Real Betis Balompié → Strictly Salsa: The Beginning → Gli ultimi a vederli vivere → Posljednji dani ljeta → Under the God part 2 → Posljednji Srbin u Hrvatskoj → Fanatical → Premier League 25. Matchday Manchester City vs. Arsenal FC → The Funeral Director → Se mi vuoi bene → 13 Graves → Doggy Style Dildo Fuck → Invasion Planet Earth → Jeanne → Ron King: Alphabets, Bandits & Collaborations → Viktor, i ta paidia stin exousia → Double Income, Kids → Varados → My Zoe → Maleficent: Mistress of Evil → One Night in Al Aqsa → Darkroom: Tödliche Tropfen → Amor en polvo → Weitermachen Sanssouci → Manchester United vs Watford → War of Art → Dálava → Mullah's Daughter → En Travail → Dveselu putenis → Welcome the Magical Mystery Tour → Il signor Diavolo → Das Vorspiel → Beau joueur → Gimtine → Trying on Stockings (pick your favourite) → Svenne Hedlund - En man och hans Cadillac → Als Hitler das rosa Kaninchen stahl → OLIVERovih 70 → Lost Youth → Tötet nicht mehr → Ich bin Anastasia → Madame → The Hitman → Jelger de Goochelaar en de Schat van Nicolaas → Lions of Lissa → The Swiss Communist Party → Profondo → Leaving the Frame → Can I Borrow Your Face (Dirty Talk) and Cum → Child of Wisdom → French Touch: Girls on Fire → Hard Corps → Nonostante la nebbia → Velázquez. L'ombra della vita → Stabbed: Britain's Knife Crime Crisis → Premier League Liverpool vs Leicester City → David Selves In Conversation With Parag Khanna → Premier League Leicester City vs Tottenham Hotspur → Red Room → Tarhapäivä → Hellhole → Rose McGowan: Being Brave → Two Heads Creek → Cordes → Supernova → Dead Party → Muse → Il capitano dei ghiacci → Lavyrinthos → Amateur masturbates with moaning (clothed) → Under the Radar: The Mike Edmonds Story → The Queen's Corgi → How far the stars → Akik maradtak → Beneath the Trees → Generation '91 → Inner Landscape → Fanny Lye Deliver'd → Al-Shafaq - When Heaven Divides → How You Look at Me → Shooting the Darkness → La strage di Piazza Fontana e le bombe a Roma → Man Woman Child Wild → Cold Pursuit → Team Tibet → Linhas Tortas → Léto s gentlemanem → 50 Gründe Südtirol zu lieben → Trumped → 47 Meters Down: Uncaged → Life in WWII Britain → Kirschblüten & Dämonen → The Rise and Fall of Timex Dundee → Doppelgänger → The Grandisons → La virgen de agosto → My Candy Happiness → L'angle mort → Scarecrow's Revenge → The Merry Wives of Windsor: Live from Shakespeare's Globe → Arctic Justice → Terra mia → Robert Reborn → The Prado Museum. A Collection of Wonders → Neuseeland - Gletscher, Vulkane und Kiwis → Les héros ne meurent jamais → Keyboard Fantasies → Carrousel → Justin Bieber: Rise of a Superstar → Coral Reef Survivors → Kölcsönlakás → Il nido → Urban → The Downfall of #ChangeTheChannel → Arracht → 30 de ani de democratie → Sun → The Investigation: A Haunting in Sherwood → De erfenis van een verzetsheld → SPUR - The painters of the future! → Adoptee 88 → Le Jour où la Terre s'éveilla → Le monde normal → QVIS I → Miranda Lambert: For the Record → Þorsti → Jews and Albanians → Turpa Kiinni Minun Haters → Real Betis Balompié vs Deportivo Alavés → Tristeza e Alegria na Vida das Girafas → Vis-à-vis → Cuca (Retrato de una mujer) → Gelateria → The Hydra → Play → L'uomo senza gravità → Our Nature → 100 → Kat and the Band → Na strese → Salir del ropero → Iron Sky: The Coming Race → Made in China → The Dark Within → Carlo Vanzina: Il cinema è una cosa meravigliosa → National Theatre Live: The Lehman Trilogy → Leonardo: The Works → The Gamekeeper → Kongernes fald → Manchester City F.C. vs Chelsea Football Club → The Long River Slides → Milf inserts Fleshlight Cleaner between Big Pussy Lips → Manchester United vs Crystal Palace → Lontano lontano → Folie à deux → Richard Turner: A Life in Music → Oma en Chris & de rode auto → L'été 1982 à Hollywood → Mein Ende. Dein Anfang. → Skazhene vesillya 2 → Madre nostra → La Agencia → De dødes tjern → Futro z misia → Adrian ist nicht Achill → Ardara → Osamelí bezci: Ideme dalej! → Camgirl Deepthroat and Dildo Fuck → All My Loving → Ein Abend für Karel Gott → Der goldene Handschuh → The Sunlit Night → Ama Romanta: Uma Utopia que Fazia Discos → Tradition → Vaudevillains → Sterne über uns → The Perished → It's on 2 → Elisa y Marcela → Mathera → Pasmerkti. Kauno Romanas → Movements of a Nearby Mountain → Unmasking Jihadi John: Anatomy of a Terrorist → General → Rendez-vous chez les Malawas → Univers(o) Pecanins → Les enfants de la patrie → The Rizen: Possession → The Whale and the Raven → Human in Oil → Rupert, Rupert & Rupert → My London Slave → Silent Days → Den inre skogen → Pop Black Posta → My Heart Was Killed by Madness Witch with Big Ass → Manchester United vs Chelsea → La casa del padre → Gioconda by Amilcare Ponchielli → Die Dohnal → Valle Inclán y Julio Romero de Torres, un pintor para una ciudad. → Patrick → Mehed → In the Name of Scheherazade or the First Beergarden in Tehran → In the Trap → Louis Theroux: Surviving America's Most Hated Family → Qui m'aime me suive! → Ükssarvik → Snow Leopard of the Carpathians → Kobiety mafii 2 → Making a Change → Al sur de la fusión → L'immortale → Zé Pedro Rock'n'Roll → Sunset Over Mulholland Drive → Watch her Cum → La Soirée de Remise des Prix du 35ème Festival d'Alexandrie (Carnet filmé: 13 octobre 2019) → Amygdalia → Tongue Play whilst waiting for something to load for work → The Hardest Hit → Blinded by the Light → Marche avec les loups → Vera → Beyond the Macabre → La casa dei bambini → EXILED Rohingya → La moda proibita (Roberto Capucci e il futuro dell'Alta Moda) → Blanche comme neige → Eroski Paraíso → Armageddon Gospels → Acid Pit Stop → The Cloaking → Diecisiete → Stalker: The Curse of the Zone → I Am an Addict → Freedom → Love Type D → Oh, Ramona! → Baby Jane → Bonnie & Bonnie → Filme muito breve: Miguel Franco (1918-1988) → Scherza con i fanti → Uzly a pomerance → Uno di noi → 3 Lives → Michelle Obama: Forward Motion → Hunting for Hedonia → Parwareshghah → Das perfekte Geheimnis → Le dindon → A Shaun the Sheep Movie: Farmageddon → #Followme → Villmarksbarna - En eventyrlig reise → Music for Ordinary Life Machines → Sin → Kiruna - A Brand New World → The Boy Who Harnessed the Wind → Restoring Dignity → Camino sin límites → The Remnants → I'll Be Gone → Art & Mind → Poliorkia stin odo Liperti → Lorem Ipsum → Jagtsæson → Il sindaco del Rione Sanità → Jilling under Panties on a Break → I Am → Under ConTROLL → Land Without God → Lampenfieber → Ignoring you... masturbating and cumming in front of your face... → Hellthy → De club van lelijke kinderen → Manchester City vs Tottenham Hotspur → Mazais princis: Milestibas kodi → Ostatni ludzie Czarnobyla 2 → Jupp, watt hamwer jemaht? → AlternaSuisse → Shorts After Dark → Japan - Arcadia World 7 Days Travel Films → Cold Lands → 5 Minute → Cosmic Candy → COPA DEL REY last 16 1st leg Real Betis Balompié vs Real Sociedad → Seveled → Four Nocturnes → Musica Cubana - A Story to be Told → Fuel → Fragmentos de um mundo sensível → 1979, Roma violenta → Amateur's Upside Down Deepthroat → Indian Space Dreams → Masego at Sónar Festival 2019 → Loving Dick Suck and Deepthroat → Menese → Manchester United vs Chelsea Football Club → Battle of Social Networks → Üres lovak → COPA DEL REY last 16 2nd leg Real Sociedad vs Real Betis Balompié → Avoir 20 ans à Lunel → Artists on Strike → Immenhof - Das Abenteuer eines Sommers → Ho sposato mia madre → Benjamin Falck and the Ghost Dagger → La Voix du Ciel de Joud Said à Alexandrie (Carnet filmé: 11 octobre 2019) → Nutshot → Joanne → Route 66 → Trhlina → De Zaak Tuitjenhorn → Refúgio 2099 → We Are Russia → I Love You I Miss You I Hope I See You Before I Die → The Jack in the Box → Verliefd op Cuba → Make Room in Hell → Nobadi → Erwin Olaf The legacy → Prodyuser → Love's Places - Plätze der Liebe → Hope Gap → Le goût du secret → Valentin, son of Europe → Gli uomini d'oro → The Informer → MS → Wasp Network → Die Wiese → The Glass Room → The Darkest → Die fruchtbaren Jahre sind vorbei → Ako svih nas vise nema → Dans la matinée → Permaculture, la voie de l'autonomie → Der Atem → The Mustang → L'image manquante → Preboj → Les trois cités (Carnet Filmé: 1er janvier 2019) → Blakus → Once Upon a Time in the City on the Stone → Manchester United vs Liverpool FC → Knorx → Welcome Palermo → Stillstehen → The Purple Mist → Tottenham Hotspur vs Ajax → Eld & lågor → You Asked to See the Monster → Systemsprenger → Cafir → Leif in Concert → Elvis: The Men Who Knew Him Best → National Theatre Live: Fleabag → The Personal History of David Copperfield → Sortir du Rang → On va tout péter → Great Pyramid K 2019 → Recreational Activities → Diva of Finland → Sympathy for the Devil: Revisiting Psycho II → La mia seconda volta → Victoria → Radio Ganga → Vasco NonStop Live 018+019 → The Best of Dorien B. → Tusta → Ab Negative → Doll Cemetery → Así que pasen cien años → Dieç, il miracolo di Illegio → National Theatre Live: Small Island → Hard Dildo Pounding with Boob Jiggle → Kathleen Kilbane - A Pilgrimage to her Grave → Úhori mají nabito → Z wnetrza → Titty Fuck & Gaming Talk → Once There Was a War → Journal de septembre → Let There Be Light → SD Eibar vs Real Betis Balompié → Bruder Schwester Herz → Maintenant (Carnet Filmé: 20 décembre 2018 - 20 avril 2019) → Triskipolis → Michael Cacoyannis, le réveil grec → J'veux du soleil! → Ervin → Point Blank → Ljudi koji su sadili drvece → Unheimlich perfekte Freunde → Binnen de Muren → Die Geburt des Leoparden → In the Dusk → A fegyházlelkész → Just a Child → Ockels erfenis → The Road to Kingdom Hearts III → A Girl from Mogadishu → The Huntress: Rune of the Dead → Generalísimo, la vida de Franco en color → Armenia Uncovered → Gut gegen Nordwind → Take Me Somewhere Nice → Borley Rectory → Scare Attraction → Where Demons Hide → Convergence → Pariisin prinssi → Psi umiru sami → Izmisums → Soy paraguayo → Donzela Guerreira → Sidik and the Panther → Carabao Cup - 4th Rnd Chelsea vs Manchester United → The Understanding → La vérité si je mens! Les débuts → My Kingdom Come → Vitalina Varela → 7 raons per fugir → Dive: Rituals in Water → La Femme qui pleure dans les Nuages → Kes Reimagined → Meine Welt ist die Musik - Der Komponist Christian Bruhn → This Is Not About You → The Birdcatcher → To thavma tis thalassas ton Sargasson → Karel, já a ty → Waiting for the Barbarians → Powrót → Democracy Ltd. → Muistikatkoksia → Plastic Paradox → Le char et l'olivier - Une autre histoire de la Palestine → Journeys to the Edge of Consciousness → Soldatik → Venise n'est pas en Italie → Misfit → Arbëria → Dolceroma → One More Jump → Breast play in the Bath → Talking About Trees → L'âme du vin → Alfons Zitterbacke: Das Chaos ist zurück → Lourdes → Real Betis Balompié vs SD Eibar → A fast passing angel → Les enfants du vide → Typhoon Mama → De Patrick → Independence at Its Finest → Saken 3: Restoration → Le phallus et le néant → Once Gay: Matthew and Friends → Gehört, gesehen - ein Radiofilm → False Witness → Dolcissime → Teatro Del Sole → Looking for Mr. Dice → El hombre que diseñó España. → Ze noemen me Baboe → The Courier → Greeks Come True: Making of Movie → Bad Nun: Deadly Vows → Cocaine. Gangster. Talk. → Hvor man vender tilbake → The Long Shot: The 1993 Bosnian Basketball Team → Pasmerkti. Pajurio dziazas → Amateur fondling boobs in the bath → Look Beyond → Gospod postoi, imeto i' e Petrunija → The Operative → Criminal Audition → The Big Meeting → Easy Love → Once Upon a Time in London → Il Varco - Once More Unto the Breach → Simple Women → Boys on Film 19: No Ordinary Boy → Variações → Mummy Reborn → Generation Do Porn → Koirat eivät käytä housuja → Adiós → Bura duse → Les crevettes pailletées → Liubov pret-a-porte → Lancaster Skies → In the Know! → Dumbo → Pencil Knife Baton → Take His Legs → Thistle → Chubby Girl Masturbates and talks a little Dirty to You → One Way Ticket → Les petits flocons → Berlin Based → Casual Dancing in a Doorway → Hugo Blanco, Deep River → La nuit venue → Le roi d'ici → Searching Eva → @9 sta ennia → De libi → Il grande passo → Blood Myth → He Dreams of Giants → The Island of Corpses → I Have a Dream → Abwesend - Minded Thoughts → Amar en Libertad → The Danish Boys → National Theatre Live: Present Laughter → L'état sauvage → I ondskans välde → Where Are You, Adam? → Der letzte Bulle → Pinocchio → Hobbies → Ich war noch niemals in New York → A.S. (25) → Il ladro di giorni → Pavyzdingas elgesys → Waldhof Wahnsinn → Zavrashtane → Kidnapping Stella → Rezi → A Chamada 2 → Wie ich lernte, bei mir selbst Kind zu sein → Be Wild - die Normalität ist radikal → From Love: Pula to Je Raj → The Small Hand → Ameddig bírjuk: Gemini 70 felett → 1917 → The Dream 2 → Bumperkleef → Di là dall'ombra. In dialogo con Franco Antonio Belgiorno → Romantic Comedy → Escort Boy → Just Another Day in Paradise → Es hätte schlimmer kommen können - Mario Adorf → Legno vivo: Xylella, oltre il batterio → Suck and Smile → Ademtocht, de vele gevechten van Maite Hontelé → Eva → Frau Stern → Kollision → C'est quoi cette mamie?! → Walking with Elephants → Manhunt → La preuve scientifique de l'existence de Dieu → Io, Leonardo → Leberkäsjunkie → Auerhaus → La Gioconda → One Summer Afternoon → The Haunting of Borley Rectory → Nur eine Frau → Operasjon Mumie → The Revelations → Sune - Best Man → Red Devil → Liverpool vs Chelsea → El silencio de la ciudad blanca → Koris. Dirigents. Kamer... → Ciemno, prawie noc → Trip → The Benefit of Doubt → Kongo → Boudica: Rise of the Warrior Queen → Je ne rêve que de vous → Descent into the Maelstrom → Le voyage de Bashô → Litus. → Common Birds → Taka 5 → La Traversée d'Alexandrie (Carnet filmé: 8 octobre 2019) → Qu'est-ce qu'on a encore fait au bon Dieu? → Country of Hotels → Greed → Jaungada taksometrs 2 → Tuttapposto → Most van most → The Happiness Effect → Tell Me Who I Am → Van Gogh & Japan → Mad Maxime: Revenge → Nous, le peuple → Calm with Horses → Jak poslubic milionera → Defenders of Life → Small Blue Disc → The Rolling Stones: Bridges to Buenos Aires → The Dare → Shed of the Dead → From Iceland to EDEN → The Making of Anna and the Apocalypse → Parents - Wir Eltern → The Strangers → My D-Day → 5 è il numero perfetto → Svinhery 2 → Gorillaz: Reject False Icons → The Surrey Express → Fête de famille → Brugklas: De tijd van m'n leven → The Male Gaze: The Heat of the Night → Il filo dell'alleanza → Ludwig I. - Italienische Elegie → Langue corse, le dernier sursaut? → La villa → Filles de mai: voix de femmes, de 1968 au féminisme → Sorry brødre, det ble meg → C'est Lyon (Carnet Filmé: 14 août 2019) → Wer sind wir? → Transmodernity → Lillian → Las Cenas de l'Immortèla → Thomas Pesquet, l'étoffe d'un héros → Adrian Street Story: You May Be Pretty, But I Am Beautiful → Fucilateli - Commissione d'inchiesta su Caporetto 1918 - 19 → Dark Lies the Island → Max Richter's Sleep → Seguo il salto del cocumat e vado verso occidente → Tere, to sam ja → Être vivant et le savoir → Les Lions de Cannes 2019: Les meilleures publicités au monde → National Theatre Live: All My Sons → La rage de créer → Ödestimmen → Oil in the Blood → The Rest → The Lensky Project → Just Kids → Mein Lotta-Leben → Otan o Vagner synantise tis domates → Playmobil: The Movie → Adoration → Au soleil → The Watson's Hotel → My Blood Is Red → Low Flyers → The Enigma of Flight 990 → Vinterrejse → My Saviour → Pestilenz → Britt-Marie var här → Õiglus → Tottenham Hotspur vs Aston Villa → La vérité → Touched by A Vampire → Eftyhia → Minder of the Mind → Cecchi Gori → Spiegs, kurs mans tevs → Beshoot → The Revenger: An Unromantic Comedy → Sin señal → Non ci resta che il crimine → Tony → The Marriage → Ring mamma! → 50 Years of the Troubles: A Journey Through Film → National Theatre Live: All About Eve → Selvmordsturisten → Elton John: Becoming Rocketman → La mujer que soñaba con números → Aute Retrato → Autonomous → A Postcard from Pyongyang - Traveling through Northkorea → King of the Road → Tylko nie mów nikomu → National Theatre Live: Cyrano de Bergerac → Les yeux de la parole → Sawah → Vinieron para jodernos 3D → Streetkids United 3 - The Road to Moscow → My Mexican Bretzel → Humanity on Trial → Cook F**k Kill → Wunderkammer - World of Wonder → This Film Is About Me → Slutdestination Dödssjuk → Ikar. Legenda Mietka Kosza → Leonardo Cinquecento → Non si può morire ballando → Churchill and the Movie Mogul → Boze Cialo → DU → Up To down → Squat32 → Cats → Una vita per l'esercito → Discovering Ramon Llull → Wonder Park → Feedback → The National: I Am Easy to Find, Live from New York's Beacon Theatre → Slovakia - Arcadia World 7 Days Travel Films → Les hirondelles de Kaboul → Abbeyfealegood → Acting Life → Roubaix, une lumière → He Vuelto → Ti offro da bere → Beaux-parents → Atlantique → Národní trída → Liverpool Football Club vs Tottenham Hotspur Football Club → Joyeuse retraite! → Lantisar → 1906 → Mes jours de gloire → Neck Stroke → Mountain Men → Apo ton tromo stin antistasi: Nazistiko Stratopedo Pavlou Mela, Thessaloniki 1941-1944 → Savovi → L'isola → Dust → Poly → The Male Gaze: Strikers & Defenders → Annapolis, Giant City → Pilátus → DAU. Nora Mama → Eden → La calle del agua → Keenie Meenie: Britain's Private Army → La receta del equilibrio → Conjuring: The Book of the Dead → À l'abordage → The Boppers → Weiyena - The Long March Home → Don't Let Them In → Last days on Earth → Deluxe → Into the Deep → Silence of the Tides → Hasta el cielo → Chelsea vs Liverpool → The Catcher in the Rye → El secreto de Ibosim → Qlimax: The Source → DAU. Natasha → Living Vegan → Alban Ivanov: Élément perturbateur → Climbing Blind → The Ladies Diary → Luxury at Sea: The Greatest Liners → Everything changes → The TrutherNet Apocalypse → C'est la vie → Living History: A day in the life of a reenactment group → Bury: Bringing Football Back → 2020 Cut → What remains → Jiyan - Die vergessenen Opfer des IS → Siamo tutti Alberto Sordi? → Engel → Amy Winehouse: The Price of Fame → Racism → The People vs. Agent Orange → La cellule → Haunted → Dat Vergeet Je Nooit! → Falling for Figaro → The Secret Hitman → Figli → Swan Lake: a new choreography by Angelin Preljocaj → Die letzten Reporter → Salvatore: Shoemaker of Dreams → 18 regali → Beware of Dog → La fosa nº1. Menasalbas 1939-2010 → The Laws of War → Cinematti - Una storia folle → Me contro Te - Il film: La vendetta del Signor S → Beating Heart → Liverpool vs Leicester City → Mosley → MMA Love Never Dies → El camino hacia 'Al romper el alba' → Meky → La Ruta de la Seda → Battle of Britain 80: Allies at War → Coppa Italia Semi-Finals 2nd Leg Juventus FC vs AC Milan → Vier auf vier Rädern → Markham → The Blueprint → Segrelles. Ilustrador Universal. → Istmo → Spagat → La mia vita con Osho → Epa → Unblock Cuba → Le Comte de Bouderbala 2 → Who Killed JFK: The Conspiracies → Canto di Natale → The Battle of Britain → Den Svenska Samurajen → Eminent Monsters → Sacrifice → Watch porn with me - Milf amateur cum to face fuck porn → La mia banda suona il pop → Cracks in the patriarchy → This Land Is My Land → WWII Aircraft: Designed for Victory → D-Day: The Day That Won the War → Don't Rush → Portret przeszlosci 1920 → Retour À Visegrad → 7 Years of Lukas Graham → Importinis jaunikis → Keelepäästja → Monday → Scandal in 97 → Barbatachthian → Le journal d'une jeune femme sourde → Madrid, int. → Sacrilege → Io tu noi, Lucio → I Am a Creative Soul → Dear Werner → Fuori era primavera: Viaggio nell'Italia del lockdown → The High Note → Delia Derbyshire: The Myths and Legendary Tapes → Gevar's Land → Bekännelsen → Julemandens datter 2 → Cinquième set → Pygmalionnes → David Garrett live in Verona → Zombies from Sector 9 → Burning Man: Art on Fire → La isla de las mentiras → Und morgen die ganze Welt → Moment of Prayer and Urbi et Orbi Blessing → Herobrine Origins Part IV → Zürcher Tagebuch → Bruno Mars: Just the Way I Am → Al Dio ignoto → Manchester United vs Manchester City → Mujereando. El Quejío de una Diosa → Mein Schatten über mir → Honey and Wine → Le fantôme de Laurent Terzieff → Amiröl a fák suttognak → Stille → Rapunzels Fluch → Flexible Milf Fucking Herself Hard → Liverpool FC: The 30-Year Wait → Mike Tyson: Fists of Iron → Les choses qu'on dit, les choses qu'on fait → 7 Hours on Earth → Les sans-dents → Es ist zu deinem Besten → Newcastle United vs Chelsea → Mnohaya lita. Stoyko → Okavango: River of Dreams - Director's Cut → Liverpool vs Aston Villa → Curse of the Blind Dead → Nosferatu.com → Maria Solinha → Petites danseuses → Superagente Makey → Planet Without Apes → The Droving → The house at the end of the forest → Milf Raw Unedited Video Masturbating → Athanor: The Alchemical Furnace → Gemini → Undergods → Schwarzach 23 und das mörderische ich → Mosquito State → Elvis: The Other Side → The Male Gaze: The Boy Is Mine → Dierbaren → The unknown years of Jesus → Milf Stripping and Teasing you with her Tits and Moaning → The Secret Garden → The Wall of Shadows → Leicester City vs Aston Villa → La Méthode Beddington → AU → 2020 → El viaje más largo → War for Peace → Playdurizm → Troche w ciazy → Good Old Friends → Amatorzy → J'irai mourir dans les Carpates → Sang froid → Tokyo Ride → Judith → Chien Pourri, la vie à Paris! → My Dad's Christmas Date → Malasaña 32 → Spin on Reality → Il caso Pantani - L'omicidio di un campione → Uferfrauen → One Glorious Sunset → Ritorno all'Eden perduto → Low Flyers: The Europe Trip → La vampira de Barcelona → Rose → Losing Your Scissors → A Maverick Islander → Science of Resistance → Lost and Spaced → Chelsea vs Burnley → Grudi → The Conscience of Clothing → Switzerland - Arcadia World 7 Days Travel Films → Repugnalia → Le Cineaste - A Director's Journey → Quo Vadis? I → Poeslief: Een ode aan de kat → Prílis osobní známost → Milf playing with Nipples in Bed → La chapuza del bilingüismo → Fuck Haneke → Elleville Elfrid → Last Days of Summer → POV Deep Dildo Fuck Milf Moaning → Seize printemps → From the Ground → Operation Teddybear → We Wait in the Woods → Concorde: Queen of the Sky → Calamity, une enfance de Martha Jane Cannary → P.A.Carlmarks Baklängesyrket som gick framåt → English Dogs → Reckless → El secreto del doctor Grinberg → Ale → Limbo → Days of Cannibalism → Complete Strangers → Corona Depression → Psico → The Robot, the Dentist and the Pyramid → Folkhemmets Estetik → Father'sDaze → Nowhere Special → With → Adventures of Rufus: The Fantastic Pet → Schwarz Weiss Bunt → Ausgang: Offen → Un blues para Teherán → Ruthless → Death from Above: Air Combat Vietnam War → La cravate → Let There Be Colour → Vampus Horror Tales → A Perfect Enemy → Albträumer → Lacci → El siglo de Galdós → Wszyscy moi przyjaciele nie zyja → L'oiseau de paradis → El año de la furia → Jagdzeit → Secret Sweet - Tribute to Carl Andersen 1958 - 2012 → The last Austrians → Sterrenstof → La donna dello smartphone → Belle fille → Ordem Moral → À la folie → Prostimo → Breaking Beethoven → 25 lat niewinnosci. Sprawa Tomka Komendy → My Life Is a Gunshot → Jane New Generation → Negorhanin Legenda: Pelgir → iSola → Virtual Death Match → Hitler's Best Kept Secret: The Eva Braun Tapes → Taïwan, une démocratie à l'ombre de la Chine → Le Fantôme de Spandau → Cartas mojadas → Rising Phoenix → No Such Thing as Can't → The Call of Dance → Saving the Dinosaur Fish → Vapenbröder Del 1: Jagad av det förflutna → The Earth Is Blue as an Orange → Fjols til fjells → De slag om de Schelde → Stars an der Trasse → Terms & Conditions: A UK Drill Story → They're Outside → AFM 2020: Tribute to Lars → Swingersi → Ana e Maurizio → Pariz - Moskva via Palermo → Anne → Bad Boy → Havana Kyrie → Moda mia → Rouge → Psy 3. W imie zasad → Il nostro paradiso → Crossing the Line → Hogar → Vera & Giuliano → Milf Moaning and Masturbating POV → Privé → Minamata → Bianco di Babbudoiu → Sono io il mio nemico piu grande → Purple Sea → Syd: The Dark Side of Music → A Night with Suzy Amis Cameron → Loin de vous j'ai grandi → Last Chancers → Milf camgirl watching porn to orgasm → Date in Vegas → A Different Perspective of Portsmouth → DAU. Teoriya strun → Saken: United → BLOD → O fylakas → Lockdown → Romipen → Mother's Child → Chelsea vs Arsenal → Südamering → Les joueuses → Poltergeister Experiment → Arzak since 1897 → Yakari, le film → The Christmas Show → Il caso Braibanti → Fellinopolis → La pièce rapportée → Quid → Uno para todos → Almost Christmas → Klovn the Final → The Winter Lake → Stranger Than Us → I Am Greta → El Camino → Et år for evigt → Come se non ci fosse un domani → The Big Dream → Concert Privé chez Daniel Barenboim → Mes chers espions → Vendredi est une fête → Tomorrow Is Saturday → DAU. Degeneratsiya → Askedager → Entre perro y lobo → Nuns: An Italian Horror Story → LasseMajas detektivbyrå - Tågrånarens hemlighet → L'ofrena → Blühende Landschaften → The Christmas Truce → TAWN-19 → Just Girls → Veganism: Cooking for Tomorrow → Mis ojos → Anny → Pojkdrömmen → One of These Days → Ambient 0 → Gamer Girl playing with her Boobs whilst Watching a Twitch stream → What About ME? → Hallo, Leute! → Perfect Break → Farewell Paradise → Artemisia Gentileschi: Warrior Painter → Liverpool vs Ajax → Undine → Circus → Talk to Me, Sweet Darling → Field of Operations: The War in the Mediterranean → Bank on us 2 → Jack Lemmon, une vie de cinéma → Fantasía de juventud → Tobulas Pasimatymas → La Femme aux Chaussures Leopard → Sur les traces de Nils Holgersson: Selma Lagerlöf, une conteuse moderne → Exit → Explota Explota → My Life on Camera → Body and Soul → La mancha negra → 9 fugas → Trop d'amour → Pari → Chacun chez soi → Dehesa, el bosque del lince ibérico → Ghosts → A Safe Place → Ultrainocencia → Crónica de una tormenta → Mothers and Others → Gymnastirio → Echoes of the Invisible → La nostra strada → Spice Boyz → Elton John: A Life in Song → Red Light Solo → 1974/1979. Le nostre ferite → Through the mother → Ashens and the Polybius Heist → Dentro il polittico → Reunion → Norie → The Last Hillbilly → Des fraises pour le renard → Ducobu 3 → Atomen i mänsklighetens tjänst? → Verona treasures → The Arch. → On Her Back Moaning with Camgirl Underbun → Le fils de l'épicière, le maire, le village et le monde → Sotto il sole di Riccione → Jim Knopf und die Wilde 13 → Bond and Holmes: Antiheroines → Para toda la muerte → I Am Gastarbeiter → SEÁN → The Evil Inside → Amulet → Mon amour → Maestro -David Garrett live in Verona → Smecka → Grenzland → The Last Man → Soundtrack to Sixteen → Merry Christmas, Yiwu → Cold War Steve Meets the Outside World → Magnezja → Ooops! The Adventure Continues → Inuti diamanten → Hold-Up → 317 → Ilargi Guztiak → Un giorno qualsiasi → Lazy in Bed Milf Fingering and Butt Slapping → Octonauts & the Great Barrier Reef → Caleb → 100 x Berlin - Die schönsten Kieze im Westen → Komunismus a sít aneb Konec zastupitelské demokracie → Tutankhamun in Colour → Shortcut → Les dues nits d'ahir → Scream Birds - Attack of Nuclear Pigeons → Lasciami andare → Life on Wheels: Transportation for a New Urban Century → Scales → Frenemies → Go Dante Go Go Go → Rutas del más allá: El documental → Police → The World's Biggest Murder Trial: Nuremberg → Ralph De Palma - L'uomo più veloce del mondo → Cinexpérimentaux 12: Visite à Su Friedrich → Lobster Soup → Une vie sans mystère → Jak zostac gwiazda → JLO: From the Block → Premier League 28. Matchday Manchester City vs Arsenal FC → Ultras → Legjobb tudomásom szerint → Irgendwann ist auch mal gut → Kelaidoun ki afou vroun tairi → The Flaming River → Ruderi d'amore → Mi chiamo Francesco Totti → At the Back of the Screen → Busking → Tage Erlander - Makten och Sanningen → Die Walküre → Original Gangster → Ride Your Dream → Non Western → Rod Stewart: The Signature Voice → Un Chat Rêve Du Nord → N.P → Wolfwood → Ofödda livsandar (Unborn Souls) → Eu, Amália → Ikuiset vaeltajat → Bouncing Back - World politics after the pandemic → Enemy Lines → TOPOWA! Never Give Up → ...gia panta → Keeper → Crawl to Me Darling → Youp. → En rapport om festen og gæsterne → La maison bleue → Dillo al mare → Stürm: Bis wir tot sind oder frei → Duus → Real Amateur Milf Masturbating in Bed → Halibut → D2: Train to the End of the World → One Man and His Shoes → Sipsik → Milf camgirl masturbating, booty shaking and deepthroat → VE Day in colour: Britain's biggest party → Buoyancy → Forest → A Impossibilidade de Estar Só → Malmkrog → 23 Walks → The Trip to Greece → Fosse → Field of Operations: The Tunisia Campaign → Les Grands Voisins, la cité rêvée → The Christmas Gift → United Nation Three Decades of Drum & Bass → Shambhala, the Secret Life of the Soul → The Inside → Made in Italy → Molecole → Flamencowoman Mujeres Del Flamenco → Kinderblock → Opera Mums with Bryony Kimmings → Die Pfefferkörner und der Schatz der Tiefsee → Un cielo stellato sopra il ghetto di Roma → Lady Gaga: Encore → Psycho Killers qu'est-ce que c'est? → Il mio corpo → Piranha Blood Lake → Bljesak → Monster A → Witches of Amityville Academy → Joker Scarecrow → Dating Amber → Den blå orkidé → Blood Spirit → José Augusto França - Liberdade Cor de Homem → Chasing Wonders → Birdsong → Ex → Hunted → Gunda → Rom Boys: 40 Years of Rad → Arcadia → José Luis Castillo Puche. La Realidad Imaginaria → Floripes → Epicentro → Leicester City vs Chelsea → Elite Formations: The Story of the Red Arrows → Home Movie → De beentjes van Sint-Hildegard → Alpha Code → Um Fio de Baba Escarlate → Coffee in Winter → Une barque sur l'océan → La casa dell'amore → The Fabulous Four → Tottori! Sommeren vi var alene → Footsteps in the Snow → Ireland's Mother and Baby Scandal → Sri Lanka by Mini Magic Bus → Onus → Isteni kéz → Girls/Museum → Livet av Havnes → Casting na lásku → Keros: To mystirio ton spasmenon eidolion → L'exode → Vikend sa caletom → Les sept vies de Madeleine Riffaud → Un eretico in corsia - a heretic in the ward → Uncut Rage → Blackbird → The Kissing Booth 2 → The Uncertain Kingdom → The Female Voice of Iran → Greatland → El hombre que pudo salvar la vida de Michael Jackson por segunda vez → Don't Speak → Neidentificat → The Battle Above: True Stories from WWII Pilots → VE Day: Forever in Their Debt → The Reckoning → Berlin, Berlin → Les apparences → Kenta lever → À nos corps défendants → Supernova → Neubau → Próximamente últimos días → The Philosophy of Horror: A Symphony of Film Theory → The Yird Swine → Pieni punainen → Die Hochzeit → Revelation of Jonah → Camgirl Milf Dripping Juices and Cumming → Unhinged → Otac → Heart Wood - Memoria Nueva → Pinazo. Notas y Pensamientos → Tales from the Prison Cell aka Mesék a zárkából (original title) → Bayer 04 Leverkusen vs Bayern Munich → Alice and the Land That Wonders → Gewoon Boef → Volevo nascondermi → JFK: The Ultimate Conspiracy → Kubrick by Kubrick → Catwalk - Från Glada Hudik till New York → De nacht van Sonja → Poster Boys → Éléonore → Starman → Balnyy korol → Le Paradis des Sorcières → WolfWalkers → Paco Loco: viva el noise → Three Comrades → Franko B: Love + Blood → Days of Rage: the Rolling Stones' Road to Altamont → You → Radiograph of a Family → Onze jongens in Miami → Netherlands vs Italy → Croatian Angels of War → Hakawati, les derniers conteurs → In the Cold Dark Night → Illuminate - Alda Merini → Train Kyiv-War → We Are Not Together → Se mieletön remppa → Koshukuro → Some Adult Content → Zakleté pírko → Running the Roof → El último Arquero → Milf under desk, pussy juices and moaning → Le sens de la famille → Toate raurile se varsa in mare si marea nu se umple niciodata → Nollywood - Filmbusiness African Style → Big Pussy Lips Vagina Close Up Masturbation (Spit vs Water) → Wir können nicht anders → A Very 2020 Christmas Carol → Six Minutes to Midnight → Manchester City vs Liverpool FC → Kino un mes → Souviens-toi ici par la fenêtre → I Love You, Goodbye → Une fois que tu sais → Portraits → 72hrs the Hague: Viral → Le lion → Am I skilled enough for you? → A quoi rêvent les montagnes? → Bibliothèque rose → Passion simple → Inimigo Desconhecido: Enemy Unknown → One Awful Summer → Kisses → A Way of Life → In the Land of the Rising Sun - Arcadia World Cosmos Global Travel Films → Donkey Island → Bogre: La grande eresia europea → The Curse of Hobbes House → El Llanto de los Patios de Córdoba. → Surviving Sinaga → Diaken → Liverpool vs Manchester United → La canción pop → Le bal des folles → Children of Freedom → Liverpool vs Real Madrid → The War Below → Dans la famille Bomata il y a... → Amityville Scarecrow → Village debout → Blacks Can't Swim: The Sequel → Premier Royaume → Ninjababy → Vore Gore → Danzadas. Folclore y divertimento. Cuando Córdoba Baila → The Miracle of Sinners → Game Over → Roger Federer. The Reunion. → Au coeur du bois → A Banquet → Comedians → La macchina delle immagini di Alfredo C. → The Walk → Trans - I Got Life → Beatrix → Napoleon - Metternich: Der Anfang vom Ende → Son → How to Settle Accounts with Your Laundress → Rise of the Mummy → Rose → Addio addio amore → My Son → Mesto → Loco por ella → Lieber Thomas → One Shot → Globes → La Sombra → Les fantasmes → È stata la mano di Dio → 8 Bar - The Evolution of Grime → Va bene così → Blake & Gwen: Now & Then → Elk*rtuk → Tabara → Fade Out → Frisky Boys Investigation → Marina Cicogna - La vita e tutto il resto → Rotterdam van Onderen 3 → Het Leven Veranderd → Coronavirus: La Nueva Normalidad en El Ocio Familiar → Finding My Feet → Leicester City vs Leeds United → My London Lullaby → Visions of Filth → Ingen hverdag mer → French Touch: Desires → Con le nostre mani → The Cleaner → Drömprins → The Auld Game → Men have a heart too → Lioness: The Nicola Adams Story → School's Out Forever → Die Zukunft ist ein einsamer Ort → Niemand ist bei den Kälbern → Opal → Under Heaven's Eyes → Tainted Blood → Winifred Meeks → Outside the Wire → Denícek moderního fotra → Monte Verità: Der Rausch der Freiheit → Se ti abbraccio non aver paura → Det er ikke slut endnu → Mister Mayfair: Serena's Game → Das Haus → Petit Ami Parfait → Gabi, 8 till 13 år → Orlando → Cenzorka → Der Wolf → Count Me In → Ogre → Futura → Secrets of Diana's Last Royal Christmas: 1991 → La svolta → Chyby → A Classic Horror Story → Dawn Breaks Behind the Eyes → La memoria de Petrer → Benedetta → Gritt → Wer wir waren → Serre moi fort → Nordlands Jeanne d'Arc → Traidores → Jorge Santos - Adventures in Jiu Jitsu → I Am Mark → Il ragazzo con la Leica → Shooting for Mirza → To kohyli → Les Nouvelles Eves → Joyce Carol Oates: A Body in the Service of Mind → East Is East → Il materiale emotivo → I Love Halloween → Ama → Mein Sohn → Medium → Everybody's Talking About Jamie → La dernière tentation des Belges → Pitbull → Uljanenko uncensored → Zeros and Ones → Wood on Water → Dealer → La vita pensata da dentro → Il buco → L'été l'éternité → Les Sorcières de l'Orient → Il Cantone → Oczy diabla → Josefina → Closeup of big pussy lips Milf fucking herself → Saxifrages, quatre nuits blanches → Hasta el Alba → Do Not Argue with the Staff at the Baths → All We Got Was Love → Crazy Days - or making an opera in pandemic times → Senza fine → La scuola cattolica → Ta på Meg → Glam, Sweat & Tears → Little marquise → Lunga vita alla vita! → Idylle mit Gülle → A Pile of Ghosts → Große Freiheit → Janine Jansen Falling for Stradivari → John Huston, une âme libre → Last Man Down → Arsenal vs Manchester United → The Ugly One → Dark Ditties Presents 'Stained' → Casser la baraque → Vorrei sparire senza morire → The Third and Fourth Generation → L'empire du silence → Blue Monday → Regnum Fest → Blu38 → Le calendrier → Sorjonen: Muraalimurhat → EVE → Das Riesending → Vechno tantsuyushchiy chelovek → La Vie commune → A qui veut bien l'entendre → Zahorí → Petite nature → Prasica, slabsalni izraz za zensko → Around the World in 80 Days → We are all images of this film → H Psyxanalush → Alien: Battlefield Earth → Quand je serai mort → 70 on vain numero → Dean Martin: In the Spotlight → La Gemma té un pla → Planet Zee → Bram Stoker's Van Helsing → Rien à foutre → The Mother the Son the Rat and the Gun → Fallen Angels → Italian horror stories → A Kid's Flick → Living Without a Country, the Rohingya Exile → Mother Lode → Vanishing → Les magnétiques → L'atlante della memoria → Moneyboys → Luigi Proietti detto Gigi → The United Way → Hotel Inferno 3: The Castle of Screams → Rendez-vous avec Diego → Du som er i himlen → Colnago: The Art of Bicycle Design → L'homme de la cave → 100 días con la Tata → Everything Will Change → The Heiner Hain → Dashcam → Ismene → Hytti nro 6 → Sentinelle → I'm Not in Love → My, kterí krácíme stíny → Distopia → Leicester City vs Arsenal → Haunted Identity → Die wahre Schönheit → Love Yourself Today → Heinz 1945 → The History of the First Film Festival in Podilia → Manchester United vs AC Milan → Die Unbeugsamen → Der Fall el-Masri → Eatnameamet - hiljainen taistelumme → Scara → After Shaun → Druga polowa → Oasis Knebworth 1996 → The End → Mothering Sunday → Carpe Diem → O Som Que Desce na Terra → Gunfight at Dry River → Mister Mayfair: The Spyce of Life → Gunpowder Milkshake → Apausalypse → Le Prince → Wrong Turn → Pilots: Riverside → Ragazze dei fiori → Galaksija - racunar koji je odbio da umre! → Der Boandlkramer und die ewige Liebe → The Return: Life After ISIS → Nadia → Un Mundo para Julius → Seepers: A Love Story → Horacio, El último alcalde → The Banality of Grief → La Familia → Qu'est-ce qu'on a tous fait au Bon Dieu ? → La civil → España, la primera globalización → Shift → Zwischen uns → The Protégé → Penitent → L'isola incantata → Bastardi a mano armata → White Sky → Vinski ja näkymättömyyspulveri → Caer (Caught) → In the Footsteps → Angelo → Vedette → Operació Elefteria → Pompei - Eros e mito → Nous → Prince Philip: A Lifetime of Duty → Covid-19 → A Declaration of Love → Alles ist jetzt → Hunting Bin Laden → La cité de l'ordre → Räuberhände → Security → Cristiano Ronaldo: Impossible to Ignore → HCQ: The Hydroxychloroquine Case → Werewolf Castle → Tottenham Hotspur vs Manchester City → Le chemin du bonheur → Dragon Fury → Cuñados → Van Gogh in Love → Hubris → 15.613 días → Cartoon Carnival → Le corps de la ville en Martinique → Tichy Spolecnik → Boxing Day → I Vortici di Van Gogh → Peter O'Toole Réalta & Rógaire → L'homme qui peint des gouttes d'eau → The Unfathomable Mr. Jones → Give Them Wings → Governance → Die Herz-OP → 1821: Anemos eleftherias → Pink Tokyo → The Score → Maisie → The Donegal 555 → Fuimos canciones → Matky → Elsker dig i skjul → Promises → Les choses humaines → Men Who Sing → Let Me See the Night → Rampart → Queen Elizabeth II: The Unlikely Queen → Black Power: A British Story of Resistance → Tata muta muntii → Centervagt → Odd Pod: The Movie... kinda → Eggs → Inve$titorii → El Cover → Waiting for May → De fredløse → Die Heimsuchung → Toiveiden koulu → Jahihooaeg → Piktuju Karta → Becoming Princess Diana → Unspoken → Treba shche vyzhyty → Tom Medina → Five Murmurations → Foscadh → No País de Alice → Parsifal → Alfred Hitchcock: The Genius of Film → Save Jane → Biking Borders → The King's Man → Freaks Out → Away from Home - The Global Streaming Event → Last Man Standing: Suge Knight and the Murders of Biggie & Tupac → A Christmas Carol → Homesick → The Storms of Jeremy Thomas → OSS 117: Alerte rouge en Afrique noire → Love around the world → Kalavryta 1943 → Boîte noire → Nahschuss → La casa del caracol → Mick & Keith → The Boxing Cinema → No somos nada → Introspectum Motel → Manchester City vs Paris Saint-Germain → Caveman → Til Gilbert fra mor → Alida → Shepherd → Film: The Living Record of Our Memory → Debout les femmes! → Õiglus 2 → Where Is Anne Frank → Un mondo in più → Atlas → Mes très chers enfants → Babi Yar. Context → De la couleur sur les plaies → Viking Speaking → The Voice of Thaïs → Army of Thieves → Custodes → Da kommt noch was → Un mondo giusto → The Male Gaze: Celluloid Dreams → Schumacher → Nebenan → Brad Pitt: Breaking Hollywood → Die Waldgänger → Chomu ya zhyvyy → Hei verden → Complet Necunoscuti → Call Signs from a Distant Harbour → Ida Lupino: Gentlemen & Miss Lupino → Groomed → Toma → ZZZ: Zurnal o Zelimiru Zilniku → King Otto → My Grandpa is Santa → Bartkowiak → Adverse Reactions → Tra le righe → Être prof → La mécanique des choses → The Blitz → Liverpool vs Atletico Madrid → Okupace → Future Shock → Street Line → Wesele → Vortex, l'aube de la souveraineté → Sokea mies joka ei halunnut nähdä Titanicia → SeaView → Hairy pussy drools all over your face → The Pond → La fille du grand chef → Philia → All My Friends Hate Me → Iskre v casu → Alors, tu trouves? → Prikaz → Zwaar verliefd! 2 → Good Enough Parents → Sundown → A Boy Called Christmas → Suprêmes → Liverpool vs RB Leipzig → John Fox → Velvet → The French Boys 2 → La grande histoire des Petits meurtres → El último tren al rock'n'roll → Dachau - Death Camp → The Romance of Bricks → Brigitte Bardot cudowna → Do Not Hesitate → Plavi cvijet → Afraid of the Dark → Love in a Bottle → Cannibal Troll → Le Festival Tapati de l'Ile de Pâques → De club van Sinterklaas en het vergeten Pietje → Entre les vagues → Tantrum → Shadow Game → Suzanna Andler → La Senda del Pastor → Czarna owca → How Ireland Rocked the '70s → 512 Hours → Dvorets dlya Putina. Istoriya samoy bolshoy vzyatki → Unser Land in Den 2000ern: Zeit, Dass Sich Was Dreht → 14 Peaks: Nothing Is Impossible → Africa Solo Part 2 → Tell Me → Ucieczka na srebrny glob → D'Artacán y los tres mosqueperros → Sheep in Fog: Ted → Aya → Le petit piaf → The Mutation → It Came from Outer Space → La fabrique de l'ignorance → Ismus → The United Kingdom of Horror → Bridget Riley: Painting the Line → La dernière énergie → The Widow → Josef ist im Stall (Josef is in the Stable) → Hytte → El último baile de Marilyn → Albatros → Who Killed the KLF? → Toda una vida → Zinc Floyd - Live from Painshill Park → Zeby nie bylo sladów → Liverpool vs Aston Villa → Mr. Kriss → My Camming Setup → Und morgen seid ihr tot → Kuriiri → I Write My Life → Familiars → Budynok Slovo. Neskinchenyi roman → Heimat Natur → The Inside Talk → Collision Course → Power to Change → Borderline → Why Can't I Be A Muslim Feminist? → Chelsea vs Wolverhampton Wanderers → Souls: Lost Tapes → Descarrilados → Trafficante di Virus → Vitt skräp → Storia senza Fine → Once Upon a Time in Limburg → In Soapta (Whispery) → Can Do: Homelessness in Scotland → Halloween Creep Tales Part 2 → Les Olympiades, Paris 13e → Na chwile, na zawsze → Punainen kohina → Ich bin dein Mensch → Another Franko → Stol på meg → Behind the Headlines → Brothers and Sisters → Blood House → Bekenntnisse des Hochstaplers Felix Krull → Californie → Clubkultur Berlin → Petites → Nobody Has to Know → El día del estreno Off → Jekyll and Hyde → Rebellion → Der Maler → La colline où rugissent les lionnes → Minuta vecnosti → Piligrimai → The Mob 2 → The Vanishing Time → Soul of a Beast → Volpina → Pou sai more Nikitara → Les mots de Taj → Milano 2020 → Cycling Heartlands: Yorkshire → Pico Reja → Bovary → The most popular things in the world to do: → Ha'berech → De son vivant → Halloween: Filho Pródigo → Maschile singolare → The Electrical Life of Louis Wain → La vera storia di Luisa Bonfanti → Reconquérir l'école → Sentinelle sud → De Familie Claus 2 → One Day from the Life of a Female Candidate → Marx può aspettare → Tides → Die schönste Zeit meines Lebens → Deportation 44-46 → Earwig → Mr. Landsbergis → En attendant la nuit → Manchester United vs Aston Villa → Mancino naturale → Espíritu sagrado → Jack's Ride → Wer rettet Emily → Resurrection Corporation → De Serpentis Munere → It's Five O'Clock Somewhere → En attendant Bojangles → A Jewish Life → Viva Forever → California Dreaming → Reverse → Dordrecht door de jaren heen → La mécanique des sens → The Letters → Pagten → Pertsa & Kilu → Confinados → Pa Va Hêng, Dust of Modern Life → Bedlam → Untold Secrets Documentary → The Colour Room → He Helped Me: A Fan Film from the Book of Saw → Dead & Beautiful → Wonderland → Cargo → Phase → La tour de Nesle → Sis dies corrents → Alcindo → Phoenix → Bringing Assad to Justice → La grande aventure du Cirque Plume → The Commander's Mortum → Inni ludzie → Corona Clown → Lair → Æterna - Quête et itinéraires de prière dans les rues de Rome → Affairs on Capri → Trek IT! → Optics → En passant pécho → Ribena Kost → 3/19 → Musa & Maestra → A Pure Place → The Power → Hugo in Argentina → La mif → C.A.M. → Sparkling: The Story of Champagne → Onoda → Windstill → Set the Night on Fire: The Story of Ewan Maccoll → Musa → Dissidence → Aware: Glimpses of Consciousness → Lawrence → Larva Mental → Colombia: Road to Peace → Hatched → Music for a Film → Nemesis → Azor → Juzni vetar 2: Ubrzanje → The Wolf Suit → Marocco → Il figlio di Tarzan → Gwen Stefani: Not Just A Girl → Field of Operations: D-Day → Operación Camarón → Venuseffekten → Onde radicali → Die vergangenen Zukünfte → (R)Evolutie → Martin Luther King Jr: Enough is Enough → Cyrano → Vida Comienza, Vida Termina → La fracture → Skazhene vesillya 3 → Let There Be Water! → Women in Church Leadership → Ennio → Alors on danse. → I Get Knocked Down → Drömmar om Las Vegas → La ville interdite → 19 Years in Vietnam: Unaccompanied, Unarmed and Unafraid → Martyrs Lane → The Cars We Drove into Capitalism → Doineann → Omerta 6/12 → The White Book → But I love him → Ein großes Versprechen → Lethal Virus → La disparition? → The Columbus Story: The Soul of Cycling → Ancient Egyptian Family Feud → A Violent Man → Jakten på Tonetreet → Buster: Oregon Mortensen → On Edge → President → Highest Air → Le dernier refuge → One Four Three → Les Noyers du Mont-Ventoux → Jagame Thandhiram → Természetes fény → Prání Jezískovi → I'm in the Band → Mitholz → Elephantonius → Home → Operation Mincemeat → Bittersweet Sixteen → Dancing at the Disco at the End of the World → The Road of Excess → A Suburban Fairytale → Zapisivaci: Pad → Top Gun XXX parody → Ripper Untold → Film balkonowy → Guadalcanal: Invasion in the Pacific → Bee Gees: Three of a Kind → Mister Mayfair → Coppelia → SIC → Zone 414 → Tina Turner: Simply the Best → Bamse och vulkanön → Samma sång - en resa till Peps Persson → Letter from a Friend → Tree of Eternal Love → De uskyldige → El refugio → Rocky Horror 45: The Movie → Han → Zhivot ot zhivota → Solo una vez → Vadlovak - Hortobágyi mese → The Rescue → Dalymount Days → Manchester United - Roma → Something Weird, Something Strange → Tre nøtter til Askepott → Carabao Cup Semi-Final Manchester United vs Manchester City → People We Know Are Confused → Es ist nur eine Phase, Hase → Eltörölni Frankot → The Secluded → 40 Years of Fantasporto → The Making of Memories for the Future → Easter Bunny Massacre → Yab Yum → Powerwolf: The Monumental Mass: A Cinematic Metal Event → 60 Seconds to Di3 → La naranja prohibida → Cosa è cambiato → Getting Sketchy → Bull → Fantasía → Stag's Head → Saken: Through the Years → Marilyn Monroe: Beauty is Pain → Ego → After Blue (Paradis sale) → Per horror intendo... → Arthur Rambo → Auf dem Weg - Wenn Begegnungen verändern → Fusilados → La terra dei figli → Isabel Sörling hommage à Joni Mitchell → Help → The Bird → L'amour c'est mieux que la vie → The Real Court of Shards → Carnal Monsters → Rise of the Footsoldier: Origins → Spencer → New Queer Visions: The Last Days of Innocence → Anima bella → Eckart von Hirschhausen - Der Sünde auf der Spur → Snelle: Zonder jas naar buiten → Sogno Azzurro: La strada per Wembley → Elise Girard → Tagebuch einer Biene → Lightships → I Don't Wanna Dance → Rohingya → John Surtees: Built to Win → Une Jeunesse Rom → Der Waldmacher → Echo → Petya na moyata Petya → The Souvenir: Part II → La familia perfecta → Mía y Moi → Welcome Venice → Ostrov - Lost Island → Princesse Dragon → Zagrebacka saga o judu → Nachtwald → Spider from the Attic → Prizori iz zivota dzukca → Icon of Betrayal → Champagne! → Kingslayer → Früher war alles besser → Surunkesyttäjät → À vendredi, Robinson → El Test → Twisted → Bobi Wine: The People's President → Brian and Charles → Jailbird → Stalker → Centauro → Le nouveau jouet → Youssef Salem a du succès → Houria → Klondaik → William & Harry: Unbreakable Bond → Ukraine 2022: Attack on Freedom → Mother Teresa & Me → Enys Men → Anna → H4z4rd → Stamps Back → Erasmus in Gaza → It's Raining Women → Incroyable mais vrai → Sideworld: Terrors of the Sea → Cicero: Two Lives, One Stage → Behind the Curtain of Night → Bestie ze Zlego → Lost Transport → Que m'est-il permis d'espérer → Terykony → The Amityville Exorcist → My Soul Summer → Forbannelsen → Léon Trotsky, un homme à abattre → Don Don Strong → Empire of Dirt → Two Truths → Alle reden übers Wetter → Totem → É Noite na América → Estar o no estar → We Met in Virtual Reality → Chris Rock: One Man Show → Envol → Manchester City vs Chelsea → Lucy ist jetzt Gangster → Ring polisen → O Jovem Cunhal → La casa entre los cactus → Smuk → Ernesto's Island → Innocent People → Troll → Adventures of the Crystal Skull → Silk Strings 2.0 → Hvidstengruppen II - De efterladte → Le petit Nicolas : qu'est-ce qu'on attend pour être heureux ? → Addio in febbraio → Franco Battiato - La voce del padrone → War in the Land of the Rising Sun → El Houb → Pod nasim prozorima → Jackie OK → L'immensità → Ghosts of Amityville → Filip → Paradise Highway → Soy rebelde → Trag divljaci → En même temps → Semret → The Tinder Swindler → I miei sogni in pellicola → Anton Palzer: Breaking the Cycle → Pétaouchnok → Roving Woman → Miracles → The Slaughter → Bluestown Rising → Maria rêve → The Presidents: Obama → Beast Mode On → Hyväveli → Donna → The Natural History of Destruction → Christmas in the Caribbean → The Wife and Her House Husband → Pasolini - Cronologia di un delitto politico → God's Petting You → The Princess → The Club II → Factorial Juggling → Renée Fleming's Cities That Sing: Paris → Tell It Like a Woman → Good Old Czechs → Beyond the Blue → Kickback → Blissed → Jack Mimoun & les secrets de Val Verde → Vacances → Jacky Caillou → The Prototype → Diario Tamil → Hinterm Vorhang → Goutte d'or → Walad min al-Janna → Zwanger & co → Vidura B.R. - Monsoon Season → The Unwanted → A Kidnap → National Theatre Live: The Seagull → Carol Wyss - In Situ → Breaking the Ice → Die stillen Trabanten → Die Ecke → Selenskyj - Ein Präsident im Krieg → When the Earth Gives Up the Dead → La celeste inquietud de las cosas → C'era una volta il crimine → Gazza → Arvéd → Fogo-Fátuo → Superzena → The Twin → Peacekeepers. First Mission → A Fistful of Karma → Gladbeck: The Hostage Crisis → Sister Ignatius: Mother of Ska → Can You Bow? → The Sleepwalker → An Cailín Ciúin → Elles n'en font qu'à leur tête! → Con chi viaggi → Metsurin tarina → Astolfo → Hranice Lásky → Siamo qui per provare → The Thracian Curse → De folies en folies → Mój dlug → Remember Me → Secretul lui Zorillo → Amina → Guglhupfgeschwader → Sans peur → La combattante → Le gang des Bois du Temple → Tout fout le camp → Los Reyes Magos: La Verdad → Swings and Roundabouts → An evening with Dave Courtney → Kaptajnens hjerte → Escape Room: La pel·lícula → Hrvatskog narodnog preporoda → Empire of Light → Passage → Prizefighter: The Life of Jem Belcher → Glory → Bahs pret Covid → Le Vendicatrici Tossiche → The Ghosts of Monday → O defteros Lenin → Une vie comme une autre → Cri de l'âme → João Ayres, Pintor Independente → Ten Thousand Shades of Osho → Kate Middleton: The Making of a Queen → Häät ennen hautajaisia → Märzengrund → Your Hundred Year Life → A Story of Bones → Verschwinden → Út úr myrkrinu → Une histoire d'amour → Italia vs Brasile 3-2 La partita → Bezkrwawa rewolucja → Katinka → Moby Dick; or the Whale → The Shimian → Belle et Sébastien: Nouvelle génération → Lassù (Up There) → Les survivants → Mugge & hans mærkelige hjerne → Operation: March on Rome → El Club de los Cantineros → A colpi di pedali → Le chêne → Un long dimanche de funérailles → Halloween: O Legado → Royal Weddings Through the Years → A Todo Tren 2: Sí, les ha pasado otra vez → Taliban Land → Um Nome Para o Que Sou → Moldavia - retrato de una incertidumbre → R.M.N. → Viens, et follow-moi → La grande opera → Six Days and Seven Knights → Your Christmas or Mine? → El Hogar → La Banda del Buffardello e il manoscritto di Leonardo da Vinci → En djevel med harpun → Strike Missions: Manchuria → Before Night Falls → Les Grands créateurs de cinéma : René Clément → The Queen's Speeches → Florián Rey. De luz y de sombra → Annie colère → Crossfire → Queens → Close → Alfons Schuhbeck - Der Gewürzepapst → A parkolóban → Such Is Life → Mario Camus según el cine → Lazy Duck → Hole in the Head → Hounded → Dampyr → May → Terroir to Table → Capo di Famiglia III → Dirijorul tacerilor → Kundel → A través de mi ventana → Se mig som jeg er → Nightclubbing: The Birth of Punk Rock in NYC → To Butcher a Bird → Una película póstuma → V sartseto na mashinata → Persona (no) humana → Occhiali neri → Brasil 2002 - Os Bastidores do Penta → Nie zgubilismy drogi → Return of the Salem Witch → Contour Slovenia: Cycling the border → Chatterbox → Working for the Windsors: The Butler and the Bodyguard → A E I O U - Das schnelle Alphabet der Liebe → Alfons Zitterbacke - Endlich Klassenfahrt! → Ana Rosa → I poli kai i poli → Omar Sheriff → Pas... de quartier → Marcia su Roma → Bone Orchard → Fragments from Heaven → Desertören → Nyugati nyaralás → Le processus de paix → Fame Kills: George Michael → Ducobu Président ! → Angela Merkel - Im Lauf der Zeit → The Finnishman → Dead Bride → JC → Was man von hier aus sehen kann → Les femmes du square → The Bridge of San Luis Rey Remastered → Black, Queer & Done → Vesper → El viaje de Julieta → Die Kür ihres Lebens → Call Me Soraya → Ara la llum cau vertical → Une goutte d'eau sur un volcan → Chico a domicilio → Lady Di: Before Royalty → Ronnie O'Sullivan: Seventh Heaven → Byagstvo → Pink Rabbit → Das Tatort Geheimnis → The Minor Prophets → Butiken → Sans répit → Il coraggio di essere Franco → Friends of Luke → Kathartirio → The Almond and the Seahorse → Time Out in Thailand → State of Control → Military Mayhem in Vietnam Part 3 → One Day in Wonderland → The Brightness → Les volets verts → Stasikomödie → La ligne → Km 224 → The Book of Kings (1 and 2 Kings) → Protecting Princess Diana: The Bodyguard's Story → Hui Buh und das Hexenschloss → Our Platinum Queen: 70 Years on the Throne → La folle aventure du chocolat → Wut auf Kuba → Les Folies fermières → Mahendra Highway → Resten af livet → Isabel Meyrelles: O Dragão Que Fuma → Al-Sadd → Lugares a los que nunca hemos ido → Enter Mycel → Behind the Rage: America's Domestic Violence → Mamani in El Alto → La memoria escondida → The Land of Dreams → Diario de cuarentona → The Stranger in Our Bed → Le marocchinate del '44 → Prawy chlopak → Another spring → Commodore: Alive and Kicking → D(io) - The Movie → Tenéis que venir a verla → 5 at 1 → Trust No One: The Hunt for the Crypto King → The Last Artisans of Venice → Plastic Warriors → Prince Harry: Joker in the Pack → My Dead Body → Dottern bakom järnridån → La maison → La Piedad → Il Tempio del Vento - la Galleria Pininfarina (1972-2022) → Ingen kender Casper → Punttikomedia → Dressing Like Diana → Siccità → Klarsfeld → Outside → Flüstern und Lachen → Looking for Charlie: Or, the Day the Clown Died → Tausend Zeilen → Powertool Cheerleaders vs the Boyband of the Screeching Dead → Jóreménység-sziget → Grand Prix → Francesca i l'Amor → Kaptavita → Swastik Sanket → Albergue Rovinoso → It's Not Over → Jurassic Island → Amityville Scarecrow 2 → Jed or Alive → Acqua e anice → Cet été-là → VHS Hoarders → Los Xey, una historia de película → My Love Affair with Marriage → Viejos → Rue des dames → We All Laugh → Iluzja → Las cebras → Mujeres sin censura → Prince Charles: The Making of A King → Exhibition on Screen: Hopper - An American Love Story → Bränn alla mina brev → The Masked Scammer → The Adventures of Maid Marian → Vasil → Burn Out → Noi ce la siamo cavata → Die Liedermacherin von Botnang - Kapitel 2 → The First Ladies: Jackie Kennedy → Strijder → Po cem muzi touzí 2 → Bill Cosby: Walking Free → La mala familia → Der letzte Ketzer → Podryv → La (très) grande évasion → The Ledge → Solitude → Raphaelismo → The Swimmers → Black Mambas → Il Sergente dell'Altopiano. La storia di Mario Rigoni Stern → Val del Omar, poeta audiovisual → A Letter from Yene → Couleurs de l'incendie → The Banshees of Inisherin → Okedoeibedankt → My Father's Dragon → London Blitz in Colour: The Lightning War → ...E tutto il buio che c'è intorno → Quei due - Edda e Galeazzo Ciano → Oltre il confine → Changer des vies → King Charles & Queen Camilla → Accident Man: Hitman's Holiday → Living Your Life → Fireheart → Conjuring the Plastic Surgeon 2 → Regreso a Raqqa → UFO Sweden → Sissi zsiráfjától a biodromig → Frère et soeur → Laurence Deonna libre! → Margherita. La voce delle stelle → Julemandens datter 3: Den magiske tidsmaskine → Just Love - Sektenaussteiger packen aus → Anna Karina: At dø for en lykkelig slutning → Charles & Diana: Making It Work → Sous emprise → Prezidentka → Frankenstein : We've Conquered the Death → Costa!! → The Great Game → Rejsen til isens indre → Six Years Gone → Nauka latania → Pamfir → Rupintojelis → Soldato sotto la luna → Crown in Crisis: Divorce → Les âmes perdues → Olho animal → Punch of a Late Summer → Asombrosa Elisa → Vyslouzilci → Buba → Hostile → Tummyache → Iodine: I Ellada sta ereipia tou Mesolongiou → Videt Salisbury → Kekee Manzil: House of Art → Buko → A Way to B → This Is Alienation → We Have to Survive → Balada → Tout le monde aime Jeanne → Korea. Kraj pod presja → La niña de la comunión → Easter Bunny Massacre: The Bloody Trail → Tajemství staré bambitky 2 → Hunt Vs Lauda: The Next Generation → Un día Lobo López → Give Me the End You're At → Lottery → AVA → Ya, Nina → Islamophobia → Die Schwarze Spinne → Who Are We? → Taming Speed → The Highwayman → Cierne na bielom koni → Ero in guerra ma non lo sapevo → Miscreant → Boracay: The Suspended Island → Hádkovi → Trois nuits par semaine → My Daughter's Killer → La revanche des Crevettes Pailletées → Le pharaon, le sauvage et la princesse → National Theatre Live: Henry V → Im Tal von Achor → The Book of Proverbs → Finding Santa → Perfetta illusione → Elizabeth and Margaret: Pride and Joy → Megalomaniac → Sarura. The future is an unknown place → Het feest van Tante Rita → Meridiane Story → Chic & Classic: Kate Middleton → Eismayer → Pray for Our Sinners → Santa Bárbara → La dérive des continents (au sud) → 33 Años de oscuridad → John Williams: The Berlin Concert → The Year of the Soul → Improvvisamente Natale → School's Out 2022 → Da li ste videli ovu zenu? → Golosa Novoy Belarusi → Vicky → Good Luck to You, Leo Grande → Läheduse raamid → Comme une actrice → The Last Heist → Intervention → Once Upon a Time in the Wild → Teddybjørnens jul → Joni Mitchell - Le spleen et la colère → Echo → Les passagers de la nuit → Vanskabte land → Raven's Hollow → 50 Gründe Andalusien zu lieben → Princess Grace of Monaco → Kryptonim: Polska → El último Weedman → Das letzte Gedicht, das Stefan Buchwald schreiben wollte → The Book of Psalms → Fukafutokyu → Mother → Siete Jereles → Pacific Conquest: WWII → Store små mennesker → Het kruis van Tegelen → Fantastic Beasts: The Secrets of Dumbledore → Suro → Partitur im Jetzt → The Beast of Bodmin Moor → Alan Suicide: Collision Drive 2002 → Running with the Devil: The Wild World of John McAfee → Creature → White Berry → Murder Party → Morningstar → Fermati qui → A Touch of Vengeance → Zoo Lock Down → La tour → Siamo Qui Siamo Vivi → Among the Living → Revolution X → Educazione fisica → Freedom Uncut → Wenn die Heidelerche singt → Be on good behaviour → Mascarade → Sin ti no puedo → Året jag slutade prestera och började onanera → Le monde d'après → Spherular → Rewind & Play → Ciklus → Sefa: Road to Defqon.1 → The Palmnicken Tragedy → De la conquête → When Spring Came to Bucha → National Theatre Live: Much Ado About Nothing → En midsommarnattsmardröm → The Takeover → The Commonwealth: End of an Empire → Charles: The Bachelor Prince → Padre Pio → Bir Tutam Karanfil → Um Filme em Forma de Assim → La quête du silence → Clouds of Chernobyl → Wolke unterm Dach → De forbandede år 2 → Stastne az na veky → Parade → 8 rzeczy, których nie wiecie o facetach → Za vshím hledej zenu → Once Upon a Time in Italy → Hayfever → L'Escale → Much Ado → Maîtres anciens - Comédie → Corro da te → En corps + → Dr. Jason → The Wild One → The Child in the Box: Who Killed Ursula Herrmann → Gorbatchov et la fin de l'empire soviétique → Kernagis → Building the World's Engine → After Nature → Femminile Singolare → Le cri Barrymore → Novorossiya → Szia, Életem! → UFO: Oni juz tu sa → Hetki lyö → Garance fait son show (Carnet Filmé: 23 mai 2022) → Women Don't Cycle → Heroji → Héroes de barrio → National Theatre Live: Prima Facie → 2039 Il Ultimo Silenzio → The Man Who tried to Kill FDR → Cesária Évora → Chiara → Choeur de rockers → Menteur → Colombine → For the Love of Noise → I'm Not Here → The Conversation → Nothing Compares → The Story of Ecru → The Tesla Case → Savage Waters → Volodymyr Zelenskyy: A Hero Rises → Invisibili → Promlceno → Pas de deux → Lasting Dream → ll Trittico by Giacomo Puccini at the Gran Teatre del Liceu, Barcelona → Obet → Todos contra mí → Nekrology → Svart krabba → Veden vartija → Ground Control → Mariupolis 2 → Il Boemo → The Expert at the Card Table → Not Just a Girl → Crocodile Vengeance → Eine deutsche Partei → Amici per la pelle → Wracked piano → Last Voyage → La luce della notte → Jokari → The Ruler → New Horizons; The Contemporary British Jazz Story → Natt → Sposa in rosso → VHS Love: Cult Cinema Obsession → The Tinderbox → Isósceles → Koza Nostra → Dying to Live → Venizelos: Agonas gia ti Mikra Asia → Mizh nebom ta horamy → Peter O'Toole: Along the Sky Road to Aqaba → Avec amour et acharnement → Glava velike ribe → Diaspora Avenue → Kompromat → Tales of the Creeping Death → Princezna zakletá v case 2 → Jak tanczy moj czas → La gran aventura de Guarapo → Les années Super-8 → Squaring the Circle: The Story of Hipgnosis → The Last Rider → Ladybitch → Finite: The Climate of Change → Les têtes givrées → Robin Bank → Chickens, Virus and Us → Les cinq diables → Rooney → Mother Superior → Noir in 3 Moods → Fosterfamiljen → Juniors → Paradisul Lulii → The Unsolved Kidnapping of Madeleine McCann → Zavrashtane 2 → The Bunker Game → Becoming Plant → Eva → Jezioro slone → Girl, Taken → Curral de Moinas - Os Banqueiros do Povo → Zeréck → A Human Position → Listy do M. 5 → The Ordinaries → Razzennest → Songs of the Open Road → Alle hater Johan → Il Gladiatore XXX parody → Masas → Kwestie van geduld → Winterreise → Tri Tygri ve filmu: Jackpot → Living → Nos frangins → Habib, la grande aventure → Sic Luceat Lux → Juste ciel! → Marauders from the Mediterranean: The Macabre Magic of the Spanish Zombie Film → Material Sirles: un septenni → Rossellini Amore → Barbatachtian Returns → L'alemany de la botiga de fotos → Freedom or Death!: Michael König on the Niklashausen Journey → Katharina → Silicon Docks → Wolverhampton Wanderers vs Arsenal → The Proof of the Pudding → My Name Is Happy → Rubius X → Tu choisiras la vie → El Rey → [Nothing] about Love → Já Nada Sei → Der Nachname → The Creeping → City of a Thousand Suns → Moral Rules → Simone, le voyage du siècle → I nostri ieri → This Stolen Country of Mine → The Making of RAGE → Police Crimes → Privégesprekken → Najsrekjniot chovek na svetot → Move to Horror → Mrs. Harris Goes to Paris → Iris Warriors → Stella est amoureuse → Chic & Classic: Meghan Markle → Silence Heard Loud → Femicide - Nel nome delle donne → Happy Nous Year → Zapatos rojos → Lagom → Pattie et la colère de Poséidon → Länge leve bonusfamiljen → Al Pacino, le Bronx et la fureur → Nostalgia → Metronom → Tata → Rebirth: Voice of Silence → A Dice with Five Sides → Gasflaring Madness → Spazio Italiano → Noi Siamo Alitalia - Storia Di Un Paese Che Non Sa Più Volare → L'ombra del giorno → 16 ans → Lichtspieler - Wie Lavanchy-Clarke die Schweiz ins Kino holte → Myanmar Diaries → Poskromienie zlosnicy → A Escuta → Le pillole del Conte Max → Ashkal → Dzem od kavijara → Punim plucima → Le Tigre et le président → Altrimenti ci arrabbiamo → Un altro giorno d'amore → Orlando → The Book of Joshua → On the Morning You Wake (to the End of the World) → The French Boys 4 → Diary of a Bride of Christ → Le Centre → Czarnobyl: Ludzie ze stali → Slow Pro Tour → L'année du requin → Franco Zeffirelli conformista ribelle → Mormor, kriget & kärleken → When a Dream Comes True → One Day in Ukraine → Jólamóðir → Touch → Geography of The Soul, Kosovo and Metohija → No Place Like Home → LOLA → Deja Vu → Goodbye Lady Di → Ekei pou zoume → Joyride → Pohjolan satoa → Umami → Svidanie v Minske → Arde! → Fall → Where is Frank? → The Eternal Daughter → La vie imaginaire → Früher war der Urlaub sonniger → Snow White Dies at the End → Dezerteri → Il giorno più bello → Zillion → Princess Diana: Romance & Rivalry → Viewfinder → Hopper et le hamster des ténèbres → 4:2 → Andílci za skolou → Toothfairy 4: Reborn → Stric → Blackbird → À propos de Joan → Look the Other Way and Run → Digital Asylum → Syk pike → Origine Nesanatoasa → Pterodactyl → In the Shadow of the Bull → Stridavka → Angels of Sinjar → Das grosse Ja → The Ghost of Richard Harris → All Those Things → Save Christmas → L'Invitation → Novak Djokovic: Refuse to Lose → Death Shot → Mrak → Era ora → Vucje bobice → Sound the Alarm → German Crime Story: Deadlock → Girl → La memoria del cine: una película sobre Fernando Méndez-Leite → The Royal Outsiders: Harry & Meghan → Our Kid → Mi otro Jon → OperaCinema → Arsenie. An Amazing Afterlife → Astérix & Obélix : L'empire du milieu → Belarus 23.34 → Unleashing the Dragon → Onemanshow: The Movie → I migliori giorni → Chlopi → Power Cut → Alien Contact: The Biological Connection → Familiar → Underverden II → Trevor → Wonderwell → Stone Flowers: Songs of Hope and Defiance → Peluri - kuolema on elävien ongelma → Bis hierhin und wie weiter? → The Space Race Story: Apollo Missions 13 - 15 → Trail der Träume → Il meglio di te → Una preghiera per Giuda → Boys on Film 23: Dangerous to Know → Shoshana → Mr. and Mrs. Stodola → Tillsammans 99 → Luiz Ferreira Ourives e Esteta → Boyz in the Wood → Fauna → Mamántula → Zapretnaya gruppa → Steve Bannon: Master of Chaos → Saben aquell → Blix Not Bombs → Qingchun → Elizabeth and the Presidents → Il silenzio prima del giorno → Toda una vida → Notre tout petit petit mariage → Joseph Stalin: The Iron Fist → Princess Margaret and Antony Armstrong-Jones → Uncovering the Alien Autopsy → In the Shadow of Beirut → Un homme heureux → Le Petit Karl → WWII Bombers: The Edge of Death → Sidonie au Japon → Wann wird es endlich wieder so, wie es nie war → Ulysse → Haunted Hotel → Jericho Ridge → Pink for the Masses → How to Have Sex → The Last Queen of the Empire → Monster im Kopf → I Love Délegy → Gondola → Mary Had a Little Lamb → Harry & Meghan: The Great Divide → Morse and the Last Endeavour → Normaalii → Prima di andare via → El club de los lectores criminales → A Cautionary Tale → The Rider → Bukkene Bruse på Badeland → Ararat → Light Falls → Videobook: A Clockwork Orange → Our Daily Bread → A Flor do Buriti → I am Hymns of the New Temples → Madre no hay más que una → Amén. Francisco responde → Firebrand → Kretsul → What should not be → Finding Michael → Le roi des ombres → Riso e Cipolla - Storia di Enzo Salvi → Marie-Line et son juge → King of Clones → Domakinstvo za pocetnici → Clint Eastwood: Make My Day → Whenever I'm Alone with You → Trapped → Je'vida → Feed the Reapers → House of Rooms → Retribution → Students → Warnow: Reis naar het Noorderlicht → The Male Gaze: A Better Tomorrow → Amityville Job Interview → Spring Lakes → Cochon and the Small Reset → BDE → Paola Agosti, il mondo in uno scatto → Die Vermieterin → Home Sweet Home - Wo das Böse wohnt → Hollowed Ground - The People of the Durham Coalfield → Un amor → Klaas de Jonge, de Prijs van Vrijheid → Fuckings Bygda → Böse Spiele - Rimini Sparta → The Old Man and the Land → Apostle: A gentle knight in Brutalia → Las chicas están bien → Hollywood, Cinecittà → Return of the Dark → Ocean Deep → Goldhammer → Sunday Afternoon Live → Hostage Takers → Polite Society → Narrow path to happiness → Havel Speaking, Can You Hear Me? → Haywire → Luz de gas → Williams Sisters → Pan Samochodzik i templariusze → On the Line → L'été dernier → Desmadre incluido → Praying for Armageddon → The Braid → Brandmeester → Break-Neck Brilliance: A New Era of Jackie Chan and Skeleton-Shattering Stunts → Animalia → A Is for Alice → Girl You Know It's True → La Classe Armoricaine → Alien Conspiracies - The Hidden Truth → King Charles III - Coming of Age → Silver Servers → Fien & Teun gaan kamperen → Nemá tajemství → Cesta do tmy → Le corps du délit → Bibleway UK Convocation of 2023 → Volta → Große Momente - Bilder, die Österreich bewegten I → Wolf Garden → Naszosc - Tylko Dla Nienormalnych → BILAL WAHIB: altijd, altijd → Suspicious minds → Improvvisamente a Natale mi sposo → Mimi → The Ghost of Henry VIII → Mykonian Pastoral → So Long Marianne → Birthday Girl → Kojot négy lelke → La scorta del 15 distretto → Discipleship Training School → Modern Monarchy: Harry & Meghan → How do you spell home? → Lilli → Out 2 Kill → Enkel für Fortgeschrittene → Theatre of Violence → Dressing like Meghan Markle → Anne Boleyn: A Queen Condemned → Holly → Mercy → Roswell Alien Autopsy Solved → Il Figlio Di Satana → La contadora de películas → Bosanski lonac → The Dark History of the Witch Trials → Mari(dos) → Pored tebe → Little Duke → Unbroken stars → COMPLEXion → He's Behind You → Les poings serrés → Choose Irvine → Vika! → Bastarden → Der Anschlag - Angriff auf den BVB → Grown by Freedom → 13 Sherwood Avenue → Miznúci svet hluchána → Rohbau → Return to Reason → Jedna dusza → Broken View → One of the Thousand Hills → Bento Mussolini: Italy's Greatest Evil → Lengsel etter nåtid → The Silent Prophet → Ocho apellidos marroquís → Dolls of Dresden → The Legacy of the Prince of Wales → Songs of Blood and Destiny → Black Bits → Wrong Side → La danza de los insectos → Ramba Zamba → Rudy → Megaheartz → Dallamericaruso. Il Concerto Perduto → The Black Letter → Hotel Du Cap → Le Temps des Vendangeurs → Bonnard, Pierre et Marthe → Venus → Knochen und Namen → SOLO (duello primordiale) → La vida de Brianeitor → Iberia, naturaleza infinita → Pax et Bonum → Un coup de dés → Viver Mal → Carrousel → Zodi & Tehu, frères du désert → The Great Nazi Escape → La fille de son père → Drömmen om Djenné → Puffin Rock and the New Friends → Don't Come Back → Daaaaaalí! → Oscar Pistorious: The Shocking Release → La ternura → Quatre raons → À Vol d'oiseaux → 13 novembre, l'audience est levée → Advent → The Gospel of Matthew: Part 2 → Lítá v tom → Roberta → Le Sentier des Asphodèles → The Penitent → Destini Avversi → Hypnosen → All in One Day → Albert mod stjernerne → Un coach come padre → Allan Quatermain and the Spear of Destiny → La exposición → Ryan Reynolds: Funny Business → Lewis Capaldi: How I'm Feeling Now → Sky Monster → Min vän Freddie → Yannick → Everything Will Be Alright → The Early Life of Princess Margaret → A Brush with Comedy → La cité oubliée de Ramsès II → John Craxton - A Life of Gifts → Bota jonë → The Murder of Meredith → Christians in Athletics → Stranger in My Own Skin → The Letters of Emily Dickinson → Seven Kings Must Die → Vera → The J-Horror Virus → La vie pour de vrai → Roma Blues → The Lie: The Murder of Grace Millane → Po prolomení ticha → Vacaciones de verano → Prowling → The Korean War: A Proxy Cold War → Sica → St Baptiste's → Opazovanje → Conversations about Cabal: The Making of Nightbreed → Bird Box: Barcelona → All of Us Strangers → Neem me mee → L'educatore 2 → Het leven en de vreemde verrassende avonturen van Robinson Crusoe die acht en twintig jaar helemaal alleen op een bewoond eiland leefde en zei dat het van hem was → Tell - A Hunter's Tale → Ganado o Desierto → The Trap → Edward & Harry: Giving Up the Crown → Rickerl → Quello che gli altri non vedono → Low-Tech → Quantum Men Reloaded → Wer füttert den Hasen? → Norwegian Dream → Lee → Unlucky to Love You → Nel cerchio degli uomini → The Glass House → Toni, en famille → Easthorn → Il caso ferri → 100 Mistakes → A Princess at War → My Life as Marilyn → Zahia, un temps d'avance → Raspberry1508 → Sur la branche → Nick Elliott: The Story So Far → Your Christmas or Mine 2 → Iza kamere → Sa'rana, bizuterija i po koji kaput → Remembering Prince Philip → L'Abbé Pierre: Une vie de combats → La Voce Senza Volto → Las cintas de Rosa Peral → Limpa ja unemaailm → Double Soul → Bice Across America - 3300 Miles from Vancouver to New York → The Rolling Stones: Rough Diamonds → The Sermon on the Mount → Goldfish → Aurora's Dream → Earth Mama → This is Budget Productions → Öliara → Nuovo Olimpo → Second Tour → Leeuwin → Vivant → Pearl Harbor XXX parody → Amadeo → Shades of Desire → BENE! Vita di Carmelo, la macchina attoriale → Ma tu vulive a' pizza → The Many Faces of Jim Carey → Rien à perdre → Forglemmegei → I miei secondi 50 anni → Experimentul Pitesti → L'île rouge → Volare → Der Pfau → Mesterjátszma → Gehen und Bleiben → Sang i salsa (de tomàquet). Els fantasmes de Joan Perucho. → Imperial House of Japan: Japan - The New Capital → The Dictators: Hitler → The Zone of Interest → En dag och en halv → Willem & Frieda → Dzisiaj spisz ze mna → The Who: Rock Revoltion → Le Fils du Chasseur → Mates piens → That Peter Crouch Film → Rewilding a Nation → Scorched Earth → Roter Himmel → Paved Paradise → Rossosperanza → Oltre il mare → O malých vecech → Heartbreak at the Palace → Catching Dust → Mumbai Mafia: Police vs the Underworld → Las Tr3s Partes del Espejo → Die Nachbarn von oben → Versilia Experience → One More Time → Martina Hingis → Astral → Yallah Gaza → The Letter to the Hebrews and James → Reflections → Banlieusards 2 → Françoise d'Eaubonne: une épopée écoféministe → Wi-Find: Downloading Our Future → Eva.Sola → Taximetristi → Giotto e il Sogno del Rinascimento → Control → À la poursuite de mes rêves → Notas sobre un verano → The Best Day of My Life → La ferme des Bertrand → The Well → The Taste of Freedom → Nouveaux riches → Coronavirus: Demolición descontrolada de una era a cámara lenta → Double Blind → Willie and Me → Pamtim samo sretne dane → Lovano Supreme → Rido perché ti amo → 2 Corinthians → Flora and Son → Nikdy nehovor nikdy → Rodeo Girls → The Wall → The Last Seagull → Legacy of the Name: King Charles → La última noche de Sandra M. → Little Bone Lodge → Ehrengard: The Art of Seduction → 24 Hour Sunset → Konski ogon → Them → Britain's Haunted Castles - Tutbury Castle → The Gospel of Mark: Part 2 → New York Solo Andata → The NightSchool 2 → Les rois de la piste → Dead Girls Dancing → Amityville Elevator → Una festa per la città - Venezia 1973 → I teleftaia prosefhi → Hostile Dimensions → Tu coño → Prince George at 10: The Secret to raising a Future King Birthday Documentary → Le temps d'aimer → The Diary of Paulina P. → Jake Chapman's Accelerate or Die! → A través del mar → Dicht bij Vermeer → La gente que solo buscaba la libertad → In diesem Jahr: Der Film → Urotcite na Blaga → Le monde d'après 3 → The Letter to the Ephesians → Cool Girl! → El Mensaje Del Colibrí → Mighty Afrin: In the Time of Floods → Mascotte → Je suis la France → Eureka → Remembering Tony Bennett → Hadí plyn → Auf der Kippe → Mudbrick → Angela Davis: A World of Greater Freedom → Colossians and Philemon → The Kyiv Files → Hassisen Kone 40 vuotta myöhemmin → La Casa Viola → Amen → Kálmán-nap → The Imposters → Ego → Royalteen: Princess Margrethe → 24 heures Le Mans: Entrez dans la légende → Ten Sporting Moments that Changed the World → Follia → Dertigers: De Kerstfilm → My Friend Lanre → Sembrando sueños → La Vénus d'argent → Hitlers tyske flygtninge i Danmark → Pelé: King of the Game → Hitler: The Making of a Monster → Afraid of Luke → Hoard → In the Land of Saints & Sinners → Rumore - Human Vibes → Evie → Wahou! → Winnie the Pooh - Master of Puppets → Kate Winslet: Leading Lady → Lobo feroz → Wonderboy: Bristol Old Vic → La tête froide → I Am Kevin → Lovely, Dark, and Deep → Contes de printemps → Noi anni luce → Robert Downey Jr: High Altitude → The Manson Murders → Passages → Posso entrare? An ode to Naples → Antier noche → Bank of Dave → Guardians of the Rainforest → Friedensglocken für Europa → Chcesz pokoju, szykuj sie do wojny → My Carpathian Grandpa → The Myth of Marilyn Monroe → Ripper's Revenge → La seconda chance → Se souvenir d'une ville → Nu astepta prea mult de la sfârsitul lumii → Paradise → Il grande male → La Chose derrière la porte → Le pacha, ma mère et moi → 1992: Monarchy vs Media → I am Jeanne → Ant and Dec's Saturday Night Takeaway: Behind the Screens → Made in Dublin → I Am Rage → Gallo rojo → Forever → Falling Into Place → Het geheugenspel → Fred & Rose West: Love & Murder → The Contestant → Mon pire ennemi → Remembering His Touch → Dance First → Quartier Général → William & Kate: Becoming the Prince & Princess of Wales → Entre el agua y la tierra → El arte de la luz y la sombra → Avgrunden → Heaven in Hell → The Glorious → Une affaire d'honneur → La mia danza → Munch → Everest Invaders → Calladita → Il ritorno di Casanova → Digital Life → 2 Peter and Jude → Le Théorème de Marguerite → Viktor mod verden → Am Ende wird alles sichtbar → Taurins Senior → Ingeborg Bachmann - Reise in die Wüste → Lamentations → Jay-Z: Ultimate Hustle → George Michael: Portrait of an Artist → Last Shooting → Phobia → Murder Ballads: How to Make It in Rock 'n' Roll → Eyes of Dread → Omar la fraise → Una gran voglia di vivere → Die Seele des Waldes → Bruce Willis: All American Hero → Gdzie diabel nie moze, tam baby posle 2 → Chalga → Drifter → Embers → Pero → Lost Boys: Belfast's Missing Children → Gli ospiti → Oh Jeremy Corbyn: The Big Lie → Le sens du chaos → Wrath of Dracula → Kill the Darling → Dublin Crust → El olvido del mar → Der vermessene Mensch → Solaris Mon Amour → Capaz o incapaz? → En dag kommer allt det här bli ditt → Ein Fest fürs Leben → Plane → Slow → Livet är kort Konsten lång - En film om Åke Göransson → Male and Female → Hotel Acajou → 16th Republic. BCP's treason → Dieu est une femme → The Dark Girl → A helység kalapácsa → Wham! → Berlin JWD → Bad Influencer → Rouge → All Inclusive → The Presence of Snowgood → Hemligheten → Kiddo → Lucio per amico. Ricordando Battisti → The Great Amazon Heist → Il sentiero dei lupi → More Than Strangers → Magnificat → Le paradis → Aligned → Das Lehrerzimmer → Sisi & Ich → Freddie → Consecration → És a halottak újra énekelnek... → Die Mittagsfrau → Bombers after WWII: The War Winners → Welcome to the torture museum → Que nadie duerma → The Book of Numbers → Horror-Scopes Volume One → A Butler's Guide to Royal Etiquette - Royal Invitation → Wil → Una noche con Adela → Un silence → Les Guerres de Christine S. → September → Taking Out the Neighbours → Hatton → Last Sentinel → Acts of the Holy Spirit → To kalokairi tis Karmen → El hombre del saco → Milijonieriaus palikimas → ABBA Silver, ABBA Gold → Cinéma Laika → My Uncle Luben → Vogelperspektiven → Alles is nog steeds zoals het zou moeten zijn → Michel Déon ou la force de l'amitié → Die drei ??? - Erbe des Drachen → Embryo Larva Butterfly → Ma France à moi → Nikola before Tesla → The Dinner Party → Mike Nichols, une leçon de cinéma → The New Royals: Zara & Peter → La sociedad de la nieve → Coup de Grace → Tonda, Slávka a kouzelné svetlo → Blood & Gold → Kake Make: mano filmas → Robot Dreams → The Black & White Game → Augure → Magyarázat mindenre → Die Atomkraft - Ende einer Ära? → Les gardiennes de la planète → KSI: In Real Life → The Man Who Stole the Scream → Alguien que cuide de mí → Au coeur du patrimoine → Hollywood So French! → Criminal Network → Chlopaki → Julia → The House That Stood → Argwaan - een documentaire over Luc Tuymans → Lore → Il popolo delle donne → The Conqueror: Hollywood Fallout → La Danse du Démon → Stams → Marinaleda → Kings and Princes → Il viaggio leggendario → Sto telos xyrizoun ton gabro → The Gospel of Mark: Part 3 → The Last Rifleman → L'estate più calda → Ruta para un pentagrama → The End of the House of Tudor → Helke Sander: Aufräumen → Murder of the Essex Boys: Blood and Betrayal → Alimañas → Bon Bini: Bangkok Nights → Palm Sunday → Polarized → Danila Poperechniy: FUN/LIFE → Battle Over Britain → Her Majesty's Prime Ministers: Boris Johnson → Wochenendrebellen → Dean Ormston - Working Class Superhero → Tudor Fashion → In Ukraine → Dve slova jako klíc → Touched → Travis Kelce: Sharp, Study, Swift → Mancunian Man: The Legendary Life of Cliff Twemlow → Ekskurzija → I peripeteia tou vlemmatos → King Lear: How We Looked for Love During the War → Occupied City → Dancing Queen → Princess Catherine: A New Kind of Queen → Crisálida (La Semilla) → COOL (News from Belarus) → Beyond the Fences of Lâlehzâr → Twice Colonized → That They May Face the Rising Sun → Introduction to the Old Testament → Mary e lo spirito di mezzanotte → Le dernier chasseur de rennes → VIS - Vampire ipnotiche seduttrici → I am Much More → Eterno visionario → Mees Kees op eigen benen → Jericho's tail → Bozji gnjev → Segundo premio → Stöld → William Tell → Animali Randagi → Sad Jokes → When Fucking Spring is in the Air → Kuba → Original Sin: My Son the Killer → The Hearth → Casa en flames → Roots → People of War → Dad's Lullaby → Unspoken → Mamífera → Cercando Bernadette → Ei koskaan yksin → King's Gambit → Veljko od mora → 2020 → Výjimecný stav → Deaf Lovers → Song of Songs → D-Day: 80th Anniversary → A Real Pain → Wieczór kawalerski → Sins of Ireland → Phallacies → El mètode Farrer → The Yorkshire Ripper Killings: Shattered Lives → John Singer Sargent: Fashion and Swagger → Godina igre → The Portraits of Hira → My Bloody Galentine → Fitter Stronger Better -Be more- → Cisza nocna → Le royaume → Wallace & Gromit: Vengeance Most Fowl → Zinema → One Night Rental → Cartas Telepáticas → The Royal Love Story: Elizabeth & Philip → Tomorrow Is Another Dream → Sarcophagus of Drunken Loves → Somebody's Daughter → Silent Shot → Jagtsæson 2 - I medgang og modgang → Queen Rock Montreal → Bad Bunny & Reggaeton → Killing Rainbow → Mikado → Marmolada - Madre Roccia → Rändajad → Advent → Waldo → Argylle → Maria's Silence → A Sudden Glimpse to Deeper Things → What About Love → This Is My Moment → Lazarev put → Spadek → Un Natale a casa Croce → Seses → Assassinations: How Murder Makes History → Observados → Why War → Dreaming Dogs → National Theatre Live: Vanya → Un p'tit truc en plus → Marianengraben → L'occhio della gallina → The Assessment → Torch Song → One More Shot → Otger Cataló, La llegenda → Vlny → Scarlet Blue → The Flying Scotsman: Australia 1988 → La famille Hennedricks → C'è un posto nel mondo → De Break-Up Club → Børnene fra Sølvgade → Following → C'era una volta il Derby Club → Vairak ka deja → Stranger → La Chambre d'ombres → Per il mio bene → Neshoma → Babygirl → The Female Elder → Black.White.Red. → Bonjour Tristesse → Maria → The Male Gaze: Risk Appeal → I Am the River, the River Is Me → Karol G: Mañana Será Bonito Forever → Vogter → The Life and Deaths of Christopher Lee → Fox & Hare Save the Forest → Bluish → Amy Winehouse: The Voice, the Vice → We all play → Liam Payne: The Price of Fame → Bye Bye Boredom → Radost na dosah → Miséricorde → Blur: To the End → Mary Anning & the Dinosaur Hunters → Brev til Håkon Banken → JV/Bromham Band - From the Stables → Je le jure → One to One: John & Yoko → Lioness → L'inizio del tempo - Der Beginn der Zeit → Aiden → Don't Forget to Remember → Hogyan tudnék élni nélküled? → Touched by Eternity → Ferry 2 → Biala odwaga → It'll Never Work → Reinas → Bonus Trip → Darklands: Are you ready to go deep? → The Accidental Spy → Padre no hay más que uno 4 → Château rouge → Arthur's Whisky → Parthenope → Bed & Breakfast → Par amour → Finalement → Where the Robots Grow → The Israelites → Rendel: Cycle of Revenge → Der Spitzname → Skinny Love → Véletlenül írtam egy könyvet → The Line → Skinjacker → The Diocesan Bishop → Cosmic Miniatures → Finché notte non ci separi → Shadowland → Äkta skräck → Secrets of the Spy Whale → Fright → Mon Inséparable → It Starts in This Room → A Melty Kiss Lost in the Abyss - Un Dolce Bacio Perduto nell'Abisso - → Abo Zaabal 89 → Kali → Alles Goed → Maya, donne-moi un titre → Mi hermano Ali → Lesní vrah → Great British Steam Trains: 50s & 60s Pt1 → Le mangeur d'âmes → Una terapia di gruppo → Bibleway UK Carnival → Diamant brut → Krazy House → Impulse: Playing with Reality → Ma vie ma gueule → Hamlet: Ian McKellen → The Accidental President → System Change - A story of growing resistance → Altar Ministries: Bibleway Churches UK → Great Steam Engines: Black Five Green Train → Le Roman de Jim → Voyage Au Bord De La Guerre → Una storia nera → Angelo Conti Rossini el mè pa → La scommessa - Una notte in corsia → Tihi skitnica → Ursula Hanes, une experience artistique → Norwegian Democrazy → The Invasion → Fainéant.e.s → Romagem → Man from the North → Enfield Community Worship → Dobla la esquina, el volcán → Misty - The Erroll Garner Story → Alien Encounters: The Impending Invasion → Digital Transformation → Svein Tang Wa - Perler fra Svein → Führer und Verführer → El Cas Àngelus. La fascinació de Dalí → Jedna Noc → 100dB Indust-bag → Layla → National Theatre Live: Nye → Underdog: The Andy Swallow Story → Potop. Postscriptum → Belle enfant → The Darkest Days: Israel-Gaza Six Months On → Memoria → King → Hokwerda's Child → Rebel with a Bow Tie → Sharp Instinct: Volume II → Spolecne sami → Tasty → Run from Hell → Ship of the Damned → Norbert(a) → Le fil → Crossing → Melun maa → L'invenzione di noi due → Drive-Away Dolls → Bardi → Meet the Roman Emperor with Mary Beard → Vincente Minnelli the movies that stay with you → West End Murders → Dahomey → Black Male and British → Il ragazzo dai pantaloni rosa → Archetype → DuEls → Ma part de Gaulois → De caballos y guitarras → El cine en tres actos → TWIG → Hunt → Lesvia → Great Steam Engines: Standard Engines → Wrooklyn Zoo → The Salt Path → The Shamrock Spitfire → Phil Wang: Wang in There, Baby! → Un año y un día → Los pequeños amores → We were here once - an Erasmus story → François Truffaut, le scénario de ma vie → Back to Black → PAPmusic - Animation for Fashion → Hans Adam II → Arsa → Tyger → Urbex → Sterben → Se upp för zombies! → Buenas Chicas → Terror Zone → AI: Artificial Influence → Godmode: Digital Murder → Here I Go → The Last Days of Elvis Presley → The Lights → Mariposas Negras → Spuk unterm Riesenrad → Yasa → Max Beyond → My Way → Ukrainian Sappers. Diaries of the War → Ephemeral → The Real Superstar → Melnais samts → Anatema → Klitschko: More Than a Fight → The Primordial Code, the Burning Essence → Wir sind auf Sendung. 100 Jahre Radioorchester in Europa → More than a museum → Svennis → Una película barata → Bob a Bobek ve filmu: Na stope Mrkvojeda → Le dernier jaguar → Ufo Hidden Nasa Files Revealed → Tarot → Girl from the North Country → Se souvenir des tournesols → Anul Nou care n-a fost → Nord Express → The Bibleway Cavalcade → La Storia, il romanzo dello scandalo → Ducobu passe au vert! → Regina - kuningattaren kehä → La casa → Van Gogh: Poets & Lovers → Le choix → Cose che accadono sulla terra → Poems: A Journey Through Icelandic Poetry → Pensati sexy → N'avoue jamais → Pet Shop Boys Dreamworld: The Greatest Hits Live at the Royal Arena Copenhagen → Infrastrata → The Incredible Story of Dean Forest Steam Railway → Rita → Per un pugno di like → South of Hope Street → Time Travel Is Dangerous → Animale → Apprendre → Zahradníkuv rok → RB&O Live: Alice's Adventures in Wonderland → Spellbound → Nieobliczalna → Bogart: Life Comes in Flashes → The Cut → Invasión → Smaragda: I Got Thick Skin and I Can't Jump → Vejen hjem → Challengers → Una Mujer Llamada Marta Hernández → The Presidents: Reagan → Rejsen til Nurunien → Ouija Castle → Haunting Trophies → The Hunted → The Shepherd → Blindgänger → Amy Winehouse: The Tragic Downfall → Explosions in My Heart → Vingt dieux → Gustavus and Susannah Vassa → Les femmes au balcon → Ambition on Another Scale: Chronicling a Blockbuster Sequel → Adespota kormia → The History Books → Azul de niño → The Life of Sean DeLear → Bibleway Churches UK Holy Convocation → The Lustful Dead II → Baba Yaga → Pablo Picasso: Fractured Mind → The John Perkins Tapes → I Am Martin Parr → Odio el verano → De Mannenmaker → Chantal im Märchenland → The Judge and the boss → Rückenwind - Zeit für Zufriedenheit → Princezna na hrásku → Das letzte Tabu → Kylie Minogue: Pop Icon → Out → Magma → LasseMajas detektivbyrå - Maskoten som försvann → Stabat Mater → Charlie Chaplin: The Spirit of the Tramp → La coda del diavolo → The Pilgrimage of Gilbert and George → Yaremchuk: Nezrivniannyi svit krasy → Macbeth → Eroici! 100 Anni Di Passione E Racconti Di Sport → Amici per caso → Tobia e i colori del mondo → Mina and the Radio Bandits → Dicono di te → Napoli VS Salernitana XXX: Un derby a luci rosse → Messi: Becoming Legend → Melanie's Grave → Pearl Harbour: Minute by Minute → Kunst ja külm sõda → Rev. Henry Bromley → Dwelling Among the Gods → Waarom Wettelen → Remembering D-Day: 80 Years Later → Between Time and Space → Roberto Capucci, La bellezza salverà il mondo → Depravity → Terrorise → Riefenstahl → The bog goggles of a junkie's fit → Lawrence → Sei fratelli → El silencio de Marcos Tremmer → Daniel Howell: We're All Doomed! → For Boys → The Royal Love Story: Charles & Camilla → Orgullo Vieja → Century of Women → Kynigi → Spheres → Alexander: The Great Pharaoh → We Are Tourists → Nova & Alice → Dan Hawk Psychic Detective → Home Game → Les gens d'à côté → The Girl Who Wished A Change → The Problem with People → Silent Trilogy → They Sting → The Dadchelor → Birdsong → Maschile Plurale → La seconda vita → Bolero → I kaltsa → Quintessentially Irish → Sexploration - Wie Will Ich's Wirklich? → Down in London → Le tableau volé → Elfi → Quelques jours avec Clémence → Children of the Cult → Four Letters of Love → The Beast Within → Das Wunder von Hans und Rümana → Io sono un po' matto, e tu? → Buffalo Kids → Die Schule der magischen Tiere 3 → #SeAcabó: Diario de las campeonas → Grand Tour → Nyersanyag → Conclave → Der Parkhausmord - Wer tötete Charlotte Böhringer? → Sr → Creep Encounters → Young Hearts → Des Teufels Bad → Trapped → Thirst → Blackwater Lane → Une Jeunesse Française → Un viaggio per incontrare Mimì → Die Chaosschwestern und Pinguin Paul → Io sono così Gigi Les Autres → Of Caravan and the Dogs → Jama → The Exalted → De Biesbosch: Natuur in beweging → Generation Terror → Kino Volta → Life and Deaths of Max Linder → Julie zwijgt → Normas para una página de sucesos → L'histoire de Souleymane → Jaspal → Fortunes of War → Un giorno d'estate → Public Enemy: A Greek Tragedy → When Money Breaks: FTX → The School of Fine Facades → Iddu → Mother Maker Lover Taker → Silent Trees → Berlin Nobody → Halloween: The Hunt of Michael Myers → E Assim o Destino Traçou → Le Comte de Monte-Cristo → Il colosso di Rodi XXX parody → Sharon Stone: Survival Instinct → Marmolada 03.07.22 → Can't Feel Nothing → Fuks 2 → Izolacija → I soliti idioti 3: Il ritorno → Timestalker → Éden & Charlie → Mrs. Robinson → Estación Rocafort → Pulse of the Dance → Revelation → Denzel Washington: American Icon → Generazione di Fenomeni → Cadbury at Easter: Secrets of the Chocolate Factory → Seventy: Substance Abuse to Superhuman → The Magic Reindeer: Saving Santa's Sleigh → Guy Manley - A Real Movie → Der neue gute Deutsche → La tour fantôme → Behave → Illuminate - Monica Vitti - La Donna che visse due volte → Where Have You Been → Panda Bear in Africa → Mapa a Pandataria → Songs of Slow Burning Earth → Luottomies-elokuva: All In → Avicii - I'm Tim → De wilde Noordzee → ¿Quién quiere casarse con un Astronauta? → Matka v trapu → Viva Verdi → This Is Benjamin Ingrosso Part 2 → Kolory zla. Czerwien → Wraak → Thirteen Cars → Sweet Brother → High School Heist → POPS → Unicorn → O'Dessa → Le Fanu's Carmilla → The Bay → Bank of Dave 2 : The Loan Ranger → Zombikini → La bala → Hagen Benz - Das Böse in dir → Home Sweet Home → In the Borderland → Of Infinite Worlds → Dracula: A Love Tale → Eagles of the Republic → Hamlet → Das Kanu des Manitu → Serial → La natura degli Angeli → Kundschafter des Friedens 2 → Todo lo que no sé → The Land of Sometimes → Last Breath → The Last Audition → Kid → DRAGN → Uhma → Escape from the Metaverse → Birth of A Goddess → All This Time → Animal Farm → La città proibita → Sober → 9-11: The Day the World Stood Still → Blücher → Mnemonix → The Conjuring: Last Rites → Blurred → In the Grey → Kærlighedens Gerninger → Osteria all'undici → The Other Side of Silence → Guldvaskarn' från Lannavaara → Frontera → Juliette → Video Shop Tales of Terror II: Lust and Revenge → Estrany riu → Untitled Lani Pixels Project → Downton Abbey 3 → La Casa Di Giano → DJ Ahmet → La gran fiesta del cine → Lo imposible se hará → Los Muértimer → Pino Daniele - Nero a metà → O Segredo Dos Djinn 2 → Anacondas: Silent Scream → También esto pasará → Solos → Bad Boa's → Bitter Revenge → Honey → Judas' Gospel → Wrongful Death 2: Bloodlines → Ternet Ninja 3 → Juffrouw Pots → Someone Dies Tonight → Divinity → Mr. Nadie → Bamse och havets hemlighet → The Low Road → Aída y vuelta → Wielka Warszawska → The Long Melody → The Teen → Becoming Led Zeppelin → Wolfgang (extraordinari) → Io Sono La Fine Del Mondo → Personne n'y comprend rien → Konferenz der Tiere 2: Der Chilldown → Welcome Home Baby → Dr. Jason III → Konekt → The Wrong → Bijuterie → The Vampire of Croglin Grange → The Rose of No Man's Land → Mafia is Calling → Padre no hay más que uno 5 → The Border Guide → Journey to Nowhere → The Wheelman → The Great Silence of Harry Gleeson → Freak → Totem → Birth of Life → The Harvest → Amor Eterno → Guns Drugs and Rivals → Bedlam → Felo De Se → Tãu → Schwoaza → Troll2 → Es frisst → Ella-Rose → The Good Shepherd → Kancha Sherpa: Last of the First from the 1953 Conquest of Mt Everest → Andrew Logan's Last Party at the Glasshouse → Heartbroken → Taped → Bet Dead Casino → The Changeling → Good Enough → Boleskine → The Deadly Seven → Disorderly → Behind the Curtain → The Colour Barre → 'Michael' - The Michael Watson Story → Quail Hollow → Knifer → Rise of the Orisha → Liminal Space → We Need to Kill Your Father → Lovita → Tube King → Life Is a Melody → Hadron → Damas → Don't Worry Sar! → Bad → All About Sled Dogs → The Not Polly → Cargo → The Darkest Nothing: Killing Trolls → Elena: Gegen Alle Hindernisse → The women of 1922 → De Favoriet → Hall of Mirrors → Mord in Wien - Der letzte Bissen → Wieczór kawalerski → Absolution → Syndrome → The Hunger 2 → Les Âmes mortes → Witchfinder → Clean Cut → Violetta and the Woodpecker → Teshuvah → The Tides → Victrix → In Utero → British Pride → Salt Flats Astronaut → Tomb Raider 2 → Gangland Wars Revenge → Incomers → In Sickness → Secret of My Father → Je suis Alice, trisomique normale mais ordinaire → Fairy tale therapy → Trad → Rembrandt → One More → Sunny Side Up → Emma and Nelson → Killer Surreal → Legio Corpvs vs. The Dragon of Fire Followers → It's Not a Game → WANG II - The Circle of Shambhala → The Golden Web → Through the Moon → Manuzzelle → Crusaders → I skovens dybe stille ro → Moon → Blood & Ink → Delirium → History → Finn McCool - Discovery → The Boy Who Couldn't Grow Up → Twelve Days in May → Un Mari pour l'Hiver → Na Obraz Twój (Untill Dawn) → Madam Cyn's Luncheon Voucher → Deity → Addicted to Violence → Supernova → Daydream Believer → La señora que juega → Das Café am Rande der Welt → The Great Irish Famine → Alfama em Si → Belong → Àngela → Street Lies → Kid Carney → Little Monsters → Connected → Wave Melancholia → The Queen's Physician → C'est toi → L'individu → Lights → Zaad → Exposure → The Homing → The Rock Pool → Joe and Katie are in a Relationship → Mental Health in Lockdown → Captain Sat → Tafiti - Across the Desert → Un incendio invisible → FA Cup Final: 1955 - Newcastle vs Manchester City → Alone Around the World Aka Against the Tide → Swiss Break → La valle dei sorrisi → Trees → Rembrandt's Sleight of Hand → Eufemier → KonTiki Project → Sumo Girls → We are Lost → Stonelore → World's Highest Bike Ride → The Chocolate Club → 300 Yards → Sexual Healing → The Death of Daniel → Viva la Vida → The Existence → Red Berries → Life After the Goonies → Wolves → Just Sleep → Upsylon → Divia → Once Upon a Time in Britain → The Divine Feminine → Romeo and Juliet Apocalypse → Cowboys Can Fly → R Is for Robot → Hunter's Moon → Spiked: Psychoactive → Futures → Warrior → Dear Jeremy → My Thoughts Are Free → Love from Ladakh → Awakened Minds → Ett liv utan dig → Testament → Turner → Bulldog Drummond → Jury of Twelve → DayZ → Breakfast with Charly → Bianco → We Are Dancers → Ije Uwa: The Journey of Life → The Unknown Caller → Policejní historky → Samanta Nobody → Léon l'Africain → The Promised Land → Buffalo Bill → Untitled Superhero Thriller → Volume → Chica Checa → Lumeria → Amelia → Alma → Masks of the Illuminati → The Cosmic Whistleblowers → Willy-nilly Hero → Hans Nielsen Hauge → Forest → Balogun → La Lupa → Dead Reckoning → 8ish → Audienz → Vipeholmsförsöken → Here I Am → Anna and the Bell → Dead Stop → Between the Lines → Hallali → Blues for Zoey → Slick as Thieves → Untitled Alfa & Omega Project → Code 289 → Play with Me → Hungry Joe → The K.A.G.E. → The Devil's Revenge Sequel of the Devil's Double → Tell Me Everything → 6 Songs → Skylined → Fame Hungry → Angel → Deer Woman Child → The Quad Force: Redemption → The Thirteenth Seed → 00:00 → Haven → Zombie Schoolgirls, Attack!! → The Naked Truth → Die Wilden Hühner → The Last Resistance Fighters → Olivia → Beslan → The Man Who Never Landed → Green Lanes → Hell's Gate → Beyond the Nightmares → Cartacrespa → The State of the Stage → Vessel → Profligate → The Diamond Box → I Swear → Mythomen → The Unloving → Dandelion → Killing the Shadows → Meaner Than Hell → Why We Fight → North 2 South → La boda → Mahatma Cowboy → Matilda Corkscrew → More Than Human → Laughter in the Dark → Evolution → The Masterpiece → Cracks: A Mysterious Love → Harry Mason → In the Face → What Have You Done to Solange? → Deauville → Kuca → London's Last Soul → The Nazi Officer's Wife → The Moon Is a Hologram → Arranged → The Wild Waves → Glorious → Highland Escape (Flóttinn) → Como é que te Aguentas → Dirty Dutch → Prince William: The Future of the Monarchy → Little Green Men → Paradis perdu → Ghost Swim → Medea 21 → The Black Surfer Movie → Women's Angel → Building horror → The Other World → Intimacy for Teens, Fuck for Future → Saya → The press battle with actress → Disappearance → Mr. USA → L'État sauvage → Muddy Shoes → Too Young to Die → Masaryk II → Unspoken → Memory Pain → The Smell of Flowers → Prey No More → Dead Man's Mound → Souled Out Tour of '72 → Nordic Noir → The Tutor → Alumbramiento → Forte (Suspended in Mid Air) → Manchester City FC the Sven Revolution → Dal pianeta terra → Game Girl → Totta → Dark Waters → The Blood-Some Bandits → Tolkien & Lewis → In the Dragon's Fist → DoN't cOMe HeRE → Torn Apart → El despertar de René → Carnivore → The Creeps → Zombi csillagok → La chambre de Mariana → Pagan → Broken Nation → Jeb: The Fame and the Fury → Bleu York → Influence → Træl → The Chronicles of Ollundra: Hunters Hunted → Narrow Line → Caught in Fire → Home → Welcome to the Tempest Hotel → Minotauro, Picasso y las mujeres del Guernica → The Snare → An American Ginger In Paris → Una Persona Perfecta → Hay monstruos fuera → Rumore → Do Not Resuscitate - Short → Blackbird → Thanatos → All There Is to Know → Living → Big Bounty → Child B → Faulty Roots → That's A Wrap → Tundra → Lara a Escort Story → Hjälpa → Carmen → Life Through a Dead Man's Eyes → Mord am Unmöglichen → Finding Forever → The Braveheart of Sussex → Untitled 2021 Horror → Separate Ways → Over Acting → Nebelkind - The End of Silence → Girls & Gods → Obsession → The Islander → Eunuch → Perfect → GOING T*Ts UP! → Who Could Love a Monster? → David Bagares Gata → The Girl in the Pink Sari → The Silencer → Venus → Hollywood with Holy Grace → Death Match → The Cycle → Au nom de la grèce → A Love Story written in the Stars → Last Laugh → The Middle Place → Poker Allie → Extraction → Benetússer → Advocate from Lviv → Il primo figlio → No Destination → L'Amour... et tout le reste → The Candidate → Cocque & Bull → From Hollywood to Coallywood → MemorieZ → Dependant → Only Anarchists Are Pretty → Infernal Blood → La Femme Mariée(s) → Billy and the Goblin Rebellion → Leo the African → The Wake → Chapero En La Red → Happyland → PLAN Z → The Night Climbers → Triangle in the SKY → Greta e le favole vere → Jack → Clandestine → The Last Legionary → Silver Ghost → The Weekend → The Elements of Champagne → Blue Treasure → L'été des Perséides → From Freetown → Who/Man → The Billion Dollar Spy → The Maiden of Dusk → Skelton Island → Lilith: The Last Temptation of Adam → The Knife Thrower → Model Citizen → Holy Mackerel → One Thousand Flames → The Prisoner's Dilemma → My Brother's Keeper → We'll Meet Again → Nicked → Vampire Armageddon → Camouflage → Dreamshine → UC → Pinocchio Unleashed 2025 → Galerie Splendide → Enigma → The White Rose → Ateneum → Herzl → Ducks → Le Blanche Dimanche '75 → The Big Fight → The Scholar → A New York Story (08-Jan-2015) → Emil vrati se → Soft Machine → Appointment with the Devil → Dying Breed → Singularity → Influenced! → Rosebush Pruning → Yellow in the Eyes → The City in the Sea → Love Alexa → Enzo → Song of Songs → Le sac noir → Bad Day at the Office → Unknown No.1 → Con le peggiori intenzioni → Genius Loci → Force Bitume → Touched → Decay → King of the Road: Peter Pickles and the Homeless Industry → The Fox → Sing Without Parole → Thunder → Shadow Walkers → Our Munster Memories → Werewolves of London → Niðavellir → We'll Never Walk Alone → Our Property Ablaze → The Expectation Gene → Dirty Rats → Ciao Teto! → Rattle → Chinese Wall → Le Passeur → Count Karlstein → A book of → Loneliness in a Free Society → Human Cargo → Stiller → The Holy Cow → Through the Night → Strange Cargo → 260 Days → 24 Hour Cleaners → The Rose in the Flame → Døden kører Audi → Maximilian → Violet → A Friend from Siberia → No Budget No Script No Permission → Back in Business → Swedish Match → Backwards Forward Forever → The Count of Montecristo → Blood Curse → El otro lado → Blacklits → Calatorie la capatul mintii → Infernus amini → Lady Punch → Peter Pan in Scarlet → Precis som jag → The Leviathan → Natalia → Iblis Hitam - Black Demon → Des Diables et des Saints → Watermark (Acqua Alta) → Escape from Hat → White City → The Sumo → The Watched → We Are Born Immigrants → The Taste of Fear → The New Jews → Legends of Charmswood → Expatriate → In the Beginning Was the Sea → Ombak → Clara ou les lumières du Havre → The Jumping Rocks → Mothers of the Disappeared → Personnel Relations → Cuckoo in the Nest → Giant → My Heart Belongs to Daddy → The Broken Places → Hearts of Salt → Skinny Buddha → Grans Gone Wild → My Duty → I'll Be Gone in June → The Hunt for the Grey Wolf → Cherry Telegram → Faith → The Monster of Florence → The Hunchback's garden → Mortem → Down Will Come → Lucy 2 → The Nanny → The Mandylion → Fled → As Meninas Exemplares → Jane Eyre → Fallen → Dino Hell → Casino Game → The Acali Experiment → Man Is Wolf to Man → Zerquoeil → @c1d grains → The Last Goodbye → The Legend of the Lotus Lantern → Beginning to End → Dearly Beheaded → Christy Mahon - Playboy of the Western World → Kool Kats → Power Ballad → Jimmy Oz - Germany's Wunderkind No.1 → Reminding Sheila → Untitled Daniel Johnson Project → Manchester City FC - Blue Goals... and Then Some → One More Time → Spitfire → Duke of Sussex: A Changed Man → A High Place → Pixie Dust → Caribou Village → Florence → The Marquee Club: the Birthplace of Rock → Burnt Earth → The Burning Question → A Smartphone Movie - The Alternative Places → Hear My Voice → De Overval → Izlet → SYNC → Zeit Der Monster → Worlds Apart (Same Difference) → Into the Grey → Is the Sea There? Tell It to Come In → Eye for an Eye → Ana → We Put the World to Sleep → The Empress → Vleesdag → Fallout: The Road to Tipperary → Castle Wolfenstein → Robbie, I miss you → Everett → Once Upon a Missing Time → Human Traffic 2: Revolution → Das Mädchen ohne Hände → Captain Callum: Fallen Universe → The Ipanema File → James Coburn and the Rum Bastards → This Is Spain → Gabriel's Lyre → The Siege → Rider → Pitchipoi → The Viking of Sixth Avenue → Untitled Greta Garbo Project → I am Tommy Morrison → Arco → London Waste → Life → Smoke Like a Fish → The Weak → Ride of the Valkyries → The Dreaming Spires → The Flowers the Fish and the Cockerel → Tu as gagné, mon fils → La Famille Martin → Þar sem vondir verða að vera → JailBird → Le Lac → Blood Over Water → The Bell → The Shallow End → Detroit Rising → The Island Apes → Letters to the Lost → I Am Dracula → Three Identical Strangers → Dracula Beyond! → The Concertmaster → Lesbian Psycho? → Bare Transit → Sacred Country → Freefall → Ghostgirl → The Solitaire Mystery → Saved by the Bull → Deadline → A Life of Fetish → Bye Bye Kalashnikov → Elvis From Hell → Deception → Komunalne → Autonauts of the Cosmoroute → Upgraded → Magistrate → The Origins of Ajax → Dark Peak → Velintonia 3 → The Drought → Edoardo the Last Goodbye → The Flyer → Around the World in 11 Days → Plan B → Kill the Poet → Barry → Musketeers of the Tsar → Yellow Eyes → Windwalkers: Chronicle of the 34th Horde → My Way → Let It Go → Safezone → Ren - The Girl with the Mark → Sontag → A Road to Redemption → La presa → The Late Great '78: Glamour's Golden Sunset → Believe the Movie → Trunk → A Comedy of Errors → Rosie Cheeks → Franky → 2018 → Ancient Light → I'm a Hero → John Silver → The Valley → Cold Roads → Ouarzazate Express → Der Führer baut seine Hauptstadt → Sunburn → The 39 Steps → La Donna Cervo → King of the Cage → Hippie Hippie Shake → 33 → Forgotten Journeys → Harper's Fairy → Vrykolak Empire → Practical People → A Concrete California → The Offering → Reunion → Hollywood Tango → VULPES → Six Suspects → Becoming the Princess Royal → Un soir, une nuit ... et puis? → Man Unlicensed → The Killing House → Phoenix → The Man with the Golden Voice → Space Adventure Cobra → Coup de Grâce → BN'R ennn NR'R → Deliverance → Nightingales of the Aegean → Folie à Plusieurs → Firebirds → Wayward → Une belle gifle → Polvere rossa → This Damned Heat → Kostajat → Black Money → Put a Price on Emotion → Hasta el fin del mundo → Venus in Disguise → Legacy of Fire → The Blair Castle Project → Year Zero → Ebony Smart and the Book of Learning → The Weekender → Playing Mercy → Out the Window → A Song I've Never Heard → Dracula Reboot → Last Tears of the Frozen North → The Young Dragons → A Romantic Comedy → A Ticket to Die → Soldier for a Summer → Doomed Honesty → Repent → The Bruising Field → Arminius → Horizon → Christmas on the Wishing Mountain → La silhouette del tempo vista da Piero Tosi → Something Great and Beautiful → Dark Forest Child → Tornado → Simply the Best Ayrton Senna → Anadysis → Per un po' → Amigo Invisible → Løftet på broen → A Conversation with Strangers → Do Not Disturb → Manchester City - FA Cup Collection → Recordings (in production) → The Seal Woman → Dead Trust 2 → La nuit des voyous → The Tape → The Boggart → Brat → 1 Chronicles → No Man's Land → Death or Glory → Surface → Rambleritos → Les petits vieux → Late Position → L'Imparfait → Mr.Sun → Joyce → The Weather Just Got Sexy → Sentir → The Plague → The Clan MacLeod → S ladom v srdci → Murder in a Small Town → The Last Boy: Part II → Federico, the Imaginary Life of Fellini → A Family → I'll Get You Back → Easy Money → Bird → The Farm → Flowers Don't Grow in England → Maria → The Galapagos Affair → The Blue Mauritius → The Reunion → Land of Hope & Glory → Bloody Love → My Beautiful Greek Tom Boy → The Cat Feeder → Le Roi en Jaune → Vambo A Glaswegian Ghost Story → Big Man → The Trap → Le Avventure di Luna Bianca → The Film with No Name → The Smugglers of Mousehole → Quad → Pirate Queen → Untitled Andrew Loog Oldham Project → Celeste → Everything Carries Me to You → Prayer → In Tenebris → Mary → Tranny Corps → Oublie → George Blake Project → Devil Daddy → BLAS de LEZO → The Rag Family → Last Man Down 2 → Brooklyn Bridge → Charlie Michael Baker - Autism and Me → Eddie, and the Friends → What About Gary? → The SOS Christmas → Who Killed Johnny II - Expats Going South → Invisible Woman 2.0 → Window → Hetket ennen hämärää → Canary → Windscreen → Requiem for a King → Veil → The Fantastic Jules Verne → Sur mon chemin → Grace and Beauty → Autumn → Quartier Latin → Blue → The Loft → Back to Earth → A Right Pickle → Pentecost Sunday → The Descending of Fate → Dressing like Princess Kate → Pausa, Marmita e Cimento → Die letzten Feldhamster → Totem & Tabu → The Devil's Pit → Hit the Road, Girl! → The Vessel → Le Professionnel → Made in USA → The Cyclops → Players of the Game → Made Under the Milky Way → The Cavern Dwellers → Save the Last Bullet → Instrumental → Brando → The King of Soho → Ibiza Love → Solitude → A Double → Kitty → Soldiers of Horizon → The Dragon, The Bear and The Leopard → Dancing with Thieves → Retrum → Georgie → Fathom → Julie McGriff's Difficult World of Sex → Alice on Mars → Dead End Light → Straf → Corona, Corona → The Curse of Sidonia - documentary → Troopers → Il Dito e la Luna → Gagarin → Snow White and the Seven Deadly Sins → The Arcade → Upswing → This is Jake → Legend of the Italian → Blood Water → Esprimi un desiderio → To Have and to Hold → The Devil in You → The Ambassador → ZOE → Rorrim → Our eternal Life → La bataille du Chemin des Dames → The Other Face of Kilimanjaro → Cercando Itaca → The Truffle Wood → Supereroi → Rock'n Roll Fan → Kamaradi → Urban Harvest → Il colore della fatica → I'm Not Here to Make Friends → The Healer → Rojan → Hospice → The Box of Tapes → Downfall of a Superwoman → Untitled MMA Film → Reinventors → Hoyt → The Warning → Puya: In the Circle of Time → Zvecarke → China Blues → The Ginger Jesus → Art Sartorial Praxis → La memoria del azúcar → The Last of the Pump Jockeys → Offbeat → One by One → Frenia → Karman → Desi Coconuts → Virginia Woolf's Night & Day → Prague Spring → SuWo → Sunrise Reloaded → Guard Position → Perfect Lives → Marionettes → Le ventre idéal → The Dealer → The Halfway → 30 notti con la mia ex → The Pugilist → Speak Up → In Search of the Sacred → The vampirs Ghost of Obidim → Beach Boys → Najjat → Citizen Erased → Het geheim van een goed huwelijk → Rise of the Footsoldier: Ibiza → The Duke → Lord Haw Haw → La Noche de Piedra → The Handy Men → Death Penalty → Le Raïs → Blue Stockings → The Guv'nor → Tell - A Story → For the Lack of Love → The Siren, the Captain, the Sea → Head On → Batman: Seeds of Fear → Deja Vu → Alana Likes → My Heart Breaks the Waves → The Brothers → Mr Doom → Scales → To Hell and Back → Mods → The Twins Mission → Human Remains → Rat Catcher → Right Wing to B Wing → The Last Summer → The Man and the Lion → The Cushion Room → Fly Little Bird → Solar Storm → My Ego Screwed My Acting Career → Yalla Parkour → Skating Palestine → Lemkin. The Genesis of Genocide → Your Turn → Everybody Calls Redjo → Cleaner → Annapurnas → Space Melody → The R.I.P Man → Beasts of the Road → Apocalypse Highway → Silver from Water → And His Brothers → The Last Heretic → The Macabre Ayahuasca Hammer Experience → Mumbo Jumbo → Mountains of Glory (The High Priestess and the King) Episode 2 → Cape Point → L'Isola di fuoco → Piccola farfalla → A Swedish Tale → Dancing Lines → Je suis Molenbeek → James Hunt → Maya Butterfly → Prípad Andrey S. → Le Roi Soleil → Yiannis → Stupid Heart → Stromberg - der neue Film → When the Tide Comes In → Like Snow in Summer → Gli assenti → Jenie → She Moved Through the Fair → For the Love of Susan → Cherry → Road of the Dead → Mechmet → Boundaries and Pathways → 11817 → English Outlaw: The Story of Dick Turpin → Wrong Place Wrong Time → Sunset → Emotional Recipes → The Day Fighter → Provenance → Raoul's Boys of Budapest → Second Coming → Capturing the Dead → Lost Generation → The Sound of Silence → Heart of My Mother → Neon Angel → Where Are You Going? → Blackline: The Beirut Contract → The Bronze Horseman → The Desert of the Real → Simply Gay 2: La Suite → The Wild Ones → Stripped → Killing for Comfort: The Jeffrey Dahmer Chronicles → In Dark Waters → Il bambino delle stelle → Cairngorms → The Matchup → We Will Rock You → The Beginning of the End → The Giants of Groil → The Companion → Orwell → The Butcher → Untitled Kit Lambert Project → Baby Driver 2 → La Petite Dernière → Hitmanforhire.net → Le Caretaker → Therese Raquin → A Thousand Kisses Deep → Drapeau Noir → Christmas by Moonlight → Exile → Kriminaali → #elreto → Dead & Breakfast → Sans Filtre → The Black Sheep → Almost America → Truancy → Burmese Days → Holy Men → Beasts of Nemesis → River → The Death List → Action at Last → Luton to Leicester → The Unravelling → The Einstein Enigma → Das Glück der Tüchtigen → Bentley Boys → Billy the Kid → Codec Seven → Hondalea Marine Abyss → Phone Book → The Nazarene Secret → The Timbuktu Three → To the moon and back → Silvertown → Looms But the Horror of the Shade → The Last Savage → Better. → God's Love Letters → Severance → Transfer at Aachen → Allach ist groß → The Evil → The Immortal Hour → A Quiet Life → Magnifique! → Peak → Io e mio fratello → Dixie → From Ashes to Embers → Romeo and Juliet in Afterlife → 10 Giorni Con I Suoi → The Birthday Party → Witches Can Be Bitches → Monsieur Pourpre → Dark Moon Rising → Evo → Cosmonaut → A Frame of Mind → Fast Lane to Eden → Doctor Maclean → Dog Soldiers: Fresh Meat → Bigman → The Principle → A Tale of Two Rivers → Nada → Smiles We Left Behind → Varjagen → Stutter → Infinity → Retreat → Cost of Living → Die Grosse Tour → Att Rädda En Pojke → Doncaster Fever → The Bible II → The Way → Reckoner → La mejor Navidad de mi vida → NENIKIKAMEN → Santa → Lights Out → Sólveig mín → The Forgotten & Untold Heritage of Ponders End 1935 - 1950 → O Voo do Crocodilo - O Timor de Ruy Cinatti → Koyuki → Baby/Baby → Mercury → Defiance → Guilty → Mind-Bender 2 → UNTITLED Feature Documentary → Mary, the Untold Story → Own Worst Enemy → Scare B&B → Castro → Birthday in Messaied → Roger Rey → This is business → Good Girly Days → The Wilhelm Tell Saga → Waka Waka → Thirty Three → Projekt M → After the Evil → Las Flores de Jericó → iHostage → The Boy who Belonged to the Sea → Undersong → PENTACOLUM : The Forest of Decay → Just Another Day → The Last Girl → #Declimax → Alessandro Valtulini Untitled BioPic → Blücher → Paradiso in vendita → Happy Ever After → The Bedouins → London Black → Before the Night Ends → Streaming → Rehab → The Heart Trials → Nothing to Envy → The Basement → Fort Solis → Essex Takeout → Hunters → Life Warrior → Otroci na cakanju → I am the Storm → Banker to the Poor → Professional Risk - An NRCity Story → Yova → Fata Morgana - Money has no Colour → La niña dorada → The Line → Katarina → Disquiet → A Most Dangerous Child → Hereje → Black Palace → 66° North → Untitled Daniel Harding Feature Film Project → Crack of Dawn → Broadsword → Josh Taylor's Prom Date → Valentine in Love → Ladybug → La Colombe → Unearthed → Cantamessa → The Stork Club → The Price → The Vicarage → Behind the Spotlight → Andrea's Love → Cobra → The Black Pearl → La nuit quartier latin → Nepela → The 13th Child → Love lies in truth or Baron Munchausen's marvellous adventures in Russia → Dead Trust → This Child → Mark in Time → Unusual Cowboys → The Exposure → Generation Revolution → CAR:Y → Erik Menneskesøn → Congo → Ode2Blue → Mostro Intruso Aspro → The Puss and Rosie → Untitled Violin Thriller → The Sniper's Daughter → The Midnight Library → Soleil Noir → The Mountain in Me → Haywire: Gunslingers → Heist of the Dead → The Alby → Un amour tortionnaire → Once Upon a Time in Hell → Money Ring → The Damned → The Narrows → Charmed Lives: A Family Romance → You Will Find the Words → Das Geld und das Glück → Black Heart → The Tenth Planet → Orion's Angel → Phantom of Inferno → La cigüeña metálica → Now & Then → From London with Love → Dance with the Devil: The Legend of Cozy Powell → Cliffs → Reisen til Julestjernen → Devil's Punchbowl: Aftermath → Rent-a-Friend → El Laberinto → Snow Goose → Carrying David → CRASHED AND BYRNED the Tommy Byrne Movie → Stonecliff → Élucia's Garden → Darkness at Noon → Interplay → The Director → Caleb's Journey → The Heroes of Tiree → La Fille sur l'Etagère → Layla → Depp vs Heard: All on the Line → The Inferno → The Rock Prophet: Link Wray → Appleseed → Mama's Got the Blues → Avenging Rainbow → Magdalen → The Burial Game → Boxing Sisters → Belfast Boy → Fools Gold → Oväsen → All the Way from Over There → Next Time → One More Round → Read My Breasts → La Plaidoirie Finale → Dead Shelter → Charlotte Street → The Universe Versus Alex Woods → Soldier Bear → Atticus the Mighty → Julian → The Fish in Me → Kiss, His First → Le Temps de la Colère → Esperanza and the Amnesiac → The Sensational Spider-Man → Lust in the Basement → Untitled 1310 Documentary → Der Schatz vom Kalkberg → Modern Royal Weddings → The Butterfly → Rivers of Our Children → The Conductor → I Have A Journal → Pokemon Adventure (Fan Film) → Judge, Jury and Executioner → Punk qui peut → Ash Grey Blonde → Incensed → World of Hurt → An English Town → Virtue → Operation Mikado → The Night Guest → The Regiment → La Aventura de Sandra Munt → A Price Worth Paying → Takotsubo, dzban na osmiornice → Brutus → 24 Hours Away → The Legacy of Queen Elizabeth II → Le Danger → The Thistle in the Kiss → L'isola degli idealisti → My Generation: Living the Dream → Candles of War → The Child → Bloody Tennis → Amsterdam Exposed → Résistance → A feu et a sang → American Ninja Apprentice → Traning at Gleason's Gym → Oui Cannes → Defence of the Realm → Smooth Operator → Uma Frick → Bendix Brodersen → Rosa → Hunger → The Last Twitch → Pumpkin Spiced → The House that Dripped Film → I Owe You the Truth in Painting → The Blood Magician → RoadGirl → The Gentleman Thief → The Fens → TDA: Taken and Driven Away → Nora - dala padella brace → JC: The Missing Years → Revenant → The Devil → The Winter Man → The Princess and the Goblin → The Ninja Princess → The Girl with the Metal Heart → Ravages → James and Lucia → Dude! Where's My Music? → The Garda Game → What Happened on East Street → Way of Life → Quello che sono → Hansel and Gretel in 3D → The Man Who Shows the Earth → Oggi è il domani di ieri → Ladder to the Sky → The Bronze Abstraction → Blitz → Il silenzio tra le cime → The Vacation → Blue Green Yellow Dead → Fight! → Conquest → La Malédiction des Tahu'a → Waiting for the Gaps → The Comic Book Girl → Flamenco Killer → On a Winter Night → The Prague Sonata → O Meu Mundo → Dark Portal → Martyrs' Crossing → Bridget Hitler → True Valour → Honours In Attendance → Hidden Threat → Into Darkness → West the Road → Mango → Kabul Jan → Dipak Calhoun → Esta noche moriré → The Electric Girl → Black Russian → A Sense of Inspiration → Vigilant: The Worst Enemy → For Love and Revolution → Falling for Icarus → Cutter → The Resort → Halftime Hero → A Note Forgotten → Blood, Love, Power → Tales from the Trap → The Cube → Empire of the Wolf → Chiaroscuro: Capturing My Father → Lost Dog → God Mother → The Accountant 2024 → Altas capacidades → Fall Distance → Even → Lécivé úcinky sebeklamu → Only Us → Subject: Point Alpha → Idiots Anonymous → The Cleaner → The Pale Blue Dot → Sacrilege → I Am Ghost → Lost Boy → The Secret Life of Dennis Vogler → Pilgr+image 1996-2026 → Sofia's Train → Genghis Khan - The Clash of Nations → Abysmal → Der Große Andere → A Cutter's Coffers → The Black Site → Dying to Live → Subvert → Kill the Writer → London Gangsters → Murder in the Winter Race → Kaninhullet → The Good Morning Samurai → Rhea → The Rise of a Supergod → Dynasties: France & Spain → Row → Giulio → Ruby Tuesday → The Laundry Club → Retribution → Flightmare → Stolen → Captain Silver → There Shall Be Light → Dossier 137 → How to Stop Time → The Gates → Dark Devices → Ctrl Z → Marburg → Finding Audrey → Untitled Football Film 2025 → Hirundinidae → A Morbid Fascination → Sweet Dolly → Short Stories from the Third Floor → White Friar → A Requiem for Desire → The Painful and Endless Death of Samuel Clark → Ghost Train → The Ruin → Atlantic Bridge → Kahina → Rude Awakening → Hólmganga → Man Down → An Artist → Them → Funayurei → My Thai → Les Filles de l'Océan → Extinct → Gypsy Dog → His Retribution → Benny and the Kids → Screwjob → The Judge of Harbor County Part II - The Bones of Nia → The Hidden Treasure of Glastonbury → Mosa → Aphrodite → A Nation Says Goodbye → The Other World - Darker Vers Realm Systems → Chervonyi. No Front Line → The Boy at the Altar, an Opera → Running with the Firm → The Family Remains → Zombie Diaries: Origins → Fall Factor → Min franska revolution → El buen salvaje → Genève/Dublin → SAMT → I Racconti del Mare → Emma's War → Dali → Maiden No More → Afterlife → Dystopian → The Grand Swim → Malcriado → El Beso Azul → Vaterland → Sham Love - Keep My Baby → Un film fatto per Bene → Masters and Vices → Voiced Over → Evie Bowman and the Rock from Mars → Notte di quiete → GB → Rosa & Dara and their Great Summer Adventure → Exit Paradise → Once upon a time we where kings → Massacre of Glencoe → Shadow of the sun → Sofia → Novak → African Wild Cats → Smula se lepi na Patu → The Power → In the Lost Lands → Crypto Gold Rush → The Nest → In Tents → A Random Baseplate → Wings → The Downfalls of Bungo → The Secret of Salone → Unreality → Hotel Room → All That Lives → Seville → Untitled Carl Fogarty project → Distanzen → Cop/Cam → Every Boy Wants a Toy Gun → The Girl Who Made Stars → Dick Turpin Esquire → A to Z → Datter → La Forêt ma Maison → L'amore è un cane che viene dall'inferno → Levels → Can You Hear Me? → Judgement → The Girl with Glass Feet → The Patron → Figli Perduti → Kärlek Fårever → The Resisters → The Wayfinder → Fire to Kill → TKKG 2 → Seraphyma → Facility 31 → Le Trace → Rebound → The Welsh Cariboo Adventure → The Incredible Snow Woman → Mysteries of Eleusis → Twenty Years A Growing → The Lost Pearl → Trawler → Valiant Hearts → Rapunzel's Revenge → Confessions of a Swedish Man → I Rarely Wake Up Dreaming → Unknown Master → Pink Elephants → The Quest for Vengeance → Film PI → The Watching Tree → Pill # 1618 → Everything Must Perish → Vampire United → Monster Butler → Beach → Consequences → Voievod → Cherchez La Femme → One More Day in the World → Fear of the Unknown → Unspeakably Wonderful → Vicious → Sweet Maddie Stone → Charlie's War → Hart und hartzlich → Principle → Solo una canción → Sweet Dreams → Enforcer → Gear → Barbaric → Crossfire → Pharism: The Prequel/Sequel to Vergo → Arru → The Red Light in Their Eyes → The Mouth FM → Die Gravitation der Liebe → Dead Man's Passport → How to Disappear Completely → Old Suffolk Boy → 11247 → Splitted Souls: Until I Find You Again → The Meat Business → Grazia → A Christmas Cop → Così, all'Improviso → Incursion → The Dad (Pabbinn) → Naughty → Skarpnabba → Doberman: Cops Blood Never Dries → Wartime Wanderers → The Residents → Vanguard → Childless → Welcome to the Moon → The Outsider → Miguel Mañara → Schama → Coup de Foudre à Yaoundé → Untitled Prendergast/Hartley Project → Intelligent Animals → Wurzeln und Flügel → L'Ordre Des Diamantaires → The Wing → A Time To Die → Rogue Player → Bone Walker → Green man Island → The Leprechauns → Prater Violet → I love her, but this shit is toxic → Paragate → Gold Fever → Projet Khuluma → The Chronoscope → The Wasters → The Curse → Lock In → Creaturae → Exterritorial → Kill Your Darlings → The Kid → We Have the President's Daughter → I Don't Know What to Say → For the Love of Penny Whistler → Mercer → Theresa immaculata → Nala & Stella → Animals of War → Keep your Secret! → Lo scambio → L'Alliance → Stag → Bigfoot vs Yeti → Faux Frères → Commander Frank → Trapped → Ibeji → The Great Battle of the Universe → Race X → Touché → Never Trust a Person Who Talks Too Much → Anatomy of the Sun → Winternähe → Adiós Cuba → The Man in the Box → Chris King's: This Is It → The Auditors → Fellini & Me → Une Vie de Violon → Generation City → Nisam takva → Siegfried and Roy → Killtown → Mauro Corona: la mia vita finché capita → Hannah → A Summer in Rockfield → The Last Light in LA → On Life → Crossing Borders → Zomford → Wiecej → Ride the Snake → Khan → Poryes, Porno → The Cow → Pauvre de nous → Thin Place → Untitled Snabba Cash Remake → The Sixth Monkey → Lolito → Little Boxes → Alley Cats → Come and Get Me → Darling Grace → Iris → Hunting Party → Goodbye Friends → Untitled Remake of Not Alone → The Hidden Light → La grande madre → Na horách → Of A Demon → Will → Par la force des choses → Laundry Service → The Dark Passenger → Nous sommes toutes des sourcières. → Zombiehäät ja muita tarinoita → Defiant → Kill Me Too → One Day in August → We Were Never Here → Pinocchio → House of Gold → Don't Open the Door → Hope and Fear (Charlie Castle's Story) → The Employees → Gingerbread → Evening of the Dead → The Tale of Two Swords → Off the Loop → Ascendance → Water from an Ancient Well → Riviera → Hemelsteutel → Sitting Under the Chestnut Tree → American English → Moonquake → Corruption → Nina → The Exorcism on Moon Creek → The Escape Route → Könige → Untitled Will Sharpe Project → United → The Duel → Divergence → Fry → The Cut → Romeo & Brittney → Aryan Papers → Old Bill → The Greatest Place to Live on Earth: Free → The Big Hope → The Opposite of Everything → The Man Who Was Thursday → During the Fire → White Lies → The Sword of Thyrus → Paradox → Mother Africa → La tournée → Il capitano → El Matador → GENESIS → Sergi & Irina - A Musical Film → Beware the Trojan Horse → Hello Stranger → Fight, Fire with Fire → The Meaning of Me → The Ghost of Harold Wilson → Beyond → Vegas Nights → The Oldies → Moon River → Food For Thought → Shaken → Inertia → Poker Face → Norward → Christmas Wish → Jake → Life of Hive → Dziadku, wiejemy! → The Passion → Finding Ervin → Maurice's Jubilee → House of Hell → Gorger → På Rett Spor → The Evil's Waste → 3 Steps from Justice → Lionheart → Easy Does It → The Grand Inquistor → Zompire → In the Shadows → NFT → Il Viaggio di Carta → Heroin to Hero → Rainer → Das Schwarze Haus → The Vegans are Coming → St. Nazaire! → Night Hiss → Thermae → Blinding Heights → God Forsaken → Justice → On Silver Heels → Nora → Rebel City → Pas de Deux → Sabbia e Nuvole → Hot Milk → La femme la plus riche du monde → Girls → Storm → 152 Days → The Awakening → Deepin the Deal Pt. 2: John Lennon - A Snapshot in Time → The Stranger → Breathe → The Secret Folk Dancer → ProTNT SuperMarioLogan Movie → Cain → Carloforte → The Cavanaugh Haunting → H-Block → The Films of the Brothers Quay → Les braises → A Shadowing of Angels → Ariella → Is de Foras → Ten Count → Marilyn, the Red Diary → Caged Souls → Redemption → Spore → 1997: Trouble & Tragedy → Untitled Anne Fontaine Film → Lizzie Walker Slept Here → Malgré tout → Killer Odds → The Prophet → The Decanonization of Reg Goatley → Les apôtres ne font pas crédit → Far Out & Groovy → Angels Four → Lily's Law → Zero → Harry's Island → Echogeddon Unleashed → Bright Lights Big City → The Thirty Nine Steps → The End of Romance → Pilgrim → Mutiny → Debout les filles! → Black Turban → Reset → Mort aux espions! → The Alternative → Consider Yourself → Once Upon a Time in the East End → Princess Catherine: Queen in Waiting → Austin Powers 4 → Havenhurst Town → Defenders Eternal → The Christmas Drum → Bee-Kept → Fartnado → The Great Boxer → At the End of War → Agharti → Untitled David Mason Documentary → CRIT! Cyber Party Massacre → Chariot → Mike Bassett: Interim Manager → Let Us Play → Persona → Breakdown → Klara: The Medium. → Black Bishop → Der lautlose Schrei → Caliban → Paracelsus → The Bridge → La Villa del Seis → The Greatest Place to Live on Earth: Too → Point of No Return → Landskrona → Hells Angels → Askaadia: The Forest Guardians → Masada → The Fire Within → Lost Weekend → La Princesa de Norman → The Light Fantastic → In the Maze → Copeland"
